
================================================================
  CICIDS2017 ML Pipeline
  Started: mer 24 giu 2026, 15:00:34, CEST
================================================================

>>> [1/3] PREPROCESSING
----------------------------------------------------------------

================================================================
  CICIDS2017 — PREPROCESSING SCRIPT
================================================================
  Started: 2026-06-24 15:00:35

  Cache already exists in data_cache/ — skipping preprocessing.
  (Delete data_cache/ and re-run to force reprocessing.)

================================================================
  PREPROCESSING SKIPPED
================================================================


>>> [2/3] HYPERPARAMETER TUNING
----------------------------------------------------------------

================================================================
  CICIDS2017 — TUNING SCRIPT
================================================================
  Started: 2026-06-24 15:00:36

  Loading cached arrays from data_cache/ …
  X shape     : (610492, 40)  dtype=float32
  y_binary    : (610492,)
  y_multiclass: (610492,)

================================================================
  TASK: BINARY
================================================================

  ────────────────────────────────────────────────────────
  Seed 42  |  task=binary
  ────────────────────────────────────────────────────────
  Train: 427,344 samples  |  Test: 183,148 samples

  [1/30] task=binary  seed=42  model=RandomForest

    ┌─ RandomForest [CPU]
    │  Fitting 20 candidates × 3 folds = 60 fits …
Fitting 3 folds for each of 20 candidates, totalling 60 fits
[CV] END max_depth=10, max_features=log2, min_samples_leaf=16, min_samples_split=10, n_estimators=100; total time=   2.4s
[CV] END max_depth=10, max_features=log2, min_samples_leaf=16, min_samples_split=10, n_estimators=100; total time=   2.4s
[CV] END max_depth=10, max_features=log2, min_samples_leaf=16, min_samples_split=10, n_estimators=100; total time=   2.3s
[CV] END max_depth=20, max_features=sqrt, min_samples_leaf=2, min_samples_split=15, n_estimators=700; total time=  17.7s
[CV] END max_depth=20, max_features=sqrt, min_samples_leaf=2, min_samples_split=15, n_estimators=700; total time=  18.2s
[CV] END max_depth=20, max_features=sqrt, min_samples_leaf=2, min_samples_split=15, n_estimators=700; total time=  17.6s
[CV] END max_depth=10, max_features=0.6, min_samples_leaf=1, min_samples_split=5, n_estimators=100; total time=   9.7s
[CV] END max_depth=10, max_features=0.6, min_samples_leaf=1, min_samples_split=5, n_estimators=100; total time=  10.0s
[CV] END max_depth=10, max_features=0.6, min_samples_leaf=1, min_samples_split=5, n_estimators=100; total time=  10.2s
[CV] END max_depth=10, max_features=0.4, min_samples_leaf=8, min_samples_split=20, n_estimators=100; total time=   6.5s
[CV] END max_depth=10, max_features=0.4, min_samples_leaf=8, min_samples_split=20, n_estimators=100; total time=   6.9s
[CV] END max_depth=10, max_features=0.4, min_samples_leaf=8, min_samples_split=20, n_estimators=100; total time=   6.8s
[CV] END max_depth=50, max_features=0.6, min_samples_leaf=8, min_samples_split=15, n_estimators=300; total time=  37.0s
[CV] END max_depth=50, max_features=0.6, min_samples_leaf=8, min_samples_split=15, n_estimators=300; total time=  38.2s
[CV] END max_depth=50, max_features=0.6, min_samples_leaf=8, min_samples_split=15, n_estimators=300; total time=  39.8s
[CV] END max_depth=20, max_features=0.4, min_samples_leaf=1, min_samples_split=10, n_estimators=500; total time=  38.7s
[CV] END max_depth=20, max_features=0.4, min_samples_leaf=1, min_samples_split=10, n_estimators=500; total time=  39.2s
[CV] END max_depth=20, max_features=0.4, min_samples_leaf=1, min_samples_split=10, n_estimators=500; total time=  39.4s
[CV] END max_depth=30, max_features=0.2, min_samples_leaf=2, min_samples_split=15, n_estimators=700; total time=  24.2s
[CV] END max_depth=30, max_features=0.2, min_samples_leaf=2, min_samples_split=15, n_estimators=700; total time=  24.7s
[CV] END max_depth=30, max_features=0.2, min_samples_leaf=2, min_samples_split=15, n_estimators=700; total time=  24.4s
[CV] END max_depth=None, max_features=0.4, min_samples_leaf=8, min_samples_split=15, n_estimators=200; total time=  15.5s
[CV] END max_depth=None, max_features=0.4, min_samples_leaf=8, min_samples_split=15, n_estimators=200; total time=  15.8s
[CV] END max_depth=None, max_features=0.4, min_samples_leaf=8, min_samples_split=15, n_estimators=200; total time=  16.5s
[CV] END max_depth=10, max_features=0.6, min_samples_leaf=16, min_samples_split=10, n_estimators=500; total time=  45.6s
[CV] END max_depth=10, max_features=0.6, min_samples_leaf=16, min_samples_split=10, n_estimators=500; total time=  46.6s
[CV] END max_depth=10, max_features=0.6, min_samples_leaf=16, min_samples_split=10, n_estimators=500; total time=  46.6s
[CV] END max_depth=None, max_features=0.2, min_samples_leaf=8, min_samples_split=5, n_estimators=100; total time=   3.7s
[CV] END max_depth=None, max_features=0.2, min_samples_leaf=8, min_samples_split=5, n_estimators=100; total time=   3.9s
[CV] END max_depth=None, max_features=0.2, min_samples_leaf=8, min_samples_split=5, n_estimators=100; total time=   3.9s
[CV] END max_depth=20, max_features=log2, min_samples_leaf=16, min_samples_split=5, n_estimators=300; total time=   6.4s
[CV] END max_depth=20, max_features=log2, min_samples_leaf=16, min_samples_split=5, n_estimators=300; total time=   6.6s
[CV] END max_depth=20, max_features=log2, min_samples_leaf=16, min_samples_split=5, n_estimators=300; total time=   6.4s
[CV] END max_depth=30, max_features=0.2, min_samples_leaf=1, min_samples_split=10, n_estimators=100; total time=   4.0s
[CV] END max_depth=30, max_features=0.2, min_samples_leaf=1, min_samples_split=10, n_estimators=100; total time=   4.0s
[CV] END max_depth=30, max_features=0.2, min_samples_leaf=1, min_samples_split=10, n_estimators=100; total time=   3.8s
[CV] END max_depth=50, max_features=0.4, min_samples_leaf=2, min_samples_split=15, n_estimators=700; total time=  53.1s
[CV] END max_depth=50, max_features=0.4, min_samples_leaf=2, min_samples_split=15, n_estimators=700; total time=  54.3s
[CV] END max_depth=50, max_features=0.4, min_samples_leaf=2, min_samples_split=15, n_estimators=700; total time=  54.5s
[CV] END max_depth=None, max_features=log2, min_samples_leaf=1, min_samples_split=5, n_estimators=100; total time=   2.4s
[CV] END max_depth=None, max_features=log2, min_samples_leaf=1, min_samples_split=5, n_estimators=100; total time=   2.5s
[CV] END max_depth=None, max_features=log2, min_samples_leaf=1, min_samples_split=5, n_estimators=100; total time=   2.5s
[CV] END max_depth=20, max_features=0.4, min_samples_leaf=4, min_samples_split=10, n_estimators=100; total time=   8.1s
[CV] END max_depth=20, max_features=0.4, min_samples_leaf=4, min_samples_split=10, n_estimators=100; total time=   8.5s
[CV] END max_depth=20, max_features=0.4, min_samples_leaf=4, min_samples_split=10, n_estimators=100; total time=   8.6s
[CV] END max_depth=10, max_features=log2, min_samples_leaf=1, min_samples_split=15, n_estimators=700; total time=  14.2s
[CV] END max_depth=10, max_features=log2, min_samples_leaf=1, min_samples_split=15, n_estimators=700; total time=  14.3s
[CV] END max_depth=10, max_features=log2, min_samples_leaf=1, min_samples_split=15, n_estimators=700; total time=  14.0s
[CV] END max_depth=30, max_features=0.6, min_samples_leaf=1, min_samples_split=15, n_estimators=200; total time=  25.0s
[CV] END max_depth=30, max_features=0.6, min_samples_leaf=1, min_samples_split=15, n_estimators=200; total time=  26.0s
[CV] END max_depth=30, max_features=0.6, min_samples_leaf=1, min_samples_split=15, n_estimators=200; total time=  26.6s
[CV] END max_depth=20, max_features=0.2, min_samples_leaf=1, min_samples_split=15, n_estimators=100; total time=   4.0s
[CV] END max_depth=20, max_features=0.2, min_samples_leaf=1, min_samples_split=15, n_estimators=100; total time=   4.0s
[CV] END max_depth=20, max_features=0.2, min_samples_leaf=1, min_samples_split=15, n_estimators=100; total time=   3.8s
[CV] END max_depth=50, max_features=0.2, min_samples_leaf=16, min_samples_split=2, n_estimators=500; total time=  17.2s
[CV] END max_depth=50, max_features=0.2, min_samples_leaf=16, min_samples_split=2, n_estimators=500; total time=  17.3s
[CV] END max_depth=50, max_features=0.2, min_samples_leaf=16, min_samples_split=2, n_estimators=500; total time=  17.2s
[CV] END max_depth=30, max_features=0.6, min_samples_leaf=4, min_samples_split=5, n_estimators=500; total time= 1.0min
[CV] END max_depth=30, max_features=0.6, min_samples_leaf=4, min_samples_split=5, n_estimators=500; total time= 1.0min
[CV] END max_depth=30, max_features=0.6, min_samples_leaf=4, min_samples_split=5, n_estimators=500; total time= 1.1min
    │  Best CV F1-weighted : 0.999675
    │  Best params         : {'n_estimators': 500, 'min_samples_split': 10, 'min_samples_leaf': 1, 'max_features': 0.4, 'max_depth': 20}
    │  Total tuning time   : 1278.4s
    └─ Saved: models/binary_seed42_RandomForest.pkl

  [2/30] task=binary  seed=42  model=XGBoost

    ┌─ XGBoost [GPU]
    │  Fitting 20 candidates × 3 folds = 60 fits …
Fitting 3 folds for each of 20 candidates, totalling 60 fits
[CV] END colsample_bytree=0.8, gamma=0.05, learning_rate=0.2, max_depth=3, n_estimators=500, subsample=0.5; total time=   1.8s
[CV] END colsample_bytree=0.8, gamma=0.05, learning_rate=0.2, max_depth=3, n_estimators=500, subsample=0.5; total time=   1.3s
[CV] END colsample_bytree=0.8, gamma=0.05, learning_rate=0.2, max_depth=3, n_estimators=500, subsample=0.5; total time=   1.3s
[CV] END colsample_bytree=0.5, gamma=0.05, learning_rate=0.05, max_depth=12, n_estimators=300, subsample=0.5; total time=   1.7s
[CV] END colsample_bytree=0.5, gamma=0.05, learning_rate=0.05, max_depth=12, n_estimators=300, subsample=0.5; total time=   1.6s
[CV] END colsample_bytree=0.5, gamma=0.05, learning_rate=0.05, max_depth=12, n_estimators=300, subsample=0.5; total time=   1.6s
[CV] END colsample_bytree=0.6, gamma=0.5, learning_rate=0.2, max_depth=3, n_estimators=400, subsample=0.5; total time=   1.1s
[CV] END colsample_bytree=0.6, gamma=0.5, learning_rate=0.2, max_depth=3, n_estimators=400, subsample=0.5; total time=   1.0s
[CV] END colsample_bytree=0.6, gamma=0.5, learning_rate=0.2, max_depth=3, n_estimators=400, subsample=0.5; total time=   1.0s
[CV] END colsample_bytree=1.0, gamma=0.05, learning_rate=0.1, max_depth=5, n_estimators=400, subsample=0.9; total time=   1.4s
[CV] END colsample_bytree=1.0, gamma=0.05, learning_rate=0.1, max_depth=5, n_estimators=400, subsample=0.9; total time=   1.4s
[CV] END colsample_bytree=1.0, gamma=0.05, learning_rate=0.1, max_depth=5, n_estimators=400, subsample=0.9; total time=   1.4s
[CV] END colsample_bytree=0.6, gamma=0.5, learning_rate=0.05, max_depth=7, n_estimators=400, subsample=0.6; total time=   1.6s
[CV] END colsample_bytree=0.6, gamma=0.5, learning_rate=0.05, max_depth=7, n_estimators=400, subsample=0.6; total time=   1.5s
[CV] END colsample_bytree=0.6, gamma=0.5, learning_rate=0.05, max_depth=7, n_estimators=400, subsample=0.6; total time=   1.5s
[CV] END colsample_bytree=0.9, gamma=1.0, learning_rate=0.01, max_depth=9, n_estimators=300, subsample=1.0; total time=   1.6s
[CV] END colsample_bytree=0.9, gamma=1.0, learning_rate=0.01, max_depth=9, n_estimators=300, subsample=1.0; total time=   1.6s
[CV] END colsample_bytree=0.9, gamma=1.0, learning_rate=0.01, max_depth=9, n_estimators=300, subsample=1.0; total time=   1.6s
[CV] END colsample_bytree=0.9, gamma=0.5, learning_rate=0.01, max_depth=5, n_estimators=200, subsample=1.0; total time=   0.8s
[CV] END colsample_bytree=0.9, gamma=0.5, learning_rate=0.01, max_depth=5, n_estimators=200, subsample=1.0; total time=   0.7s
[CV] END colsample_bytree=0.9, gamma=0.5, learning_rate=0.01, max_depth=5, n_estimators=200, subsample=1.0; total time=   0.7s
[CV] END colsample_bytree=0.6, gamma=1.0, learning_rate=0.01, max_depth=12, n_estimators=200, subsample=1.0; total time=   1.4s
[CV] END colsample_bytree=0.6, gamma=1.0, learning_rate=0.01, max_depth=12, n_estimators=200, subsample=1.0; total time=   1.3s
[CV] END colsample_bytree=0.6, gamma=1.0, learning_rate=0.01, max_depth=12, n_estimators=200, subsample=1.0; total time=   1.3s
[CV] END colsample_bytree=0.8, gamma=0, learning_rate=0.01, max_depth=3, n_estimators=400, subsample=0.5; total time=   1.1s
[CV] END colsample_bytree=0.8, gamma=0, learning_rate=0.01, max_depth=3, n_estimators=400, subsample=0.5; total time=   1.0s
[CV] END colsample_bytree=0.8, gamma=0, learning_rate=0.01, max_depth=3, n_estimators=400, subsample=0.5; total time=   1.0s
[CV] END colsample_bytree=0.5, gamma=0, learning_rate=0.2, max_depth=9, n_estimators=400, subsample=0.6; total time=   1.8s
[CV] END colsample_bytree=0.5, gamma=0, learning_rate=0.2, max_depth=9, n_estimators=400, subsample=0.6; total time=   1.8s
[CV] END colsample_bytree=0.5, gamma=0, learning_rate=0.2, max_depth=9, n_estimators=400, subsample=0.6; total time=   1.7s
[CV] END colsample_bytree=1.0, gamma=0.05, learning_rate=0.2, max_depth=5, n_estimators=100, subsample=0.6; total time=   0.5s
[CV] END colsample_bytree=1.0, gamma=0.05, learning_rate=0.2, max_depth=5, n_estimators=100, subsample=0.6; total time=   0.5s
[CV] END colsample_bytree=1.0, gamma=0.05, learning_rate=0.2, max_depth=5, n_estimators=100, subsample=0.6; total time=   0.5s
[CV] END colsample_bytree=0.6, gamma=0.1, learning_rate=0.01, max_depth=7, n_estimators=100, subsample=0.6; total time=   0.6s
[CV] END colsample_bytree=0.6, gamma=0.1, learning_rate=0.01, max_depth=7, n_estimators=100, subsample=0.6; total time=   0.6s
[CV] END colsample_bytree=0.6, gamma=0.1, learning_rate=0.01, max_depth=7, n_estimators=100, subsample=0.6; total time=   0.6s
[CV] END colsample_bytree=0.6, gamma=0.5, learning_rate=0.3, max_depth=9, n_estimators=100, subsample=0.9; total time=   0.5s
[CV] END colsample_bytree=0.6, gamma=0.5, learning_rate=0.3, max_depth=9, n_estimators=100, subsample=0.9; total time=   0.5s
[CV] END colsample_bytree=0.6, gamma=0.5, learning_rate=0.3, max_depth=9, n_estimators=100, subsample=0.9; total time=   0.5s
[CV] END colsample_bytree=1.0, gamma=0.5, learning_rate=0.01, max_depth=5, n_estimators=500, subsample=0.9; total time=   1.7s
[CV] END colsample_bytree=1.0, gamma=0.5, learning_rate=0.01, max_depth=5, n_estimators=500, subsample=0.9; total time=   1.6s
[CV] END colsample_bytree=1.0, gamma=0.5, learning_rate=0.01, max_depth=5, n_estimators=500, subsample=0.9; total time=   1.6s
[CV] END colsample_bytree=0.9, gamma=0.5, learning_rate=0.2, max_depth=3, n_estimators=300, subsample=0.6; total time=   0.8s
[CV] END colsample_bytree=0.9, gamma=0.5, learning_rate=0.2, max_depth=3, n_estimators=300, subsample=0.6; total time=   0.8s
[CV] END colsample_bytree=0.9, gamma=0.5, learning_rate=0.2, max_depth=3, n_estimators=300, subsample=0.6; total time=   0.8s
[CV] END colsample_bytree=0.9, gamma=0.5, learning_rate=0.01, max_depth=12, n_estimators=300, subsample=0.9; total time=   1.9s
[CV] END colsample_bytree=0.9, gamma=0.5, learning_rate=0.01, max_depth=12, n_estimators=300, subsample=0.9; total time=   1.9s
[CV] END colsample_bytree=0.9, gamma=0.5, learning_rate=0.01, max_depth=12, n_estimators=300, subsample=0.9; total time=   1.9s
[CV] END colsample_bytree=0.9, gamma=0.1, learning_rate=0.2, max_depth=12, n_estimators=300, subsample=0.6; total time=   1.4s
[CV] END colsample_bytree=0.9, gamma=0.1, learning_rate=0.2, max_depth=12, n_estimators=300, subsample=0.6; total time=   1.4s
[CV] END colsample_bytree=0.9, gamma=0.1, learning_rate=0.2, max_depth=12, n_estimators=300, subsample=0.6; total time=   1.3s
[CV] END colsample_bytree=0.8, gamma=0.5, learning_rate=0.05, max_depth=7, n_estimators=500, subsample=0.8; total time=   1.8s
[CV] END colsample_bytree=0.8, gamma=0.5, learning_rate=0.05, max_depth=7, n_estimators=500, subsample=0.8; total time=   1.8s
[CV] END colsample_bytree=0.8, gamma=0.5, learning_rate=0.05, max_depth=7, n_estimators=500, subsample=0.8; total time=   1.8s
[CV] END colsample_bytree=0.5, gamma=0.1, learning_rate=0.2, max_depth=7, n_estimators=300, subsample=0.5; total time=   1.3s
[CV] END colsample_bytree=0.5, gamma=0.1, learning_rate=0.2, max_depth=7, n_estimators=300, subsample=0.5; total time=   1.3s
[CV] END colsample_bytree=0.5, gamma=0.1, learning_rate=0.2, max_depth=7, n_estimators=300, subsample=0.5; total time=   1.3s
[CV] END colsample_bytree=0.5, gamma=0.05, learning_rate=0.05, max_depth=3, n_estimators=400, subsample=1.0; total time=   1.1s
[CV] END colsample_bytree=0.5, gamma=0.05, learning_rate=0.05, max_depth=3, n_estimators=400, subsample=1.0; total time=   1.0s
[CV] END colsample_bytree=0.5, gamma=0.05, learning_rate=0.05, max_depth=3, n_estimators=400, subsample=1.0; total time=   1.0s
    │  Best CV F1-weighted : 0.999747
    │  Best params         : {'subsample': 0.6, 'n_estimators': 400, 'max_depth': 7, 'learning_rate': 0.05, 'gamma': 0.5, 'colsample_bytree': 0.6}
    │  Total tuning time   : 76.8s
    └─ Saved: models/binary_seed42_XGBoost.pkl

  [3/30] task=binary  seed=42  model=DecisionTree

    ┌─ DecisionTree [CPU]
    │  Fitting 20 candidates × 3 folds = 60 fits …
Fitting 3 folds for each of 20 candidates, totalling 60 fits
[CV] END criterion=entropy, max_depth=10, min_samples_leaf=2, min_samples_split=2, splitter=random; total time=   0.5s
[CV] END criterion=entropy, max_depth=10, min_samples_leaf=2, min_samples_split=2, splitter=random; total time=   0.4s
[CV] END criterion=entropy, max_depth=10, min_samples_leaf=2, min_samples_split=2, splitter=random; total time=   0.4s
[CV] END criterion=gini, max_depth=5, min_samples_leaf=4, min_samples_split=5, splitter=random; total time=   0.4s
[CV] END criterion=gini, max_depth=5, min_samples_leaf=4, min_samples_split=5, splitter=random; total time=   0.4s
[CV] END criterion=gini, max_depth=5, min_samples_leaf=4, min_samples_split=5, splitter=random; total time=   0.4s
[CV] END criterion=entropy, max_depth=10, min_samples_leaf=4, min_samples_split=10, splitter=best; total time=   3.8s
[CV] END criterion=entropy, max_depth=10, min_samples_leaf=4, min_samples_split=10, splitter=best; total time=   3.6s
[CV] END criterion=entropy, max_depth=10, min_samples_leaf=4, min_samples_split=10, splitter=best; total time=   3.7s
[CV] END criterion=gini, max_depth=20, min_samples_leaf=1, min_samples_split=10, splitter=random; total time=   0.5s
[CV] END criterion=gini, max_depth=20, min_samples_leaf=1, min_samples_split=10, splitter=random; total time=   0.5s
[CV] END criterion=gini, max_depth=20, min_samples_leaf=1, min_samples_split=10, splitter=random; total time=   0.5s
[CV] END criterion=gini, max_depth=10, min_samples_leaf=1, min_samples_split=10, splitter=best; total time=   3.7s
[CV] END criterion=gini, max_depth=10, min_samples_leaf=1, min_samples_split=10, splitter=best; total time=   3.9s
[CV] END criterion=gini, max_depth=10, min_samples_leaf=1, min_samples_split=10, splitter=best; total time=   3.8s
[CV] END criterion=entropy, max_depth=10, min_samples_leaf=16, min_samples_split=10, splitter=best; total time=   3.9s
[CV] END criterion=entropy, max_depth=10, min_samples_leaf=16, min_samples_split=10, splitter=best; total time=   3.7s
[CV] END criterion=entropy, max_depth=10, min_samples_leaf=16, min_samples_split=10, splitter=best; total time=   3.7s
[CV] END criterion=entropy, max_depth=10, min_samples_leaf=4, min_samples_split=20, splitter=random; total time=   0.4s
[CV] END criterion=entropy, max_depth=10, min_samples_leaf=4, min_samples_split=20, splitter=random; total time=   0.5s
[CV] END criterion=entropy, max_depth=10, min_samples_leaf=4, min_samples_split=20, splitter=random; total time=   0.5s
[CV] END criterion=gini, max_depth=10, min_samples_leaf=4, min_samples_split=10, splitter=best; total time=   3.7s
[CV] END criterion=gini, max_depth=10, min_samples_leaf=4, min_samples_split=10, splitter=best; total time=   3.8s
[CV] END criterion=gini, max_depth=10, min_samples_leaf=4, min_samples_split=10, splitter=best; total time=   3.9s
[CV] END criterion=gini, max_depth=5, min_samples_leaf=2, min_samples_split=50, splitter=best; total time=   2.2s
[CV] END criterion=gini, max_depth=5, min_samples_leaf=2, min_samples_split=50, splitter=best; total time=   2.3s
[CV] END criterion=gini, max_depth=5, min_samples_leaf=2, min_samples_split=50, splitter=best; total time=   2.2s
[CV] END criterion=entropy, max_depth=30, min_samples_leaf=1, min_samples_split=2, splitter=best; total time=   4.0s
[CV] END criterion=entropy, max_depth=30, min_samples_leaf=1, min_samples_split=2, splitter=best; total time=   3.9s
[CV] END criterion=entropy, max_depth=30, min_samples_leaf=1, min_samples_split=2, splitter=best; total time=   3.7s
[CV] END criterion=gini, max_depth=None, min_samples_leaf=1, min_samples_split=50, splitter=random; total time=   0.5s
[CV] END criterion=gini, max_depth=None, min_samples_leaf=1, min_samples_split=50, splitter=random; total time=   0.5s
[CV] END criterion=gini, max_depth=None, min_samples_leaf=1, min_samples_split=50, splitter=random; total time=   0.5s
[CV] END criterion=gini, max_depth=20, min_samples_leaf=16, min_samples_split=10, splitter=best; total time=   5.4s
[CV] END criterion=gini, max_depth=20, min_samples_leaf=16, min_samples_split=10, splitter=best; total time=   6.1s
[CV] END criterion=gini, max_depth=20, min_samples_leaf=16, min_samples_split=10, splitter=best; total time=   6.1s
[CV] END criterion=entropy, max_depth=20, min_samples_leaf=1, min_samples_split=20, splitter=best; total time=   3.9s
[CV] END criterion=entropy, max_depth=20, min_samples_leaf=1, min_samples_split=20, splitter=best; total time=   3.8s
[CV] END criterion=entropy, max_depth=20, min_samples_leaf=1, min_samples_split=20, splitter=best; total time=   3.7s
[CV] END criterion=gini, max_depth=5, min_samples_leaf=8, min_samples_split=10, splitter=best; total time=   2.2s
[CV] END criterion=gini, max_depth=5, min_samples_leaf=8, min_samples_split=10, splitter=best; total time=   2.2s
[CV] END criterion=gini, max_depth=5, min_samples_leaf=8, min_samples_split=10, splitter=best; total time=   2.2s
[CV] END criterion=entropy, max_depth=10, min_samples_leaf=4, min_samples_split=2, splitter=random; total time=   0.4s
[CV] END criterion=entropy, max_depth=10, min_samples_leaf=4, min_samples_split=2, splitter=random; total time=   0.5s
[CV] END criterion=entropy, max_depth=10, min_samples_leaf=4, min_samples_split=2, splitter=random; total time=   0.4s
[CV] END criterion=entropy, max_depth=10, min_samples_leaf=8, min_samples_split=50, splitter=best; total time=   3.8s
[CV] END criterion=entropy, max_depth=10, min_samples_leaf=8, min_samples_split=50, splitter=best; total time=   3.7s
[CV] END criterion=entropy, max_depth=10, min_samples_leaf=8, min_samples_split=50, splitter=best; total time=   3.8s
[CV] END criterion=entropy, max_depth=30, min_samples_leaf=16, min_samples_split=10, splitter=random; total time=   0.4s
[CV] END criterion=entropy, max_depth=30, min_samples_leaf=16, min_samples_split=10, splitter=random; total time=   0.5s
[CV] END criterion=entropy, max_depth=30, min_samples_leaf=16, min_samples_split=10, splitter=random; total time=   0.5s
[CV] END criterion=gini, max_depth=None, min_samples_leaf=8, min_samples_split=2, splitter=best; total time=   5.6s
[CV] END criterion=gini, max_depth=None, min_samples_leaf=8, min_samples_split=2, splitter=best; total time=   6.4s
[CV] END criterion=gini, max_depth=None, min_samples_leaf=8, min_samples_split=2, splitter=best; total time=   6.2s
[CV] END criterion=entropy, max_depth=5, min_samples_leaf=2, min_samples_split=20, splitter=best; total time=   2.5s
[CV] END criterion=entropy, max_depth=5, min_samples_leaf=2, min_samples_split=20, splitter=best; total time=   2.5s
[CV] END criterion=entropy, max_depth=5, min_samples_leaf=2, min_samples_split=20, splitter=best; total time=   2.5s
[CV] END criterion=entropy, max_depth=20, min_samples_leaf=1, min_samples_split=50, splitter=best; total time=   4.0s
[CV] END criterion=entropy, max_depth=20, min_samples_leaf=1, min_samples_split=50, splitter=best; total time=   3.8s
[CV] END criterion=entropy, max_depth=20, min_samples_leaf=1, min_samples_split=50, splitter=best; total time=   3.7s
    │  Best CV F1-weighted : 0.999471
    │  Best params         : {'splitter': 'best', 'min_samples_split': 20, 'min_samples_leaf': 1, 'max_depth': 20, 'criterion': 'entropy'}
    │  Total tuning time   : 163.2s
    └─ Saved: models/binary_seed42_DecisionTree.pkl

  ────────────────────────────────────────────────────────
  Seed 43  |  task=binary
  ────────────────────────────────────────────────────────
  Train: 427,344 samples  |  Test: 183,148 samples

  [4/30] task=binary  seed=43  model=RandomForest

    ┌─ RandomForest [CPU]
    │  Fitting 20 candidates × 3 folds = 60 fits …
Fitting 3 folds for each of 20 candidates, totalling 60 fits
[CV] END max_depth=20, max_features=0.6, min_samples_leaf=16, min_samples_split=10, n_estimators=100; total time=  13.7s
[CV] END max_depth=20, max_features=0.6, min_samples_leaf=16, min_samples_split=10, n_estimators=100; total time=  13.1s
[CV] END max_depth=20, max_features=0.6, min_samples_leaf=16, min_samples_split=10, n_estimators=100; total time=  13.2s
[CV] END max_depth=30, max_features=0.4, min_samples_leaf=4, min_samples_split=2, n_estimators=500; total time=  38.0s
[CV] END max_depth=30, max_features=0.4, min_samples_leaf=4, min_samples_split=2, n_estimators=500; total time=  37.9s
[CV] END max_depth=30, max_features=0.4, min_samples_leaf=4, min_samples_split=2, n_estimators=500; total time=  38.0s
[CV] END max_depth=30, max_features=0.4, min_samples_leaf=8, min_samples_split=2, n_estimators=100; total time=   8.4s
[CV] END max_depth=30, max_features=0.4, min_samples_leaf=8, min_samples_split=2, n_estimators=100; total time=   8.4s
[CV] END max_depth=30, max_features=0.4, min_samples_leaf=8, min_samples_split=2, n_estimators=100; total time=   8.4s
[CV] END max_depth=30, max_features=log2, min_samples_leaf=16, min_samples_split=5, n_estimators=200; total time=   4.6s
[CV] END max_depth=30, max_features=log2, min_samples_leaf=16, min_samples_split=5, n_estimators=200; total time=   4.5s
[CV] END max_depth=30, max_features=log2, min_samples_leaf=16, min_samples_split=5, n_estimators=200; total time=   4.5s
[CV] END max_depth=30, max_features=log2, min_samples_leaf=4, min_samples_split=10, n_estimators=700; total time=  15.1s
[CV] END max_depth=30, max_features=log2, min_samples_leaf=4, min_samples_split=10, n_estimators=700; total time=  15.0s
[CV] END max_depth=30, max_features=log2, min_samples_leaf=4, min_samples_split=10, n_estimators=700; total time=  15.1s
[CV] END max_depth=None, max_features=0.2, min_samples_leaf=4, min_samples_split=5, n_estimators=300; total time=  10.6s
[CV] END max_depth=None, max_features=0.2, min_samples_leaf=4, min_samples_split=5, n_estimators=300; total time=  11.0s
[CV] END max_depth=None, max_features=0.2, min_samples_leaf=4, min_samples_split=5, n_estimators=300; total time=  10.5s
[CV] END max_depth=10, max_features=sqrt, min_samples_leaf=2, min_samples_split=5, n_estimators=300; total time=   7.4s
[CV] END max_depth=10, max_features=sqrt, min_samples_leaf=2, min_samples_split=5, n_estimators=300; total time=   7.4s
[CV] END max_depth=10, max_features=sqrt, min_samples_leaf=2, min_samples_split=5, n_estimators=300; total time=   7.4s
[CV] END max_depth=10, max_features=0.6, min_samples_leaf=8, min_samples_split=10, n_estimators=200; total time=  18.2s
[CV] END max_depth=10, max_features=0.6, min_samples_leaf=8, min_samples_split=10, n_estimators=200; total time=  18.6s
[CV] END max_depth=10, max_features=0.6, min_samples_leaf=8, min_samples_split=10, n_estimators=200; total time=  18.8s
[CV] END max_depth=10, max_features=0.2, min_samples_leaf=1, min_samples_split=2, n_estimators=500; total time=  15.9s
[CV] END max_depth=10, max_features=0.2, min_samples_leaf=1, min_samples_split=2, n_estimators=500; total time=  15.8s
[CV] END max_depth=10, max_features=0.2, min_samples_leaf=1, min_samples_split=2, n_estimators=500; total time=  15.8s
[CV] END max_depth=20, max_features=log2, min_samples_leaf=4, min_samples_split=10, n_estimators=500; total time=  10.9s
[CV] END max_depth=20, max_features=log2, min_samples_leaf=4, min_samples_split=10, n_estimators=500; total time=  10.8s
[CV] END max_depth=20, max_features=log2, min_samples_leaf=4, min_samples_split=10, n_estimators=500; total time=  10.8s
[CV] END max_depth=50, max_features=0.4, min_samples_leaf=2, min_samples_split=2, n_estimators=500; total time=  37.7s
[CV] END max_depth=50, max_features=0.4, min_samples_leaf=2, min_samples_split=2, n_estimators=500; total time=  38.5s
[CV] END max_depth=50, max_features=0.4, min_samples_leaf=2, min_samples_split=2, n_estimators=500; total time=  38.1s
[CV] END max_depth=None, max_features=0.2, min_samples_leaf=4, min_samples_split=20, n_estimators=100; total time=   3.9s
[CV] END max_depth=None, max_features=0.2, min_samples_leaf=4, min_samples_split=20, n_estimators=100; total time=   3.8s
[CV] END max_depth=None, max_features=0.2, min_samples_leaf=4, min_samples_split=20, n_estimators=100; total time=   3.9s
[CV] END max_depth=10, max_features=log2, min_samples_leaf=4, min_samples_split=2, n_estimators=500; total time=  10.4s
[CV] END max_depth=10, max_features=log2, min_samples_leaf=4, min_samples_split=2, n_estimators=500; total time=  10.4s
[CV] END max_depth=10, max_features=log2, min_samples_leaf=4, min_samples_split=2, n_estimators=500; total time=  10.2s
[CV] END max_depth=None, max_features=0.4, min_samples_leaf=1, min_samples_split=2, n_estimators=700; total time=  52.9s
[CV] END max_depth=None, max_features=0.4, min_samples_leaf=1, min_samples_split=2, n_estimators=700; total time=  53.0s
[CV] END max_depth=None, max_features=0.4, min_samples_leaf=1, min_samples_split=2, n_estimators=700; total time=  53.6s
[CV] END max_depth=None, max_features=0.4, min_samples_leaf=8, min_samples_split=5, n_estimators=700; total time=  52.9s
[CV] END max_depth=None, max_features=0.4, min_samples_leaf=8, min_samples_split=5, n_estimators=700; total time=  52.8s
[CV] END max_depth=None, max_features=0.4, min_samples_leaf=8, min_samples_split=5, n_estimators=700; total time=  52.1s
[CV] END max_depth=10, max_features=0.4, min_samples_leaf=16, min_samples_split=10, n_estimators=500; total time=  30.4s
[CV] END max_depth=10, max_features=0.4, min_samples_leaf=16, min_samples_split=10, n_estimators=500; total time=  30.8s
[CV] END max_depth=10, max_features=0.4, min_samples_leaf=16, min_samples_split=10, n_estimators=500; total time=  30.7s
[CV] END max_depth=20, max_features=log2, min_samples_leaf=8, min_samples_split=20, n_estimators=500; total time=  10.7s
[CV] END max_depth=20, max_features=log2, min_samples_leaf=8, min_samples_split=20, n_estimators=500; total time=  10.9s
[CV] END max_depth=20, max_features=log2, min_samples_leaf=8, min_samples_split=20, n_estimators=500; total time=  10.8s
[CV] END max_depth=20, max_features=log2, min_samples_leaf=1, min_samples_split=15, n_estimators=200; total time=   4.6s
[CV] END max_depth=20, max_features=log2, min_samples_leaf=1, min_samples_split=15, n_estimators=200; total time=   4.6s
[CV] END max_depth=20, max_features=log2, min_samples_leaf=1, min_samples_split=15, n_estimators=200; total time=   4.6s
[CV] END max_depth=10, max_features=log2, min_samples_leaf=8, min_samples_split=15, n_estimators=500; total time=  10.4s
[CV] END max_depth=10, max_features=log2, min_samples_leaf=8, min_samples_split=15, n_estimators=500; total time=  10.3s
[CV] END max_depth=10, max_features=log2, min_samples_leaf=8, min_samples_split=15, n_estimators=500; total time=  10.1s
[CV] END max_depth=10, max_features=sqrt, min_samples_leaf=8, min_samples_split=5, n_estimators=200; total time=   5.0s
[CV] END max_depth=10, max_features=sqrt, min_samples_leaf=8, min_samples_split=5, n_estimators=200; total time=   5.0s
[CV] END max_depth=10, max_features=sqrt, min_samples_leaf=8, min_samples_split=5, n_estimators=200; total time=   4.9s
    │  Best CV F1-weighted : 0.999672
    │  Best params         : {'n_estimators': 500, 'min_samples_split': 2, 'min_samples_leaf': 2, 'max_features': 0.4, 'max_depth': 50}
    │  Total tuning time   : 1151.1s
    └─ Saved: models/binary_seed43_RandomForest.pkl

  [5/30] task=binary  seed=43  model=XGBoost

    ┌─ XGBoost [GPU]
    │  Fitting 20 candidates × 3 folds = 60 fits …
Fitting 3 folds for each of 20 candidates, totalling 60 fits
[CV] END colsample_bytree=1.0, gamma=0.1, learning_rate=0.2, max_depth=3, n_estimators=500, subsample=0.9; total time=   1.4s
[CV] END colsample_bytree=1.0, gamma=0.1, learning_rate=0.2, max_depth=3, n_estimators=500, subsample=0.9; total time=   1.3s
[CV] END colsample_bytree=1.0, gamma=0.1, learning_rate=0.2, max_depth=3, n_estimators=500, subsample=0.9; total time=   1.3s
[CV] END colsample_bytree=0.6, gamma=0, learning_rate=0.1, max_depth=3, n_estimators=400, subsample=0.8; total time=   1.1s
[CV] END colsample_bytree=0.6, gamma=0, learning_rate=0.1, max_depth=3, n_estimators=400, subsample=0.8; total time=   1.0s
[CV] END colsample_bytree=0.6, gamma=0, learning_rate=0.1, max_depth=3, n_estimators=400, subsample=0.8; total time=   1.0s
[CV] END colsample_bytree=0.5, gamma=0.5, learning_rate=0.2, max_depth=7, n_estimators=100, subsample=0.9; total time=   0.5s
[CV] END colsample_bytree=0.5, gamma=0.5, learning_rate=0.2, max_depth=7, n_estimators=100, subsample=0.9; total time=   0.5s
[CV] END colsample_bytree=0.5, gamma=0.5, learning_rate=0.2, max_depth=7, n_estimators=100, subsample=0.9; total time=   0.5s
[CV] END colsample_bytree=0.8, gamma=0.1, learning_rate=0.2, max_depth=12, n_estimators=300, subsample=0.5; total time=   1.4s
[CV] END colsample_bytree=0.8, gamma=0.1, learning_rate=0.2, max_depth=12, n_estimators=300, subsample=0.5; total time=   1.3s
[CV] END colsample_bytree=0.8, gamma=0.1, learning_rate=0.2, max_depth=12, n_estimators=300, subsample=0.5; total time=   1.3s
[CV] END colsample_bytree=0.9, gamma=0.05, learning_rate=0.3, max_depth=3, n_estimators=400, subsample=0.8; total time=   1.1s
[CV] END colsample_bytree=0.9, gamma=0.05, learning_rate=0.3, max_depth=3, n_estimators=400, subsample=0.8; total time=   1.1s
[CV] END colsample_bytree=0.9, gamma=0.05, learning_rate=0.3, max_depth=3, n_estimators=400, subsample=0.8; total time=   1.1s
[CV] END colsample_bytree=1.0, gamma=0.5, learning_rate=0.01, max_depth=3, n_estimators=400, subsample=1.0; total time=   1.1s
[CV] END colsample_bytree=1.0, gamma=0.5, learning_rate=0.01, max_depth=3, n_estimators=400, subsample=1.0; total time=   1.0s
[CV] END colsample_bytree=1.0, gamma=0.5, learning_rate=0.01, max_depth=3, n_estimators=400, subsample=1.0; total time=   1.0s
[CV] END colsample_bytree=0.5, gamma=0.5, learning_rate=0.05, max_depth=7, n_estimators=300, subsample=1.0; total time=   1.3s
[CV] END colsample_bytree=0.5, gamma=0.5, learning_rate=0.05, max_depth=7, n_estimators=300, subsample=1.0; total time=   1.2s
[CV] END colsample_bytree=0.5, gamma=0.5, learning_rate=0.05, max_depth=7, n_estimators=300, subsample=1.0; total time=   1.2s
[CV] END colsample_bytree=0.8, gamma=0.5, learning_rate=0.1, max_depth=12, n_estimators=500, subsample=1.0; total time=   1.3s
[CV] END colsample_bytree=0.8, gamma=0.5, learning_rate=0.1, max_depth=12, n_estimators=500, subsample=1.0; total time=   1.2s
[CV] END colsample_bytree=0.8, gamma=0.5, learning_rate=0.1, max_depth=12, n_estimators=500, subsample=1.0; total time=   1.2s
[CV] END colsample_bytree=0.8, gamma=1.0, learning_rate=0.01, max_depth=9, n_estimators=500, subsample=1.0; total time=   2.5s
[CV] END colsample_bytree=0.8, gamma=1.0, learning_rate=0.01, max_depth=9, n_estimators=500, subsample=1.0; total time=   2.5s
[CV] END colsample_bytree=0.8, gamma=1.0, learning_rate=0.01, max_depth=9, n_estimators=500, subsample=1.0; total time=   2.5s
[CV] END colsample_bytree=0.6, gamma=0.5, learning_rate=0.1, max_depth=7, n_estimators=200, subsample=0.8; total time=   0.9s
[CV] END colsample_bytree=0.6, gamma=0.5, learning_rate=0.1, max_depth=7, n_estimators=200, subsample=0.8; total time=   0.9s
[CV] END colsample_bytree=0.6, gamma=0.5, learning_rate=0.1, max_depth=7, n_estimators=200, subsample=0.8; total time=   0.9s
[CV] END colsample_bytree=0.9, gamma=1.0, learning_rate=0.05, max_depth=12, n_estimators=500, subsample=0.9; total time=   1.7s
[CV] END colsample_bytree=0.9, gamma=1.0, learning_rate=0.05, max_depth=12, n_estimators=500, subsample=0.9; total time=   1.6s
[CV] END colsample_bytree=0.9, gamma=1.0, learning_rate=0.05, max_depth=12, n_estimators=500, subsample=0.9; total time=   1.6s
[CV] END colsample_bytree=0.8, gamma=1.0, learning_rate=0.1, max_depth=7, n_estimators=500, subsample=0.5; total time=   1.5s
[CV] END colsample_bytree=0.8, gamma=1.0, learning_rate=0.1, max_depth=7, n_estimators=500, subsample=0.5; total time=   1.4s
[CV] END colsample_bytree=0.8, gamma=1.0, learning_rate=0.1, max_depth=7, n_estimators=500, subsample=0.5; total time=   1.4s
[CV] END colsample_bytree=0.6, gamma=0.5, learning_rate=0.3, max_depth=5, n_estimators=200, subsample=1.0; total time=   0.6s
[CV] END colsample_bytree=0.6, gamma=0.5, learning_rate=0.3, max_depth=5, n_estimators=200, subsample=1.0; total time=   0.6s
[CV] END colsample_bytree=0.6, gamma=0.5, learning_rate=0.3, max_depth=5, n_estimators=200, subsample=1.0; total time=   0.6s
[CV] END colsample_bytree=0.8, gamma=0.05, learning_rate=0.01, max_depth=12, n_estimators=500, subsample=1.0; total time=   3.2s
[CV] END colsample_bytree=0.8, gamma=0.05, learning_rate=0.01, max_depth=12, n_estimators=500, subsample=1.0; total time=   3.2s
[CV] END colsample_bytree=0.8, gamma=0.05, learning_rate=0.01, max_depth=12, n_estimators=500, subsample=1.0; total time=   3.2s
[CV] END colsample_bytree=1.0, gamma=0, learning_rate=0.01, max_depth=12, n_estimators=200, subsample=0.9; total time=   1.4s
[CV] END colsample_bytree=1.0, gamma=0, learning_rate=0.01, max_depth=12, n_estimators=200, subsample=0.9; total time=   1.5s
[CV] END colsample_bytree=1.0, gamma=0, learning_rate=0.01, max_depth=12, n_estimators=200, subsample=0.9; total time=   1.4s
[CV] END colsample_bytree=1.0, gamma=0, learning_rate=0.3, max_depth=9, n_estimators=400, subsample=0.6; total time=   1.8s
[CV] END colsample_bytree=1.0, gamma=0, learning_rate=0.3, max_depth=9, n_estimators=400, subsample=0.6; total time=   1.7s
[CV] END colsample_bytree=1.0, gamma=0, learning_rate=0.3, max_depth=9, n_estimators=400, subsample=0.6; total time=   1.7s
[CV] END colsample_bytree=0.9, gamma=1.0, learning_rate=0.1, max_depth=5, n_estimators=200, subsample=1.0; total time=   0.7s
[CV] END colsample_bytree=0.9, gamma=1.0, learning_rate=0.1, max_depth=5, n_estimators=200, subsample=1.0; total time=   0.7s
[CV] END colsample_bytree=0.9, gamma=1.0, learning_rate=0.1, max_depth=5, n_estimators=200, subsample=1.0; total time=   0.7s
[CV] END colsample_bytree=0.9, gamma=0.5, learning_rate=0.2, max_depth=7, n_estimators=500, subsample=0.9; total time=   1.2s
[CV] END colsample_bytree=0.9, gamma=0.5, learning_rate=0.2, max_depth=7, n_estimators=500, subsample=0.9; total time=   1.2s
[CV] END colsample_bytree=0.9, gamma=0.5, learning_rate=0.2, max_depth=7, n_estimators=500, subsample=0.9; total time=   1.1s
[CV] END colsample_bytree=0.5, gamma=0, learning_rate=0.2, max_depth=3, n_estimators=100, subsample=1.0; total time=   0.4s
[CV] END colsample_bytree=0.5, gamma=0, learning_rate=0.2, max_depth=3, n_estimators=100, subsample=1.0; total time=   0.4s
[CV] END colsample_bytree=0.5, gamma=0, learning_rate=0.2, max_depth=3, n_estimators=100, subsample=1.0; total time=   0.4s
[CV] END colsample_bytree=1.0, gamma=0, learning_rate=0.05, max_depth=12, n_estimators=500, subsample=0.8; total time=   2.8s
[CV] END colsample_bytree=1.0, gamma=0, learning_rate=0.05, max_depth=12, n_estimators=500, subsample=0.8; total time=   2.6s
[CV] END colsample_bytree=1.0, gamma=0, learning_rate=0.05, max_depth=12, n_estimators=500, subsample=0.8; total time=   2.6s
    │  Best CV F1-weighted : 0.999780
    │  Best params         : {'subsample': 0.8, 'n_estimators': 200, 'max_depth': 7, 'learning_rate': 0.1, 'gamma': 0.5, 'colsample_bytree': 0.6}
    │  Total tuning time   : 83.5s
    └─ Saved: models/binary_seed43_XGBoost.pkl

  [6/30] task=binary  seed=43  model=DecisionTree

    ┌─ DecisionTree [CPU]
    │  Fitting 20 candidates × 3 folds = 60 fits …
Fitting 3 folds for each of 20 candidates, totalling 60 fits
[CV] END criterion=gini, max_depth=None, min_samples_leaf=2, min_samples_split=20, splitter=random; total time=   0.5s
[CV] END criterion=gini, max_depth=None, min_samples_leaf=2, min_samples_split=20, splitter=random; total time=   0.5s
[CV] END criterion=gini, max_depth=None, min_samples_leaf=2, min_samples_split=20, splitter=random; total time=   0.5s
[CV] END criterion=gini, max_depth=10, min_samples_leaf=4, min_samples_split=20, splitter=random; total time=   0.5s
[CV] END criterion=gini, max_depth=10, min_samples_leaf=4, min_samples_split=20, splitter=random; total time=   0.5s
[CV] END criterion=gini, max_depth=10, min_samples_leaf=4, min_samples_split=20, splitter=random; total time=   0.5s
[CV] END criterion=entropy, max_depth=10, min_samples_leaf=2, min_samples_split=5, splitter=random; total time=   0.4s
[CV] END criterion=entropy, max_depth=10, min_samples_leaf=2, min_samples_split=5, splitter=random; total time=   0.4s
[CV] END criterion=entropy, max_depth=10, min_samples_leaf=2, min_samples_split=5, splitter=random; total time=   0.4s
[CV] END criterion=gini, max_depth=5, min_samples_leaf=8, min_samples_split=5, splitter=best; total time=   2.2s
[CV] END criterion=gini, max_depth=5, min_samples_leaf=8, min_samples_split=5, splitter=best; total time=   2.2s
[CV] END criterion=gini, max_depth=5, min_samples_leaf=8, min_samples_split=5, splitter=best; total time=   2.2s
[CV] END criterion=gini, max_depth=5, min_samples_leaf=2, min_samples_split=2, splitter=best; total time=   2.2s
[CV] END criterion=gini, max_depth=5, min_samples_leaf=2, min_samples_split=2, splitter=best; total time=   2.2s
[CV] END criterion=gini, max_depth=5, min_samples_leaf=2, min_samples_split=2, splitter=best; total time=   2.2s
[CV] END criterion=entropy, max_depth=None, min_samples_leaf=1, min_samples_split=2, splitter=random; total time=   0.5s
[CV] END criterion=entropy, max_depth=None, min_samples_leaf=1, min_samples_split=2, splitter=random; total time=   0.5s
[CV] END criterion=entropy, max_depth=None, min_samples_leaf=1, min_samples_split=2, splitter=random; total time=   0.4s
[CV] END criterion=entropy, max_depth=None, min_samples_leaf=1, min_samples_split=50, splitter=best; total time=   3.5s
[CV] END criterion=entropy, max_depth=None, min_samples_leaf=1, min_samples_split=50, splitter=best; total time=   3.6s
[CV] END criterion=entropy, max_depth=None, min_samples_leaf=1, min_samples_split=50, splitter=best; total time=   3.8s
[CV] END criterion=entropy, max_depth=5, min_samples_leaf=8, min_samples_split=50, splitter=random; total time=   0.4s
[CV] END criterion=entropy, max_depth=5, min_samples_leaf=8, min_samples_split=50, splitter=random; total time=   0.4s
[CV] END criterion=entropy, max_depth=5, min_samples_leaf=8, min_samples_split=50, splitter=random; total time=   0.4s
[CV] END criterion=gini, max_depth=30, min_samples_leaf=1, min_samples_split=50, splitter=best; total time=   5.7s
[CV] END criterion=gini, max_depth=30, min_samples_leaf=1, min_samples_split=50, splitter=best; total time=   5.8s
[CV] END criterion=gini, max_depth=30, min_samples_leaf=1, min_samples_split=50, splitter=best; total time=   5.9s
[CV] END criterion=gini, max_depth=5, min_samples_leaf=2, min_samples_split=20, splitter=random; total time=   0.4s
[CV] END criterion=gini, max_depth=5, min_samples_leaf=2, min_samples_split=20, splitter=random; total time=   0.4s
[CV] END criterion=gini, max_depth=5, min_samples_leaf=2, min_samples_split=20, splitter=random; total time=   0.4s
[CV] END criterion=entropy, max_depth=20, min_samples_leaf=1, min_samples_split=5, splitter=random; total time=   0.4s
[CV] END criterion=entropy, max_depth=20, min_samples_leaf=1, min_samples_split=5, splitter=random; total time=   0.4s
[CV] END criterion=entropy, max_depth=20, min_samples_leaf=1, min_samples_split=5, splitter=random; total time=   0.4s
[CV] END criterion=entropy, max_depth=10, min_samples_leaf=16, min_samples_split=50, splitter=best; total time=   3.4s
[CV] END criterion=entropy, max_depth=10, min_samples_leaf=16, min_samples_split=50, splitter=best; total time=   3.6s
[CV] END criterion=entropy, max_depth=10, min_samples_leaf=16, min_samples_split=50, splitter=best; total time=   3.6s
[CV] END criterion=gini, max_depth=20, min_samples_leaf=8, min_samples_split=5, splitter=random; total time=   0.6s
[CV] END criterion=gini, max_depth=20, min_samples_leaf=8, min_samples_split=5, splitter=random; total time=   0.5s
[CV] END criterion=gini, max_depth=20, min_samples_leaf=8, min_samples_split=5, splitter=random; total time=   0.5s
[CV] END criterion=gini, max_depth=20, min_samples_leaf=2, min_samples_split=20, splitter=best; total time=   5.7s
[CV] END criterion=gini, max_depth=20, min_samples_leaf=2, min_samples_split=20, splitter=best; total time=   5.8s
[CV] END criterion=gini, max_depth=20, min_samples_leaf=2, min_samples_split=20, splitter=best; total time=   5.8s
[CV] END criterion=gini, max_depth=5, min_samples_leaf=2, min_samples_split=50, splitter=random; total time=   0.4s
[CV] END criterion=gini, max_depth=5, min_samples_leaf=2, min_samples_split=50, splitter=random; total time=   0.4s
[CV] END criterion=gini, max_depth=5, min_samples_leaf=2, min_samples_split=50, splitter=random; total time=   0.4s
[CV] END criterion=entropy, max_depth=20, min_samples_leaf=4, min_samples_split=2, splitter=random; total time=   0.5s
[CV] END criterion=entropy, max_depth=20, min_samples_leaf=4, min_samples_split=2, splitter=random; total time=   0.5s
[CV] END criterion=entropy, max_depth=20, min_samples_leaf=4, min_samples_split=2, splitter=random; total time=   0.5s
[CV] END criterion=entropy, max_depth=5, min_samples_leaf=4, min_samples_split=5, splitter=random; total time=   0.4s
[CV] END criterion=entropy, max_depth=5, min_samples_leaf=4, min_samples_split=5, splitter=random; total time=   0.4s
[CV] END criterion=entropy, max_depth=5, min_samples_leaf=4, min_samples_split=5, splitter=random; total time=   0.4s
[CV] END criterion=entropy, max_depth=30, min_samples_leaf=4, min_samples_split=50, splitter=random; total time=   0.5s
[CV] END criterion=entropy, max_depth=30, min_samples_leaf=4, min_samples_split=50, splitter=random; total time=   0.5s
[CV] END criterion=entropy, max_depth=30, min_samples_leaf=4, min_samples_split=50, splitter=random; total time=   0.5s
[CV] END criterion=gini, max_depth=10, min_samples_leaf=1, min_samples_split=5, splitter=random; total time=   0.5s
[CV] END criterion=gini, max_depth=10, min_samples_leaf=1, min_samples_split=5, splitter=random; total time=   0.5s
[CV] END criterion=gini, max_depth=10, min_samples_leaf=1, min_samples_split=5, splitter=random; total time=   0.5s
[CV] END criterion=entropy, max_depth=30, min_samples_leaf=4, min_samples_split=20, splitter=random; total time=   0.5s
[CV] END criterion=entropy, max_depth=30, min_samples_leaf=4, min_samples_split=20, splitter=random; total time=   0.5s
[CV] END criterion=entropy, max_depth=30, min_samples_leaf=4, min_samples_split=20, splitter=random; total time=   0.5s
    │  Best CV F1-weighted : 0.999371
    │  Best params         : {'splitter': 'best', 'min_samples_split': 50, 'min_samples_leaf': 1, 'max_depth': None, 'criterion': 'entropy'}
    │  Total tuning time   : 94.3s
    └─ Saved: models/binary_seed43_DecisionTree.pkl

  ────────────────────────────────────────────────────────
  Seed 44  |  task=binary
  ────────────────────────────────────────────────────────
  Train: 427,344 samples  |  Test: 183,148 samples

  [7/30] task=binary  seed=44  model=RandomForest

    ┌─ RandomForest [CPU]
    │  Fitting 20 candidates × 3 folds = 60 fits …
Fitting 3 folds for each of 20 candidates, totalling 60 fits
[CV] END max_depth=20, max_features=0.6, min_samples_leaf=4, min_samples_split=10, n_estimators=300; total time=  37.8s
[CV] END max_depth=20, max_features=0.6, min_samples_leaf=4, min_samples_split=10, n_estimators=300; total time=  37.3s
[CV] END max_depth=20, max_features=0.6, min_samples_leaf=4, min_samples_split=10, n_estimators=300; total time=  37.2s
[CV] END max_depth=50, max_features=0.2, min_samples_leaf=4, min_samples_split=2, n_estimators=200; total time=   7.2s
[CV] END max_depth=50, max_features=0.2, min_samples_leaf=4, min_samples_split=2, n_estimators=200; total time=   7.2s
[CV] END max_depth=50, max_features=0.2, min_samples_leaf=4, min_samples_split=2, n_estimators=200; total time=   7.1s
[CV] END max_depth=10, max_features=0.6, min_samples_leaf=4, min_samples_split=20, n_estimators=300; total time=  27.7s
[CV] END max_depth=10, max_features=0.6, min_samples_leaf=4, min_samples_split=20, n_estimators=300; total time=  27.6s
[CV] END max_depth=10, max_features=0.6, min_samples_leaf=4, min_samples_split=20, n_estimators=300; total time=  27.7s
[CV] END max_depth=None, max_features=0.6, min_samples_leaf=4, min_samples_split=20, n_estimators=200; total time=  25.5s
[CV] END max_depth=None, max_features=0.6, min_samples_leaf=4, min_samples_split=20, n_estimators=200; total time=  25.6s
[CV] END max_depth=None, max_features=0.6, min_samples_leaf=4, min_samples_split=20, n_estimators=200; total time=  24.7s
[CV] END max_depth=30, max_features=0.2, min_samples_leaf=1, min_samples_split=15, n_estimators=700; total time=  24.3s
[CV] END max_depth=30, max_features=0.2, min_samples_leaf=1, min_samples_split=15, n_estimators=700; total time=  24.6s
[CV] END max_depth=30, max_features=0.2, min_samples_leaf=1, min_samples_split=15, n_estimators=700; total time=  24.6s
[CV] END max_depth=None, max_features=sqrt, min_samples_leaf=8, min_samples_split=5, n_estimators=700; total time=  17.6s
[CV] END max_depth=None, max_features=sqrt, min_samples_leaf=8, min_samples_split=5, n_estimators=700; total time=  17.5s
[CV] END max_depth=None, max_features=sqrt, min_samples_leaf=8, min_samples_split=5, n_estimators=700; total time=  17.5s
[CV] END max_depth=50, max_features=0.4, min_samples_leaf=4, min_samples_split=20, n_estimators=300; total time=  24.0s
[CV] END max_depth=50, max_features=0.4, min_samples_leaf=4, min_samples_split=20, n_estimators=300; total time=  23.6s
[CV] END max_depth=50, max_features=0.4, min_samples_leaf=4, min_samples_split=20, n_estimators=300; total time=  23.5s
[CV] END max_depth=50, max_features=0.2, min_samples_leaf=2, min_samples_split=20, n_estimators=700; total time=  24.6s
[CV] END max_depth=50, max_features=0.2, min_samples_leaf=2, min_samples_split=20, n_estimators=700; total time=  24.5s
[CV] END max_depth=50, max_features=0.2, min_samples_leaf=2, min_samples_split=20, n_estimators=700; total time=  24.3s
[CV] END max_depth=50, max_features=0.6, min_samples_leaf=4, min_samples_split=2, n_estimators=100; total time=  13.4s
[CV] END max_depth=50, max_features=0.6, min_samples_leaf=4, min_samples_split=2, n_estimators=100; total time=  12.8s
[CV] END max_depth=50, max_features=0.6, min_samples_leaf=4, min_samples_split=2, n_estimators=100; total time=  13.0s
[CV] END max_depth=None, max_features=sqrt, min_samples_leaf=16, min_samples_split=20, n_estimators=100; total time=   2.9s
[CV] END max_depth=None, max_features=sqrt, min_samples_leaf=16, min_samples_split=20, n_estimators=100; total time=   2.9s
[CV] END max_depth=None, max_features=sqrt, min_samples_leaf=16, min_samples_split=20, n_estimators=100; total time=   2.8s
[CV] END max_depth=None, max_features=0.2, min_samples_leaf=4, min_samples_split=10, n_estimators=200; total time=   7.3s
[CV] END max_depth=None, max_features=0.2, min_samples_leaf=4, min_samples_split=10, n_estimators=200; total time=   7.3s
[CV] END max_depth=None, max_features=0.2, min_samples_leaf=4, min_samples_split=10, n_estimators=200; total time=   7.2s
[CV] END max_depth=50, max_features=0.4, min_samples_leaf=8, min_samples_split=15, n_estimators=200; total time=  16.0s
[CV] END max_depth=50, max_features=0.4, min_samples_leaf=8, min_samples_split=15, n_estimators=200; total time=  16.1s
[CV] END max_depth=50, max_features=0.4, min_samples_leaf=8, min_samples_split=15, n_estimators=200; total time=  15.7s
[CV] END max_depth=20, max_features=0.4, min_samples_leaf=16, min_samples_split=5, n_estimators=200; total time=  16.0s
[CV] END max_depth=20, max_features=0.4, min_samples_leaf=16, min_samples_split=5, n_estimators=200; total time=  15.9s
[CV] END max_depth=20, max_features=0.4, min_samples_leaf=16, min_samples_split=5, n_estimators=200; total time=  15.5s
[CV] END max_depth=None, max_features=0.6, min_samples_leaf=8, min_samples_split=2, n_estimators=700; total time= 1.4min
[CV] END max_depth=None, max_features=0.6, min_samples_leaf=8, min_samples_split=2, n_estimators=700; total time= 1.4min
[CV] END max_depth=None, max_features=0.6, min_samples_leaf=8, min_samples_split=2, n_estimators=700; total time= 1.4min
[CV] END max_depth=30, max_features=0.4, min_samples_leaf=2, min_samples_split=2, n_estimators=100; total time=   8.6s
[CV] END max_depth=30, max_features=0.4, min_samples_leaf=2, min_samples_split=2, n_estimators=100; total time=   8.6s
[CV] END max_depth=30, max_features=0.4, min_samples_leaf=2, min_samples_split=2, n_estimators=100; total time=   8.6s
[CV] END max_depth=50, max_features=0.6, min_samples_leaf=2, min_samples_split=20, n_estimators=200; total time=  25.4s
[CV] END max_depth=50, max_features=0.6, min_samples_leaf=2, min_samples_split=20, n_estimators=200; total time=  25.7s
[CV] END max_depth=50, max_features=0.6, min_samples_leaf=2, min_samples_split=20, n_estimators=200; total time=  24.7s
[CV] END max_depth=50, max_features=log2, min_samples_leaf=2, min_samples_split=10, n_estimators=100; total time=   2.6s
[CV] END max_depth=50, max_features=log2, min_samples_leaf=2, min_samples_split=10, n_estimators=100; total time=   2.4s
[CV] END max_depth=50, max_features=log2, min_samples_leaf=2, min_samples_split=10, n_estimators=100; total time=   2.4s
[CV] END max_depth=None, max_features=0.6, min_samples_leaf=1, min_samples_split=2, n_estimators=200; total time=  25.6s
[CV] END max_depth=None, max_features=0.6, min_samples_leaf=1, min_samples_split=2, n_estimators=200; total time=  25.7s
[CV] END max_depth=None, max_features=0.6, min_samples_leaf=1, min_samples_split=2, n_estimators=200; total time=  25.0s
[CV] END max_depth=30, max_features=log2, min_samples_leaf=16, min_samples_split=5, n_estimators=100; total time=   2.4s
[CV] END max_depth=30, max_features=log2, min_samples_leaf=16, min_samples_split=5, n_estimators=100; total time=   2.4s
[CV] END max_depth=30, max_features=log2, min_samples_leaf=16, min_samples_split=5, n_estimators=100; total time=   2.4s
[CV] END max_depth=20, max_features=sqrt, min_samples_leaf=2, min_samples_split=5, n_estimators=200; total time=   5.4s
[CV] END max_depth=20, max_features=sqrt, min_samples_leaf=2, min_samples_split=5, n_estimators=200; total time=   5.4s
[CV] END max_depth=20, max_features=sqrt, min_samples_leaf=2, min_samples_split=5, n_estimators=200; total time=   5.3s
    │  Best CV F1-weighted : 0.999672
    │  Best params         : {'n_estimators': 100, 'min_samples_split': 2, 'min_samples_leaf': 2, 'max_features': 0.4, 'max_depth': 30}
    │  Total tuning time   : 1206.7s
    └─ Saved: models/binary_seed44_RandomForest.pkl

  [8/30] task=binary  seed=44  model=XGBoost

    ┌─ XGBoost [GPU]
    │  Fitting 20 candidates × 3 folds = 60 fits …
Fitting 3 folds for each of 20 candidates, totalling 60 fits
[CV] END colsample_bytree=1.0, gamma=0.1, learning_rate=0.1, max_depth=12, n_estimators=100, subsample=0.5; total time=   0.8s
[CV] END colsample_bytree=1.0, gamma=0.1, learning_rate=0.1, max_depth=12, n_estimators=100, subsample=0.5; total time=   0.7s
[CV] END colsample_bytree=1.0, gamma=0.1, learning_rate=0.1, max_depth=12, n_estimators=100, subsample=0.5; total time=   0.7s
[CV] END colsample_bytree=0.6, gamma=0, learning_rate=0.1, max_depth=12, n_estimators=400, subsample=0.6; total time=   2.0s
[CV] END colsample_bytree=0.6, gamma=0, learning_rate=0.1, max_depth=12, n_estimators=400, subsample=0.6; total time=   1.9s
[CV] END colsample_bytree=0.6, gamma=0, learning_rate=0.1, max_depth=12, n_estimators=400, subsample=0.6; total time=   1.9s
[CV] END colsample_bytree=0.9, gamma=0.1, learning_rate=0.1, max_depth=12, n_estimators=400, subsample=0.9; total time=   1.7s
[CV] END colsample_bytree=0.9, gamma=0.1, learning_rate=0.1, max_depth=12, n_estimators=400, subsample=0.9; total time=   1.7s
[CV] END colsample_bytree=0.9, gamma=0.1, learning_rate=0.1, max_depth=12, n_estimators=400, subsample=0.9; total time=   1.8s
[CV] END colsample_bytree=0.9, gamma=0, learning_rate=0.01, max_depth=3, n_estimators=300, subsample=1.0; total time=   0.9s
[CV] END colsample_bytree=0.9, gamma=0, learning_rate=0.01, max_depth=3, n_estimators=300, subsample=1.0; total time=   0.8s
[CV] END colsample_bytree=0.9, gamma=0, learning_rate=0.01, max_depth=3, n_estimators=300, subsample=1.0; total time=   0.8s
[CV] END colsample_bytree=0.5, gamma=0, learning_rate=0.3, max_depth=7, n_estimators=500, subsample=0.6; total time=   2.1s
[CV] END colsample_bytree=0.5, gamma=0, learning_rate=0.3, max_depth=7, n_estimators=500, subsample=0.6; total time=   2.0s
[CV] END colsample_bytree=0.5, gamma=0, learning_rate=0.3, max_depth=7, n_estimators=500, subsample=0.6; total time=   2.1s
[CV] END colsample_bytree=0.6, gamma=0.05, learning_rate=0.05, max_depth=9, n_estimators=500, subsample=0.6; total time=   2.4s
[CV] END colsample_bytree=0.6, gamma=0.05, learning_rate=0.05, max_depth=9, n_estimators=500, subsample=0.6; total time=   2.4s
[CV] END colsample_bytree=0.6, gamma=0.05, learning_rate=0.05, max_depth=9, n_estimators=500, subsample=0.6; total time=   2.4s
[CV] END colsample_bytree=0.5, gamma=0.5, learning_rate=0.1, max_depth=3, n_estimators=400, subsample=1.0; total time=   1.1s
[CV] END colsample_bytree=0.5, gamma=0.5, learning_rate=0.1, max_depth=3, n_estimators=400, subsample=1.0; total time=   1.0s
[CV] END colsample_bytree=0.5, gamma=0.5, learning_rate=0.1, max_depth=3, n_estimators=400, subsample=1.0; total time=   1.1s
[CV] END colsample_bytree=0.6, gamma=0.05, learning_rate=0.2, max_depth=7, n_estimators=200, subsample=0.5; total time=   1.0s
[CV] END colsample_bytree=0.6, gamma=0.05, learning_rate=0.2, max_depth=7, n_estimators=200, subsample=0.5; total time=   1.0s
[CV] END colsample_bytree=0.6, gamma=0.05, learning_rate=0.2, max_depth=7, n_estimators=200, subsample=0.5; total time=   1.0s
[CV] END colsample_bytree=0.5, gamma=1.0, learning_rate=0.2, max_depth=7, n_estimators=500, subsample=0.8; total time=   1.1s
[CV] END colsample_bytree=0.5, gamma=1.0, learning_rate=0.2, max_depth=7, n_estimators=500, subsample=0.8; total time=   1.1s
[CV] END colsample_bytree=0.5, gamma=1.0, learning_rate=0.2, max_depth=7, n_estimators=500, subsample=0.8; total time=   1.1s
[CV] END colsample_bytree=0.5, gamma=1.0, learning_rate=0.1, max_depth=5, n_estimators=500, subsample=1.0; total time=   1.2s
[CV] END colsample_bytree=0.5, gamma=1.0, learning_rate=0.1, max_depth=5, n_estimators=500, subsample=1.0; total time=   1.1s
[CV] END colsample_bytree=0.5, gamma=1.0, learning_rate=0.1, max_depth=5, n_estimators=500, subsample=1.0; total time=   1.1s
[CV] END colsample_bytree=0.5, gamma=1.0, learning_rate=0.3, max_depth=7, n_estimators=100, subsample=0.5; total time=   0.5s
[CV] END colsample_bytree=0.5, gamma=1.0, learning_rate=0.3, max_depth=7, n_estimators=100, subsample=0.5; total time=   0.5s
[CV] END colsample_bytree=0.5, gamma=1.0, learning_rate=0.3, max_depth=7, n_estimators=100, subsample=0.5; total time=   0.5s
[CV] END colsample_bytree=0.8, gamma=0.5, learning_rate=0.05, max_depth=7, n_estimators=300, subsample=0.8; total time=   1.4s
[CV] END colsample_bytree=0.8, gamma=0.5, learning_rate=0.05, max_depth=7, n_estimators=300, subsample=0.8; total time=   1.3s
[CV] END colsample_bytree=0.8, gamma=0.5, learning_rate=0.05, max_depth=7, n_estimators=300, subsample=0.8; total time=   1.3s
[CV] END colsample_bytree=1.0, gamma=1.0, learning_rate=0.3, max_depth=3, n_estimators=300, subsample=0.6; total time=   0.8s
[CV] END colsample_bytree=1.0, gamma=1.0, learning_rate=0.3, max_depth=3, n_estimators=300, subsample=0.6; total time=   0.8s
[CV] END colsample_bytree=1.0, gamma=1.0, learning_rate=0.3, max_depth=3, n_estimators=300, subsample=0.6; total time=   0.8s
[CV] END colsample_bytree=0.6, gamma=0.1, learning_rate=0.01, max_depth=5, n_estimators=200, subsample=0.8; total time=   0.8s
[CV] END colsample_bytree=0.6, gamma=0.1, learning_rate=0.01, max_depth=5, n_estimators=200, subsample=0.8; total time=   0.8s
[CV] END colsample_bytree=0.6, gamma=0.1, learning_rate=0.01, max_depth=5, n_estimators=200, subsample=0.8; total time=   0.8s
[CV] END colsample_bytree=1.0, gamma=1.0, learning_rate=0.1, max_depth=3, n_estimators=100, subsample=1.0; total time=   0.4s
[CV] END colsample_bytree=1.0, gamma=1.0, learning_rate=0.1, max_depth=3, n_estimators=100, subsample=1.0; total time=   0.4s
[CV] END colsample_bytree=1.0, gamma=1.0, learning_rate=0.1, max_depth=3, n_estimators=100, subsample=1.0; total time=   0.4s
[CV] END colsample_bytree=0.8, gamma=0.1, learning_rate=0.05, max_depth=3, n_estimators=400, subsample=0.6; total time=   1.1s
[CV] END colsample_bytree=0.8, gamma=0.1, learning_rate=0.05, max_depth=3, n_estimators=400, subsample=0.6; total time=   1.1s
[CV] END colsample_bytree=0.8, gamma=0.1, learning_rate=0.05, max_depth=3, n_estimators=400, subsample=0.6; total time=   1.1s
[CV] END colsample_bytree=1.0, gamma=0.1, learning_rate=0.1, max_depth=3, n_estimators=400, subsample=1.0; total time=   1.1s
[CV] END colsample_bytree=1.0, gamma=0.1, learning_rate=0.1, max_depth=3, n_estimators=400, subsample=1.0; total time=   1.0s
[CV] END colsample_bytree=1.0, gamma=0.1, learning_rate=0.1, max_depth=3, n_estimators=400, subsample=1.0; total time=   1.1s
[CV] END colsample_bytree=0.9, gamma=1.0, learning_rate=0.01, max_depth=12, n_estimators=100, subsample=0.5; total time=   0.8s
[CV] END colsample_bytree=0.9, gamma=1.0, learning_rate=0.01, max_depth=12, n_estimators=100, subsample=0.5; total time=   0.8s
[CV] END colsample_bytree=0.9, gamma=1.0, learning_rate=0.01, max_depth=12, n_estimators=100, subsample=0.5; total time=   0.8s
[CV] END colsample_bytree=0.5, gamma=0, learning_rate=0.3, max_depth=9, n_estimators=100, subsample=1.0; total time=   0.6s
[CV] END colsample_bytree=0.5, gamma=0, learning_rate=0.3, max_depth=9, n_estimators=100, subsample=1.0; total time=   0.6s
[CV] END colsample_bytree=0.5, gamma=0, learning_rate=0.3, max_depth=9, n_estimators=100, subsample=1.0; total time=   0.6s
[CV] END colsample_bytree=0.5, gamma=0.5, learning_rate=0.2, max_depth=5, n_estimators=100, subsample=0.5; total time=   0.5s
[CV] END colsample_bytree=0.5, gamma=0.5, learning_rate=0.2, max_depth=5, n_estimators=100, subsample=0.5; total time=   0.5s
[CV] END colsample_bytree=0.5, gamma=0.5, learning_rate=0.2, max_depth=5, n_estimators=100, subsample=0.5; total time=   0.5s
    │  Best CV F1-weighted : 0.999778
    │  Best params         : {'subsample': 1.0, 'n_estimators': 100, 'max_depth': 9, 'learning_rate': 0.3, 'gamma': 0, 'colsample_bytree': 0.5}
    │  Total tuning time   : 66.7s
    └─ Saved: models/binary_seed44_XGBoost.pkl

  [9/30] task=binary  seed=44  model=DecisionTree

    ┌─ DecisionTree [CPU]
    │  Fitting 20 candidates × 3 folds = 60 fits …
Fitting 3 folds for each of 20 candidates, totalling 60 fits
[CV] END criterion=gini, max_depth=5, min_samples_leaf=16, min_samples_split=2, splitter=random; total time=   0.5s
[CV] END criterion=gini, max_depth=5, min_samples_leaf=16, min_samples_split=2, splitter=random; total time=   0.5s
[CV] END criterion=gini, max_depth=5, min_samples_leaf=16, min_samples_split=2, splitter=random; total time=   0.5s
[CV] END criterion=gini, max_depth=5, min_samples_leaf=4, min_samples_split=50, splitter=best; total time=   2.2s
[CV] END criterion=gini, max_depth=5, min_samples_leaf=4, min_samples_split=50, splitter=best; total time=   2.2s
[CV] END criterion=gini, max_depth=5, min_samples_leaf=4, min_samples_split=50, splitter=best; total time=   2.2s
[CV] END criterion=entropy, max_depth=30, min_samples_leaf=4, min_samples_split=2, splitter=random; total time=   0.6s
[CV] END criterion=entropy, max_depth=30, min_samples_leaf=4, min_samples_split=2, splitter=random; total time=   0.7s
[CV] END criterion=entropy, max_depth=30, min_samples_leaf=4, min_samples_split=2, splitter=random; total time=   0.6s
[CV] END criterion=entropy, max_depth=5, min_samples_leaf=1, min_samples_split=10, splitter=best; total time=   2.4s
[CV] END criterion=entropy, max_depth=5, min_samples_leaf=1, min_samples_split=10, splitter=best; total time=   2.4s
[CV] END criterion=entropy, max_depth=5, min_samples_leaf=1, min_samples_split=10, splitter=best; total time=   2.4s
[CV] END criterion=gini, max_depth=10, min_samples_leaf=4, min_samples_split=5, splitter=best; total time=   4.0s
[CV] END criterion=gini, max_depth=10, min_samples_leaf=4, min_samples_split=5, splitter=best; total time=   3.7s
[CV] END criterion=gini, max_depth=10, min_samples_leaf=4, min_samples_split=5, splitter=best; total time=   3.6s
[CV] END criterion=gini, max_depth=30, min_samples_leaf=1, min_samples_split=10, splitter=best; total time=   5.6s
[CV] END criterion=gini, max_depth=30, min_samples_leaf=1, min_samples_split=10, splitter=best; total time=   5.8s
[CV] END criterion=gini, max_depth=30, min_samples_leaf=1, min_samples_split=10, splitter=best; total time=   5.1s
[CV] END criterion=entropy, max_depth=None, min_samples_leaf=4, min_samples_split=5, splitter=random; total time=   0.6s
[CV] END criterion=entropy, max_depth=None, min_samples_leaf=4, min_samples_split=5, splitter=random; total time=   0.6s
[CV] END criterion=entropy, max_depth=None, min_samples_leaf=4, min_samples_split=5, splitter=random; total time=   0.6s
[CV] END criterion=entropy, max_depth=30, min_samples_leaf=4, min_samples_split=10, splitter=best; total time=   3.7s
[CV] END criterion=entropy, max_depth=30, min_samples_leaf=4, min_samples_split=10, splitter=best; total time=   3.9s
[CV] END criterion=entropy, max_depth=30, min_samples_leaf=4, min_samples_split=10, splitter=best; total time=   3.6s
[CV] END criterion=entropy, max_depth=5, min_samples_leaf=4, min_samples_split=2, splitter=best; total time=   2.4s
[CV] END criterion=entropy, max_depth=5, min_samples_leaf=4, min_samples_split=2, splitter=best; total time=   2.4s
[CV] END criterion=entropy, max_depth=5, min_samples_leaf=4, min_samples_split=2, splitter=best; total time=   2.5s
[CV] END criterion=gini, max_depth=None, min_samples_leaf=16, min_samples_split=50, splitter=random; total time=   0.7s
[CV] END criterion=gini, max_depth=None, min_samples_leaf=16, min_samples_split=50, splitter=random; total time=   0.7s
[CV] END criterion=gini, max_depth=None, min_samples_leaf=16, min_samples_split=50, splitter=random; total time=   0.8s
[CV] END criterion=gini, max_depth=20, min_samples_leaf=2, min_samples_split=10, splitter=random; total time=   0.8s
[CV] END criterion=gini, max_depth=20, min_samples_leaf=2, min_samples_split=10, splitter=random; total time=   0.8s
[CV] END criterion=gini, max_depth=20, min_samples_leaf=2, min_samples_split=10, splitter=random; total time=   0.8s
[CV] END criterion=gini, max_depth=20, min_samples_leaf=4, min_samples_split=50, splitter=random; total time=   0.7s
[CV] END criterion=gini, max_depth=20, min_samples_leaf=4, min_samples_split=50, splitter=random; total time=   0.7s
[CV] END criterion=gini, max_depth=20, min_samples_leaf=4, min_samples_split=50, splitter=random; total time=   0.8s
[CV] END criterion=entropy, max_depth=10, min_samples_leaf=16, min_samples_split=2, splitter=best; total time=   3.5s
[CV] END criterion=entropy, max_depth=10, min_samples_leaf=16, min_samples_split=2, splitter=best; total time=   3.8s
[CV] END criterion=entropy, max_depth=10, min_samples_leaf=16, min_samples_split=2, splitter=best; total time=   3.5s
[CV] END criterion=gini, max_depth=10, min_samples_leaf=8, min_samples_split=20, splitter=random; total time=   0.6s
[CV] END criterion=gini, max_depth=10, min_samples_leaf=8, min_samples_split=20, splitter=random; total time=   0.6s
[CV] END criterion=gini, max_depth=10, min_samples_leaf=8, min_samples_split=20, splitter=random; total time=   0.7s
[CV] END criterion=gini, max_depth=20, min_samples_leaf=1, min_samples_split=20, splitter=random; total time=   0.7s
[CV] END criterion=gini, max_depth=20, min_samples_leaf=1, min_samples_split=20, splitter=random; total time=   0.7s
[CV] END criterion=gini, max_depth=20, min_samples_leaf=1, min_samples_split=20, splitter=random; total time=   0.8s
[CV] END criterion=gini, max_depth=10, min_samples_leaf=16, min_samples_split=10, splitter=random; total time=   0.7s
[CV] END criterion=gini, max_depth=10, min_samples_leaf=16, min_samples_split=10, splitter=random; total time=   0.6s
[CV] END criterion=gini, max_depth=10, min_samples_leaf=16, min_samples_split=10, splitter=random; total time=   0.7s
[CV] END criterion=entropy, max_depth=None, min_samples_leaf=2, min_samples_split=50, splitter=random; total time=   0.6s
[CV] END criterion=entropy, max_depth=None, min_samples_leaf=2, min_samples_split=50, splitter=random; total time=   0.6s
[CV] END criterion=entropy, max_depth=None, min_samples_leaf=2, min_samples_split=50, splitter=random; total time=   0.6s
[CV] END criterion=entropy, max_depth=None, min_samples_leaf=16, min_samples_split=2, splitter=random; total time=   0.6s
[CV] END criterion=entropy, max_depth=None, min_samples_leaf=16, min_samples_split=2, splitter=random; total time=   0.7s
[CV] END criterion=entropy, max_depth=None, min_samples_leaf=16, min_samples_split=2, splitter=random; total time=   0.6s
[CV] END criterion=gini, max_depth=30, min_samples_leaf=4, min_samples_split=10, splitter=best; total time=   5.8s
[CV] END criterion=gini, max_depth=30, min_samples_leaf=4, min_samples_split=10, splitter=best; total time=   5.5s
[CV] END criterion=gini, max_depth=30, min_samples_leaf=4, min_samples_split=10, splitter=best; total time=   5.1s
[CV] END criterion=gini, max_depth=30, min_samples_leaf=1, min_samples_split=20, splitter=best; total time=   5.7s
[CV] END criterion=gini, max_depth=30, min_samples_leaf=1, min_samples_split=20, splitter=best; total time=   5.6s
[CV] END criterion=gini, max_depth=30, min_samples_leaf=1, min_samples_split=20, splitter=best; total time=   5.2s
    │  Best CV F1-weighted : 0.999401
    │  Best params         : {'splitter': 'best', 'min_samples_split': 10, 'min_samples_leaf': 4, 'max_depth': 30, 'criterion': 'entropy'}
    │  Total tuning time   : 132.0s
    └─ Saved: models/binary_seed44_DecisionTree.pkl

  ────────────────────────────────────────────────────────
  Seed 45  |  task=binary
  ────────────────────────────────────────────────────────
  Train: 427,344 samples  |  Test: 183,148 samples

  [10/30] task=binary  seed=45  model=RandomForest

    ┌─ RandomForest [CPU]
    │  Fitting 20 candidates × 3 folds = 60 fits …
Fitting 3 folds for each of 20 candidates, totalling 60 fits
[CV] END max_depth=50, max_features=0.6, min_samples_leaf=1, min_samples_split=15, n_estimators=700; total time= 1.4min
[CV] END max_depth=50, max_features=0.6, min_samples_leaf=1, min_samples_split=15, n_estimators=700; total time= 1.5min
[CV] END max_depth=50, max_features=0.6, min_samples_leaf=1, min_samples_split=15, n_estimators=700; total time= 1.5min
[CV] END max_depth=30, max_features=0.6, min_samples_leaf=8, min_samples_split=10, n_estimators=300; total time=  37.7s
[CV] END max_depth=30, max_features=0.6, min_samples_leaf=8, min_samples_split=10, n_estimators=300; total time=  38.8s
[CV] END max_depth=30, max_features=0.6, min_samples_leaf=8, min_samples_split=10, n_estimators=300; total time=  38.2s
[CV] END max_depth=20, max_features=0.4, min_samples_leaf=2, min_samples_split=15, n_estimators=300; total time=  23.2s
[CV] END max_depth=20, max_features=0.4, min_samples_leaf=2, min_samples_split=15, n_estimators=300; total time=  23.4s
[CV] END max_depth=20, max_features=0.4, min_samples_leaf=2, min_samples_split=15, n_estimators=300; total time=  23.7s
[CV] END max_depth=30, max_features=sqrt, min_samples_leaf=2, min_samples_split=15, n_estimators=200; total time=   5.4s
[CV] END max_depth=30, max_features=sqrt, min_samples_leaf=2, min_samples_split=15, n_estimators=200; total time=   5.4s
[CV] END max_depth=30, max_features=sqrt, min_samples_leaf=2, min_samples_split=15, n_estimators=200; total time=   5.4s
[CV] END max_depth=None, max_features=0.6, min_samples_leaf=16, min_samples_split=5, n_estimators=300; total time=  37.1s
[CV] END max_depth=None, max_features=0.6, min_samples_leaf=16, min_samples_split=5, n_estimators=300; total time=  38.8s
[CV] END max_depth=None, max_features=0.6, min_samples_leaf=16, min_samples_split=5, n_estimators=300; total time=  37.9s
[CV] END max_depth=None, max_features=log2, min_samples_leaf=2, min_samples_split=10, n_estimators=500; total time=  10.7s
[CV] END max_depth=None, max_features=log2, min_samples_leaf=2, min_samples_split=10, n_estimators=500; total time=  10.8s
[CV] END max_depth=None, max_features=log2, min_samples_leaf=2, min_samples_split=10, n_estimators=500; total time=  11.1s
[CV] END max_depth=None, max_features=0.6, min_samples_leaf=8, min_samples_split=5, n_estimators=100; total time=  13.6s
[CV] END max_depth=None, max_features=0.6, min_samples_leaf=8, min_samples_split=5, n_estimators=100; total time=  13.7s
[CV] END max_depth=None, max_features=0.6, min_samples_leaf=8, min_samples_split=5, n_estimators=100; total time=  13.4s
[CV] END max_depth=None, max_features=0.4, min_samples_leaf=1, min_samples_split=2, n_estimators=300; total time=  23.4s
[CV] END max_depth=None, max_features=0.4, min_samples_leaf=1, min_samples_split=2, n_estimators=300; total time=  24.1s
[CV] END max_depth=None, max_features=0.4, min_samples_leaf=1, min_samples_split=2, n_estimators=300; total time=  24.0s
[CV] END max_depth=None, max_features=sqrt, min_samples_leaf=1, min_samples_split=15, n_estimators=100; total time=   3.0s
[CV] END max_depth=None, max_features=sqrt, min_samples_leaf=1, min_samples_split=15, n_estimators=100; total time=   3.0s
[CV] END max_depth=None, max_features=sqrt, min_samples_leaf=1, min_samples_split=15, n_estimators=100; total time=   2.9s
[CV] END max_depth=None, max_features=0.6, min_samples_leaf=8, min_samples_split=2, n_estimators=300; total time=  37.7s
[CV] END max_depth=None, max_features=0.6, min_samples_leaf=8, min_samples_split=2, n_estimators=300; total time=  39.1s
[CV] END max_depth=None, max_features=0.6, min_samples_leaf=8, min_samples_split=2, n_estimators=300; total time=  37.9s
[CV] END max_depth=None, max_features=0.4, min_samples_leaf=1, min_samples_split=20, n_estimators=500; total time=  38.5s
[CV] END max_depth=None, max_features=0.4, min_samples_leaf=1, min_samples_split=20, n_estimators=500; total time=  38.9s
[CV] END max_depth=None, max_features=0.4, min_samples_leaf=1, min_samples_split=20, n_estimators=500; total time=  39.5s
[CV] END max_depth=20, max_features=sqrt, min_samples_leaf=8, min_samples_split=5, n_estimators=500; total time=  12.4s
[CV] END max_depth=20, max_features=sqrt, min_samples_leaf=8, min_samples_split=5, n_estimators=500; total time=  12.7s
[CV] END max_depth=20, max_features=sqrt, min_samples_leaf=8, min_samples_split=5, n_estimators=500; total time=  12.9s
[CV] END max_depth=None, max_features=0.6, min_samples_leaf=4, min_samples_split=15, n_estimators=700; total time= 1.4min
[CV] END max_depth=None, max_features=0.6, min_samples_leaf=4, min_samples_split=15, n_estimators=700; total time= 1.5min
[CV] END max_depth=None, max_features=0.6, min_samples_leaf=4, min_samples_split=15, n_estimators=700; total time= 1.5min
[CV] END max_depth=30, max_features=0.4, min_samples_leaf=4, min_samples_split=10, n_estimators=300; total time=  23.3s
[CV] END max_depth=30, max_features=0.4, min_samples_leaf=4, min_samples_split=10, n_estimators=300; total time=  24.0s
[CV] END max_depth=30, max_features=0.4, min_samples_leaf=4, min_samples_split=10, n_estimators=300; total time=  23.8s
[CV] END max_depth=30, max_features=log2, min_samples_leaf=4, min_samples_split=20, n_estimators=300; total time=   6.6s
[CV] END max_depth=30, max_features=log2, min_samples_leaf=4, min_samples_split=20, n_estimators=300; total time=   6.5s
[CV] END max_depth=30, max_features=log2, min_samples_leaf=4, min_samples_split=20, n_estimators=300; total time=   6.7s
[CV] END max_depth=30, max_features=0.4, min_samples_leaf=4, min_samples_split=15, n_estimators=200; total time=  16.1s
[CV] END max_depth=30, max_features=0.4, min_samples_leaf=4, min_samples_split=15, n_estimators=200; total time=  16.0s
[CV] END max_depth=30, max_features=0.4, min_samples_leaf=4, min_samples_split=15, n_estimators=200; total time=  16.0s
[CV] END max_depth=50, max_features=0.6, min_samples_leaf=8, min_samples_split=10, n_estimators=700; total time= 1.4min
[CV] END max_depth=50, max_features=0.6, min_samples_leaf=8, min_samples_split=10, n_estimators=700; total time= 1.5min
[CV] END max_depth=50, max_features=0.6, min_samples_leaf=8, min_samples_split=10, n_estimators=700; total time= 1.5min
[CV] END max_depth=50, max_features=sqrt, min_samples_leaf=2, min_samples_split=5, n_estimators=700; total time=  17.7s
[CV] END max_depth=50, max_features=sqrt, min_samples_leaf=2, min_samples_split=5, n_estimators=700; total time=  17.6s
[CV] END max_depth=50, max_features=sqrt, min_samples_leaf=2, min_samples_split=5, n_estimators=700; total time=  18.0s
[CV] END max_depth=None, max_features=log2, min_samples_leaf=4, min_samples_split=20, n_estimators=200; total time=   4.5s
[CV] END max_depth=None, max_features=log2, min_samples_leaf=4, min_samples_split=20, n_estimators=200; total time=   4.4s
[CV] END max_depth=None, max_features=log2, min_samples_leaf=4, min_samples_split=20, n_estimators=200; total time=   4.6s
[CV] END max_depth=10, max_features=0.6, min_samples_leaf=1, min_samples_split=5, n_estimators=700; total time= 1.1min
[CV] END max_depth=10, max_features=0.6, min_samples_leaf=1, min_samples_split=5, n_estimators=700; total time= 1.1min
[CV] END max_depth=10, max_features=0.6, min_samples_leaf=1, min_samples_split=5, n_estimators=700; total time= 1.0min
    │  Best CV F1-weighted : 0.999654
    │  Best params         : {'n_estimators': 700, 'min_samples_split': 15, 'min_samples_leaf': 1, 'max_features': 0.6, 'max_depth': 50}
    │  Total tuning time   : 2071.1s
    └─ Saved: models/binary_seed45_RandomForest.pkl

  [11/30] task=binary  seed=45  model=XGBoost

    ┌─ XGBoost [GPU]
    │  Fitting 20 candidates × 3 folds = 60 fits …
Fitting 3 folds for each of 20 candidates, totalling 60 fits
[CV] END colsample_bytree=0.8, gamma=0.05, learning_rate=0.05, max_depth=12, n_estimators=400, subsample=0.5; total time=   2.2s
[CV] END colsample_bytree=0.8, gamma=0.05, learning_rate=0.05, max_depth=12, n_estimators=400, subsample=0.5; total time=   2.1s
[CV] END colsample_bytree=0.8, gamma=0.05, learning_rate=0.05, max_depth=12, n_estimators=400, subsample=0.5; total time=   2.1s
[CV] END colsample_bytree=0.8, gamma=0, learning_rate=0.1, max_depth=7, n_estimators=200, subsample=0.9; total time=   0.9s
[CV] END colsample_bytree=0.8, gamma=0, learning_rate=0.1, max_depth=7, n_estimators=200, subsample=0.9; total time=   1.0s
[CV] END colsample_bytree=0.8, gamma=0, learning_rate=0.1, max_depth=7, n_estimators=200, subsample=0.9; total time=   0.9s
[CV] END colsample_bytree=1.0, gamma=0.1, learning_rate=0.05, max_depth=9, n_estimators=200, subsample=0.5; total time=   1.0s
[CV] END colsample_bytree=1.0, gamma=0.1, learning_rate=0.05, max_depth=9, n_estimators=200, subsample=0.5; total time=   1.1s
[CV] END colsample_bytree=1.0, gamma=0.1, learning_rate=0.05, max_depth=9, n_estimators=200, subsample=0.5; total time=   1.0s
[CV] END colsample_bytree=0.6, gamma=1.0, learning_rate=0.2, max_depth=3, n_estimators=300, subsample=0.8; total time=   0.7s
[CV] END colsample_bytree=0.6, gamma=1.0, learning_rate=0.2, max_depth=3, n_estimators=300, subsample=0.8; total time=   0.8s
[CV] END colsample_bytree=0.6, gamma=1.0, learning_rate=0.2, max_depth=3, n_estimators=300, subsample=0.8; total time=   0.8s
[CV] END colsample_bytree=0.9, gamma=0.5, learning_rate=0.3, max_depth=7, n_estimators=200, subsample=0.9; total time=   0.6s
[CV] END colsample_bytree=0.9, gamma=0.5, learning_rate=0.3, max_depth=7, n_estimators=200, subsample=0.9; total time=   0.7s
[CV] END colsample_bytree=0.9, gamma=0.5, learning_rate=0.3, max_depth=7, n_estimators=200, subsample=0.9; total time=   0.6s
[CV] END colsample_bytree=1.0, gamma=0, learning_rate=0.2, max_depth=3, n_estimators=500, subsample=0.5; total time=   1.3s
[CV] END colsample_bytree=1.0, gamma=0, learning_rate=0.2, max_depth=3, n_estimators=500, subsample=0.5; total time=   1.4s
[CV] END colsample_bytree=1.0, gamma=0, learning_rate=0.2, max_depth=3, n_estimators=500, subsample=0.5; total time=   1.3s
[CV] END colsample_bytree=0.5, gamma=0, learning_rate=0.05, max_depth=5, n_estimators=300, subsample=0.9; total time=   1.1s
[CV] END colsample_bytree=0.5, gamma=0, learning_rate=0.05, max_depth=5, n_estimators=300, subsample=0.9; total time=   1.2s
[CV] END colsample_bytree=0.5, gamma=0, learning_rate=0.05, max_depth=5, n_estimators=300, subsample=0.9; total time=   1.1s
[CV] END colsample_bytree=0.8, gamma=1.0, learning_rate=0.01, max_depth=3, n_estimators=500, subsample=0.8; total time=   1.3s
[CV] END colsample_bytree=0.8, gamma=1.0, learning_rate=0.01, max_depth=3, n_estimators=500, subsample=0.8; total time=   1.4s
[CV] END colsample_bytree=0.8, gamma=1.0, learning_rate=0.01, max_depth=3, n_estimators=500, subsample=0.8; total time=   1.3s
[CV] END colsample_bytree=1.0, gamma=0, learning_rate=0.05, max_depth=5, n_estimators=400, subsample=0.5; total time=   1.5s
[CV] END colsample_bytree=1.0, gamma=0, learning_rate=0.05, max_depth=5, n_estimators=400, subsample=0.5; total time=   1.6s
[CV] END colsample_bytree=1.0, gamma=0, learning_rate=0.05, max_depth=5, n_estimators=400, subsample=0.5; total time=   1.5s
[CV] END colsample_bytree=0.6, gamma=0, learning_rate=0.3, max_depth=9, n_estimators=100, subsample=1.0; total time=   0.6s
[CV] END colsample_bytree=0.6, gamma=0, learning_rate=0.3, max_depth=9, n_estimators=100, subsample=1.0; total time=   0.6s
[CV] END colsample_bytree=0.6, gamma=0, learning_rate=0.3, max_depth=9, n_estimators=100, subsample=1.0; total time=   0.6s
[CV] END colsample_bytree=0.9, gamma=1.0, learning_rate=0.2, max_depth=7, n_estimators=100, subsample=0.9; total time=   0.5s
[CV] END colsample_bytree=0.9, gamma=1.0, learning_rate=0.2, max_depth=7, n_estimators=100, subsample=0.9; total time=   0.5s
[CV] END colsample_bytree=0.9, gamma=1.0, learning_rate=0.2, max_depth=7, n_estimators=100, subsample=0.9; total time=   0.5s
[CV] END colsample_bytree=0.5, gamma=0, learning_rate=0.3, max_depth=9, n_estimators=100, subsample=0.8; total time=   0.6s
[CV] END colsample_bytree=0.5, gamma=0, learning_rate=0.3, max_depth=9, n_estimators=100, subsample=0.8; total time=   0.7s
[CV] END colsample_bytree=0.5, gamma=0, learning_rate=0.3, max_depth=9, n_estimators=100, subsample=0.8; total time=   0.6s
[CV] END colsample_bytree=0.8, gamma=0.5, learning_rate=0.2, max_depth=9, n_estimators=400, subsample=0.5; total time=   1.4s
[CV] END colsample_bytree=0.8, gamma=0.5, learning_rate=0.2, max_depth=9, n_estimators=400, subsample=0.5; total time=   1.4s
[CV] END colsample_bytree=0.8, gamma=0.5, learning_rate=0.2, max_depth=9, n_estimators=400, subsample=0.5; total time=   1.4s
[CV] END colsample_bytree=1.0, gamma=0.05, learning_rate=0.2, max_depth=12, n_estimators=500, subsample=0.6; total time=   2.2s
[CV] END colsample_bytree=1.0, gamma=0.05, learning_rate=0.2, max_depth=12, n_estimators=500, subsample=0.6; total time=   2.3s
[CV] END colsample_bytree=1.0, gamma=0.05, learning_rate=0.2, max_depth=12, n_estimators=500, subsample=0.6; total time=   2.1s
[CV] END colsample_bytree=1.0, gamma=0, learning_rate=0.1, max_depth=12, n_estimators=200, subsample=0.8; total time=   1.2s
[CV] END colsample_bytree=1.0, gamma=0, learning_rate=0.1, max_depth=12, n_estimators=200, subsample=0.8; total time=   1.3s
[CV] END colsample_bytree=1.0, gamma=0, learning_rate=0.1, max_depth=12, n_estimators=200, subsample=0.8; total time=   1.2s
[CV] END colsample_bytree=0.8, gamma=0.1, learning_rate=0.3, max_depth=7, n_estimators=100, subsample=1.0; total time=   0.5s
[CV] END colsample_bytree=0.8, gamma=0.1, learning_rate=0.3, max_depth=7, n_estimators=100, subsample=1.0; total time=   0.5s
[CV] END colsample_bytree=0.8, gamma=0.1, learning_rate=0.3, max_depth=7, n_estimators=100, subsample=1.0; total time=   0.5s
[CV] END colsample_bytree=1.0, gamma=1.0, learning_rate=0.3, max_depth=9, n_estimators=100, subsample=0.5; total time=   0.5s
[CV] END colsample_bytree=1.0, gamma=1.0, learning_rate=0.3, max_depth=9, n_estimators=100, subsample=0.5; total time=   0.5s
[CV] END colsample_bytree=1.0, gamma=1.0, learning_rate=0.3, max_depth=9, n_estimators=100, subsample=0.5; total time=   0.5s
[CV] END colsample_bytree=1.0, gamma=0.5, learning_rate=0.05, max_depth=12, n_estimators=100, subsample=0.5; total time=   0.7s
[CV] END colsample_bytree=1.0, gamma=0.5, learning_rate=0.05, max_depth=12, n_estimators=100, subsample=0.5; total time=   0.8s
[CV] END colsample_bytree=1.0, gamma=0.5, learning_rate=0.05, max_depth=12, n_estimators=100, subsample=0.5; total time=   0.7s
[CV] END colsample_bytree=0.8, gamma=0.05, learning_rate=0.2, max_depth=9, n_estimators=500, subsample=1.0; total time=   1.2s
[CV] END colsample_bytree=0.8, gamma=0.05, learning_rate=0.2, max_depth=9, n_estimators=500, subsample=1.0; total time=   1.3s
[CV] END colsample_bytree=0.8, gamma=0.05, learning_rate=0.2, max_depth=9, n_estimators=500, subsample=1.0; total time=   1.3s
[CV] END colsample_bytree=0.9, gamma=1.0, learning_rate=0.1, max_depth=7, n_estimators=400, subsample=1.0; total time=   1.0s
[CV] END colsample_bytree=0.9, gamma=1.0, learning_rate=0.1, max_depth=7, n_estimators=400, subsample=1.0; total time=   1.1s
[CV] END colsample_bytree=0.9, gamma=1.0, learning_rate=0.1, max_depth=7, n_estimators=400, subsample=1.0; total time=   1.0s
    │  Best CV F1-weighted : 0.999764
    │  Best params         : {'subsample': 1.0, 'n_estimators': 100, 'max_depth': 7, 'learning_rate': 0.3, 'gamma': 0.1, 'colsample_bytree': 0.8}
    │  Total tuning time   : 65.7s
    └─ Saved: models/binary_seed45_XGBoost.pkl

  [12/30] task=binary  seed=45  model=DecisionTree

    ┌─ DecisionTree [CPU]
    │  Fitting 20 candidates × 3 folds = 60 fits …
Fitting 3 folds for each of 20 candidates, totalling 60 fits
[CV] END criterion=gini, max_depth=30, min_samples_leaf=1, min_samples_split=10, splitter=best; total time=   6.0s
[CV] END criterion=gini, max_depth=30, min_samples_leaf=1, min_samples_split=10, splitter=best; total time=   5.7s
[CV] END criterion=gini, max_depth=30, min_samples_leaf=1, min_samples_split=10, splitter=best; total time=   5.2s
[CV] END criterion=entropy, max_depth=30, min_samples_leaf=8, min_samples_split=2, splitter=random; total time=   0.4s
[CV] END criterion=entropy, max_depth=30, min_samples_leaf=8, min_samples_split=2, splitter=random; total time=   0.5s
[CV] END criterion=entropy, max_depth=30, min_samples_leaf=8, min_samples_split=2, splitter=random; total time=   0.5s
[CV] END criterion=entropy, max_depth=None, min_samples_leaf=16, min_samples_split=20, splitter=best; total time=   3.5s
[CV] END criterion=entropy, max_depth=None, min_samples_leaf=16, min_samples_split=20, splitter=best; total time=   3.7s
[CV] END criterion=entropy, max_depth=None, min_samples_leaf=16, min_samples_split=20, splitter=best; total time=   4.0s
[CV] END criterion=gini, max_depth=None, min_samples_leaf=8, min_samples_split=50, splitter=best; total time=   6.0s
[CV] END criterion=gini, max_depth=None, min_samples_leaf=8, min_samples_split=50, splitter=best; total time=   6.2s
[CV] END criterion=gini, max_depth=None, min_samples_leaf=8, min_samples_split=50, splitter=best; total time=   5.6s
[CV] END criterion=entropy, max_depth=None, min_samples_leaf=16, min_samples_split=50, splitter=best; total time=   3.5s
[CV] END criterion=entropy, max_depth=None, min_samples_leaf=16, min_samples_split=50, splitter=best; total time=   3.7s
[CV] END criterion=entropy, max_depth=None, min_samples_leaf=16, min_samples_split=50, splitter=best; total time=   4.0s
[CV] END criterion=gini, max_depth=5, min_samples_leaf=2, min_samples_split=2, splitter=random; total time=   0.4s
[CV] END criterion=gini, max_depth=5, min_samples_leaf=2, min_samples_split=2, splitter=random; total time=   0.4s
[CV] END criterion=gini, max_depth=5, min_samples_leaf=2, min_samples_split=2, splitter=random; total time=   0.4s
[CV] END criterion=entropy, max_depth=10, min_samples_leaf=4, min_samples_split=2, splitter=random; total time=   0.4s
[CV] END criterion=entropy, max_depth=10, min_samples_leaf=4, min_samples_split=2, splitter=random; total time=   0.4s
[CV] END criterion=entropy, max_depth=10, min_samples_leaf=4, min_samples_split=2, splitter=random; total time=   0.5s
[CV] END criterion=entropy, max_depth=10, min_samples_leaf=2, min_samples_split=2, splitter=best; total time=   3.7s
[CV] END criterion=entropy, max_depth=10, min_samples_leaf=2, min_samples_split=2, splitter=best; total time=   3.7s
[CV] END criterion=entropy, max_depth=10, min_samples_leaf=2, min_samples_split=2, splitter=best; total time=   3.7s
[CV] END criterion=entropy, max_depth=20, min_samples_leaf=2, min_samples_split=5, splitter=random; total time=   0.4s
[CV] END criterion=entropy, max_depth=20, min_samples_leaf=2, min_samples_split=5, splitter=random; total time=   0.4s
[CV] END criterion=entropy, max_depth=20, min_samples_leaf=2, min_samples_split=5, splitter=random; total time=   0.4s
[CV] END criterion=gini, max_depth=5, min_samples_leaf=2, min_samples_split=10, splitter=best; total time=   2.1s
[CV] END criterion=gini, max_depth=5, min_samples_leaf=2, min_samples_split=10, splitter=best; total time=   2.1s
[CV] END criterion=gini, max_depth=5, min_samples_leaf=2, min_samples_split=10, splitter=best; total time=   2.1s
[CV] END criterion=entropy, max_depth=None, min_samples_leaf=8, min_samples_split=2, splitter=random; total time=   0.4s
[CV] END criterion=entropy, max_depth=None, min_samples_leaf=8, min_samples_split=2, splitter=random; total time=   0.4s
[CV] END criterion=entropy, max_depth=None, min_samples_leaf=8, min_samples_split=2, splitter=random; total time=   0.4s
[CV] END criterion=gini, max_depth=30, min_samples_leaf=1, min_samples_split=5, splitter=best; total time=   5.9s
[CV] END criterion=gini, max_depth=30, min_samples_leaf=1, min_samples_split=5, splitter=best; total time=   5.7s
[CV] END criterion=gini, max_depth=30, min_samples_leaf=1, min_samples_split=5, splitter=best; total time=   5.1s
[CV] END criterion=gini, max_depth=10, min_samples_leaf=1, min_samples_split=5, splitter=best; total time=   3.9s
[CV] END criterion=gini, max_depth=10, min_samples_leaf=1, min_samples_split=5, splitter=best; total time=   3.9s
[CV] END criterion=gini, max_depth=10, min_samples_leaf=1, min_samples_split=5, splitter=best; total time=   3.7s
[CV] END criterion=gini, max_depth=30, min_samples_leaf=2, min_samples_split=5, splitter=best; total time=   6.1s
[CV] END criterion=gini, max_depth=30, min_samples_leaf=2, min_samples_split=5, splitter=best; total time=   5.7s
[CV] END criterion=gini, max_depth=30, min_samples_leaf=2, min_samples_split=5, splitter=best; total time=   5.2s
[CV] END criterion=gini, max_depth=30, min_samples_leaf=1, min_samples_split=20, splitter=best; total time=   6.0s
[CV] END criterion=gini, max_depth=30, min_samples_leaf=1, min_samples_split=20, splitter=best; total time=   5.6s
[CV] END criterion=gini, max_depth=30, min_samples_leaf=1, min_samples_split=20, splitter=best; total time=   5.2s
[CV] END criterion=entropy, max_depth=None, min_samples_leaf=4, min_samples_split=2, splitter=random; total time=   0.4s
[CV] END criterion=entropy, max_depth=None, min_samples_leaf=4, min_samples_split=2, splitter=random; total time=   0.4s
[CV] END criterion=entropy, max_depth=None, min_samples_leaf=4, min_samples_split=2, splitter=random; total time=   0.4s
[CV] END criterion=entropy, max_depth=30, min_samples_leaf=1, min_samples_split=2, splitter=random; total time=   0.4s
[CV] END criterion=entropy, max_depth=30, min_samples_leaf=1, min_samples_split=2, splitter=random; total time=   0.4s
[CV] END criterion=entropy, max_depth=30, min_samples_leaf=1, min_samples_split=2, splitter=random; total time=   0.5s
[CV] END criterion=entropy, max_depth=30, min_samples_leaf=1, min_samples_split=5, splitter=random; total time=   0.4s
[CV] END criterion=entropy, max_depth=30, min_samples_leaf=1, min_samples_split=5, splitter=random; total time=   0.4s
[CV] END criterion=entropy, max_depth=30, min_samples_leaf=1, min_samples_split=5, splitter=random; total time=   0.5s
[CV] END criterion=gini, max_depth=5, min_samples_leaf=1, min_samples_split=2, splitter=best; total time=   2.1s
[CV] END criterion=gini, max_depth=5, min_samples_leaf=1, min_samples_split=2, splitter=best; total time=   2.2s
[CV] END criterion=gini, max_depth=5, min_samples_leaf=1, min_samples_split=2, splitter=best; total time=   2.1s
[CV] END criterion=gini, max_depth=5, min_samples_leaf=16, min_samples_split=50, splitter=random; total time=   0.4s
[CV] END criterion=gini, max_depth=5, min_samples_leaf=16, min_samples_split=50, splitter=random; total time=   0.4s
[CV] END criterion=gini, max_depth=5, min_samples_leaf=16, min_samples_split=50, splitter=random; total time=   0.4s
    │  Best CV F1-weighted : 0.999429
    │  Best params         : {'splitter': 'random', 'min_samples_split': 5, 'min_samples_leaf': 1, 'max_depth': 30, 'criterion': 'entropy'}
    │  Total tuning time   : 155.0s
    └─ Saved: models/binary_seed45_DecisionTree.pkl

  ────────────────────────────────────────────────────────
  Seed 46  |  task=binary
  ────────────────────────────────────────────────────────
  Train: 427,344 samples  |  Test: 183,148 samples

  [13/30] task=binary  seed=46  model=RandomForest

    ┌─ RandomForest [CPU]
    │  Fitting 20 candidates × 3 folds = 60 fits …
Fitting 3 folds for each of 20 candidates, totalling 60 fits
[CV] END max_depth=50, max_features=0.4, min_samples_leaf=1, min_samples_split=10, n_estimators=100; total time=   8.5s
[CV] END max_depth=50, max_features=0.4, min_samples_leaf=1, min_samples_split=10, n_estimators=100; total time=   8.6s
[CV] END max_depth=50, max_features=0.4, min_samples_leaf=1, min_samples_split=10, n_estimators=100; total time=   8.9s
[CV] END max_depth=20, max_features=0.2, min_samples_leaf=8, min_samples_split=2, n_estimators=200; total time=   7.0s
[CV] END max_depth=20, max_features=0.2, min_samples_leaf=8, min_samples_split=2, n_estimators=200; total time=   7.2s
[CV] END max_depth=20, max_features=0.2, min_samples_leaf=8, min_samples_split=2, n_estimators=200; total time=   7.3s
[CV] END max_depth=30, max_features=0.6, min_samples_leaf=16, min_samples_split=15, n_estimators=100; total time=  13.1s
[CV] END max_depth=30, max_features=0.6, min_samples_leaf=16, min_samples_split=15, n_estimators=100; total time=  13.4s
[CV] END max_depth=30, max_features=0.6, min_samples_leaf=16, min_samples_split=15, n_estimators=100; total time=  13.5s
[CV] END max_depth=30, max_features=0.6, min_samples_leaf=8, min_samples_split=2, n_estimators=200; total time=  25.7s
[CV] END max_depth=30, max_features=0.6, min_samples_leaf=8, min_samples_split=2, n_estimators=200; total time=  25.4s
[CV] END max_depth=30, max_features=0.6, min_samples_leaf=8, min_samples_split=2, n_estimators=200; total time=  26.0s
[CV] END max_depth=10, max_features=sqrt, min_samples_leaf=2, min_samples_split=5, n_estimators=500; total time=  11.8s
[CV] END max_depth=10, max_features=sqrt, min_samples_leaf=2, min_samples_split=5, n_estimators=500; total time=  11.7s
[CV] END max_depth=10, max_features=sqrt, min_samples_leaf=2, min_samples_split=5, n_estimators=500; total time=  11.9s
[CV] END max_depth=20, max_features=sqrt, min_samples_leaf=8, min_samples_split=15, n_estimators=100; total time=   2.8s
[CV] END max_depth=20, max_features=sqrt, min_samples_leaf=8, min_samples_split=15, n_estimators=100; total time=   3.0s
[CV] END max_depth=20, max_features=sqrt, min_samples_leaf=8, min_samples_split=15, n_estimators=100; total time=   3.0s
[CV] END max_depth=30, max_features=0.6, min_samples_leaf=8, min_samples_split=5, n_estimators=700; total time= 1.5min
[CV] END max_depth=30, max_features=0.6, min_samples_leaf=8, min_samples_split=5, n_estimators=700; total time= 1.5min
[CV] END max_depth=30, max_features=0.6, min_samples_leaf=8, min_samples_split=5, n_estimators=700; total time= 1.5min
[CV] END max_depth=50, max_features=0.6, min_samples_leaf=1, min_samples_split=20, n_estimators=700; total time= 1.5min
[CV] END max_depth=50, max_features=0.6, min_samples_leaf=1, min_samples_split=20, n_estimators=700; total time= 1.5min
[CV] END max_depth=50, max_features=0.6, min_samples_leaf=1, min_samples_split=20, n_estimators=700; total time= 1.5min
[CV] END max_depth=50, max_features=0.2, min_samples_leaf=2, min_samples_split=20, n_estimators=100; total time=   3.8s
[CV] END max_depth=50, max_features=0.2, min_samples_leaf=2, min_samples_split=20, n_estimators=100; total time=   3.9s
[CV] END max_depth=50, max_features=0.2, min_samples_leaf=2, min_samples_split=20, n_estimators=100; total time=   4.0s
[CV] END max_depth=50, max_features=log2, min_samples_leaf=4, min_samples_split=15, n_estimators=100; total time=   2.4s
[CV] END max_depth=50, max_features=log2, min_samples_leaf=4, min_samples_split=15, n_estimators=100; total time=   2.4s
[CV] END max_depth=50, max_features=log2, min_samples_leaf=4, min_samples_split=15, n_estimators=100; total time=   2.4s
[CV] END max_depth=None, max_features=0.6, min_samples_leaf=2, min_samples_split=15, n_estimators=700; total time= 1.5min
[CV] END max_depth=None, max_features=0.6, min_samples_leaf=2, min_samples_split=15, n_estimators=700; total time= 1.5min
[CV] END max_depth=None, max_features=0.6, min_samples_leaf=2, min_samples_split=15, n_estimators=700; total time= 1.5min
[CV] END max_depth=50, max_features=0.2, min_samples_leaf=8, min_samples_split=20, n_estimators=300; total time=  10.6s
[CV] END max_depth=50, max_features=0.2, min_samples_leaf=8, min_samples_split=20, n_estimators=300; total time=  10.4s
[CV] END max_depth=50, max_features=0.2, min_samples_leaf=8, min_samples_split=20, n_estimators=300; total time=  10.7s
[CV] END max_depth=10, max_features=log2, min_samples_leaf=4, min_samples_split=20, n_estimators=500; total time=  10.0s
[CV] END max_depth=10, max_features=log2, min_samples_leaf=4, min_samples_split=20, n_estimators=500; total time=  10.1s
[CV] END max_depth=10, max_features=log2, min_samples_leaf=4, min_samples_split=20, n_estimators=500; total time=  10.1s
[CV] END max_depth=10, max_features=log2, min_samples_leaf=2, min_samples_split=15, n_estimators=100; total time=   2.3s
[CV] END max_depth=10, max_features=log2, min_samples_leaf=2, min_samples_split=15, n_estimators=100; total time=   2.3s
[CV] END max_depth=10, max_features=log2, min_samples_leaf=2, min_samples_split=15, n_estimators=100; total time=   2.3s
[CV] END max_depth=None, max_features=0.6, min_samples_leaf=16, min_samples_split=10, n_estimators=100; total time=  13.5s
[CV] END max_depth=None, max_features=0.6, min_samples_leaf=16, min_samples_split=10, n_estimators=100; total time=  13.6s
[CV] END max_depth=None, max_features=0.6, min_samples_leaf=16, min_samples_split=10, n_estimators=100; total time=  13.9s
[CV] END max_depth=None, max_features=0.2, min_samples_leaf=8, min_samples_split=10, n_estimators=100; total time=   3.9s
[CV] END max_depth=None, max_features=0.2, min_samples_leaf=8, min_samples_split=10, n_estimators=100; total time=   3.7s
[CV] END max_depth=None, max_features=0.2, min_samples_leaf=8, min_samples_split=10, n_estimators=100; total time=   3.9s
[CV] END max_depth=20, max_features=0.6, min_samples_leaf=4, min_samples_split=20, n_estimators=300; total time=  37.8s
[CV] END max_depth=20, max_features=0.6, min_samples_leaf=4, min_samples_split=20, n_estimators=300; total time=  39.2s
[CV] END max_depth=20, max_features=0.6, min_samples_leaf=4, min_samples_split=20, n_estimators=300; total time=  38.9s
[CV] END max_depth=10, max_features=sqrt, min_samples_leaf=1, min_samples_split=15, n_estimators=300; total time=   7.3s
[CV] END max_depth=10, max_features=sqrt, min_samples_leaf=1, min_samples_split=15, n_estimators=300; total time=   7.2s
[CV] END max_depth=10, max_features=sqrt, min_samples_leaf=1, min_samples_split=15, n_estimators=300; total time=   7.4s
[CV] END max_depth=50, max_features=log2, min_samples_leaf=2, min_samples_split=20, n_estimators=700; total time=  14.9s
[CV] END max_depth=50, max_features=log2, min_samples_leaf=2, min_samples_split=20, n_estimators=700; total time=  14.9s
[CV] END max_depth=50, max_features=log2, min_samples_leaf=2, min_samples_split=20, n_estimators=700; total time=  15.1s
[CV] END max_depth=50, max_features=0.6, min_samples_leaf=1, min_samples_split=15, n_estimators=200; total time=  25.5s
[CV] END max_depth=50, max_features=0.6, min_samples_leaf=1, min_samples_split=15, n_estimators=200; total time=  26.7s
[CV] END max_depth=50, max_features=0.6, min_samples_leaf=1, min_samples_split=15, n_estimators=200; total time=  26.4s
    │  Best CV F1-weighted : 0.999656
    │  Best params         : {'n_estimators': 100, 'min_samples_split': 10, 'min_samples_leaf': 1, 'max_features': 0.4, 'max_depth': 50}
    │  Total tuning time   : 1422.2s
    └─ Saved: models/binary_seed46_RandomForest.pkl

  [14/30] task=binary  seed=46  model=XGBoost

    ┌─ XGBoost [GPU]
    │  Fitting 20 candidates × 3 folds = 60 fits …
Fitting 3 folds for each of 20 candidates, totalling 60 fits
[CV] END colsample_bytree=1.0, gamma=1.0, learning_rate=0.3, max_depth=5, n_estimators=500, subsample=1.0; total time=   1.0s
[CV] END colsample_bytree=1.0, gamma=1.0, learning_rate=0.3, max_depth=5, n_estimators=500, subsample=1.0; total time=   0.9s
[CV] END colsample_bytree=1.0, gamma=1.0, learning_rate=0.3, max_depth=5, n_estimators=500, subsample=1.0; total time=   0.9s
[CV] END colsample_bytree=0.8, gamma=0.05, learning_rate=0.01, max_depth=12, n_estimators=200, subsample=0.6; total time=   1.3s
[CV] END colsample_bytree=0.8, gamma=0.05, learning_rate=0.01, max_depth=12, n_estimators=200, subsample=0.6; total time=   1.3s
[CV] END colsample_bytree=0.8, gamma=0.05, learning_rate=0.01, max_depth=12, n_estimators=200, subsample=0.6; total time=   1.4s
[CV] END colsample_bytree=1.0, gamma=0.1, learning_rate=0.01, max_depth=12, n_estimators=300, subsample=1.0; total time=   1.9s
[CV] END colsample_bytree=1.0, gamma=0.1, learning_rate=0.01, max_depth=12, n_estimators=300, subsample=1.0; total time=   1.9s
[CV] END colsample_bytree=1.0, gamma=0.1, learning_rate=0.01, max_depth=12, n_estimators=300, subsample=1.0; total time=   2.0s
[CV] END colsample_bytree=0.8, gamma=0.1, learning_rate=0.01, max_depth=5, n_estimators=400, subsample=0.5; total time=   1.4s
[CV] END colsample_bytree=0.8, gamma=0.1, learning_rate=0.01, max_depth=5, n_estimators=400, subsample=0.5; total time=   1.4s
[CV] END colsample_bytree=0.8, gamma=0.1, learning_rate=0.01, max_depth=5, n_estimators=400, subsample=0.5; total time=   1.4s
[CV] END colsample_bytree=0.5, gamma=0.5, learning_rate=0.3, max_depth=12, n_estimators=400, subsample=0.5; total time=   1.3s
[CV] END colsample_bytree=0.5, gamma=0.5, learning_rate=0.3, max_depth=12, n_estimators=400, subsample=0.5; total time=   1.2s
[CV] END colsample_bytree=0.5, gamma=0.5, learning_rate=0.3, max_depth=12, n_estimators=400, subsample=0.5; total time=   1.3s
[CV] END colsample_bytree=0.5, gamma=0.5, learning_rate=0.3, max_depth=9, n_estimators=100, subsample=0.6; total time=   0.5s
[CV] END colsample_bytree=0.5, gamma=0.5, learning_rate=0.3, max_depth=9, n_estimators=100, subsample=0.6; total time=   0.5s
[CV] END colsample_bytree=0.5, gamma=0.5, learning_rate=0.3, max_depth=9, n_estimators=100, subsample=0.6; total time=   0.5s
[CV] END colsample_bytree=0.5, gamma=0.05, learning_rate=0.01, max_depth=5, n_estimators=200, subsample=0.9; total time=   0.8s
[CV] END colsample_bytree=0.5, gamma=0.05, learning_rate=0.01, max_depth=5, n_estimators=200, subsample=0.9; total time=   0.8s
[CV] END colsample_bytree=0.5, gamma=0.05, learning_rate=0.01, max_depth=5, n_estimators=200, subsample=0.9; total time=   0.8s
[CV] END colsample_bytree=0.6, gamma=0.05, learning_rate=0.01, max_depth=5, n_estimators=300, subsample=0.8; total time=   1.1s
[CV] END colsample_bytree=0.6, gamma=0.05, learning_rate=0.01, max_depth=5, n_estimators=300, subsample=0.8; total time=   1.1s
[CV] END colsample_bytree=0.6, gamma=0.05, learning_rate=0.01, max_depth=5, n_estimators=300, subsample=0.8; total time=   1.1s
[CV] END colsample_bytree=0.6, gamma=0.05, learning_rate=0.05, max_depth=7, n_estimators=200, subsample=0.9; total time=   0.9s
[CV] END colsample_bytree=0.6, gamma=0.05, learning_rate=0.05, max_depth=7, n_estimators=200, subsample=0.9; total time=   0.9s
[CV] END colsample_bytree=0.6, gamma=0.05, learning_rate=0.05, max_depth=7, n_estimators=200, subsample=0.9; total time=   0.9s
[CV] END colsample_bytree=0.6, gamma=0.5, learning_rate=0.2, max_depth=7, n_estimators=300, subsample=0.6; total time=   1.0s
[CV] END colsample_bytree=0.6, gamma=0.5, learning_rate=0.2, max_depth=7, n_estimators=300, subsample=0.6; total time=   1.0s
[CV] END colsample_bytree=0.6, gamma=0.5, learning_rate=0.2, max_depth=7, n_estimators=300, subsample=0.6; total time=   1.0s
[CV] END colsample_bytree=0.5, gamma=0.5, learning_rate=0.3, max_depth=9, n_estimators=200, subsample=1.0; total time=   0.6s
[CV] END colsample_bytree=0.5, gamma=0.5, learning_rate=0.3, max_depth=9, n_estimators=200, subsample=1.0; total time=   0.6s
[CV] END colsample_bytree=0.5, gamma=0.5, learning_rate=0.3, max_depth=9, n_estimators=200, subsample=1.0; total time=   0.6s
[CV] END colsample_bytree=0.8, gamma=0.05, learning_rate=0.05, max_depth=12, n_estimators=500, subsample=0.5; total time=   2.5s
[CV] END colsample_bytree=0.8, gamma=0.05, learning_rate=0.05, max_depth=12, n_estimators=500, subsample=0.5; total time=   2.5s
[CV] END colsample_bytree=0.8, gamma=0.05, learning_rate=0.05, max_depth=12, n_estimators=500, subsample=0.5; total time=   2.5s
[CV] END colsample_bytree=1.0, gamma=1.0, learning_rate=0.01, max_depth=9, n_estimators=200, subsample=0.9; total time=   1.1s
[CV] END colsample_bytree=1.0, gamma=1.0, learning_rate=0.01, max_depth=9, n_estimators=200, subsample=0.9; total time=   1.1s
[CV] END colsample_bytree=1.0, gamma=1.0, learning_rate=0.01, max_depth=9, n_estimators=200, subsample=0.9; total time=   1.1s
[CV] END colsample_bytree=0.9, gamma=0.1, learning_rate=0.1, max_depth=3, n_estimators=200, subsample=0.8; total time=   0.6s
[CV] END colsample_bytree=0.9, gamma=0.1, learning_rate=0.1, max_depth=3, n_estimators=200, subsample=0.8; total time=   0.6s
[CV] END colsample_bytree=0.9, gamma=0.1, learning_rate=0.1, max_depth=3, n_estimators=200, subsample=0.8; total time=   0.6s
[CV] END colsample_bytree=0.9, gamma=0.5, learning_rate=0.01, max_depth=9, n_estimators=300, subsample=0.6; total time=   1.6s
[CV] END colsample_bytree=0.9, gamma=0.5, learning_rate=0.01, max_depth=9, n_estimators=300, subsample=0.6; total time=   1.6s
[CV] END colsample_bytree=0.9, gamma=0.5, learning_rate=0.01, max_depth=9, n_estimators=300, subsample=0.6; total time=   1.6s
[CV] END colsample_bytree=0.5, gamma=0, learning_rate=0.3, max_depth=5, n_estimators=400, subsample=1.0; total time=   1.4s
[CV] END colsample_bytree=0.5, gamma=0, learning_rate=0.3, max_depth=5, n_estimators=400, subsample=1.0; total time=   1.5s
[CV] END colsample_bytree=0.5, gamma=0, learning_rate=0.3, max_depth=5, n_estimators=400, subsample=1.0; total time=   1.4s
[CV] END colsample_bytree=0.9, gamma=0.1, learning_rate=0.2, max_depth=5, n_estimators=300, subsample=1.0; total time=   0.8s
[CV] END colsample_bytree=0.9, gamma=0.1, learning_rate=0.2, max_depth=5, n_estimators=300, subsample=1.0; total time=   0.9s
[CV] END colsample_bytree=0.9, gamma=0.1, learning_rate=0.2, max_depth=5, n_estimators=300, subsample=1.0; total time=   0.9s
[CV] END colsample_bytree=1.0, gamma=0, learning_rate=0.3, max_depth=12, n_estimators=300, subsample=0.6; total time=   1.4s
[CV] END colsample_bytree=1.0, gamma=0, learning_rate=0.3, max_depth=12, n_estimators=300, subsample=0.6; total time=   1.5s
[CV] END colsample_bytree=1.0, gamma=0, learning_rate=0.3, max_depth=12, n_estimators=300, subsample=0.6; total time=   1.4s
[CV] END colsample_bytree=0.8, gamma=1.0, learning_rate=0.05, max_depth=12, n_estimators=200, subsample=0.8; total time=   1.1s
[CV] END colsample_bytree=0.8, gamma=1.0, learning_rate=0.05, max_depth=12, n_estimators=200, subsample=0.8; total time=   1.1s
[CV] END colsample_bytree=0.8, gamma=1.0, learning_rate=0.05, max_depth=12, n_estimators=200, subsample=0.8; total time=   1.1s
[CV] END colsample_bytree=0.8, gamma=1.0, learning_rate=0.01, max_depth=7, n_estimators=100, subsample=0.8; total time=   0.6s
[CV] END colsample_bytree=0.8, gamma=1.0, learning_rate=0.01, max_depth=7, n_estimators=100, subsample=0.8; total time=   0.6s
[CV] END colsample_bytree=0.8, gamma=1.0, learning_rate=0.01, max_depth=7, n_estimators=100, subsample=0.8; total time=   0.6s
    │  Best CV F1-weighted : 0.999752
    │  Best params         : {'subsample': 0.6, 'n_estimators': 100, 'max_depth': 9, 'learning_rate': 0.3, 'gamma': 0.5, 'colsample_bytree': 0.5}
    │  Total tuning time   : 70.5s
    └─ Saved: models/binary_seed46_XGBoost.pkl

  [15/30] task=binary  seed=46  model=DecisionTree

    ┌─ DecisionTree [CPU]
    │  Fitting 20 candidates × 3 folds = 60 fits …
Fitting 3 folds for each of 20 candidates, totalling 60 fits
[CV] END criterion=gini, max_depth=20, min_samples_leaf=1, min_samples_split=5, splitter=random; total time=   0.6s
[CV] END criterion=gini, max_depth=20, min_samples_leaf=1, min_samples_split=5, splitter=random; total time=   0.6s
[CV] END criterion=gini, max_depth=20, min_samples_leaf=1, min_samples_split=5, splitter=random; total time=   0.8s
[CV] END criterion=gini, max_depth=30, min_samples_leaf=4, min_samples_split=10, splitter=best; total time=   5.4s
[CV] END criterion=gini, max_depth=30, min_samples_leaf=4, min_samples_split=10, splitter=best; total time=   5.3s
[CV] END criterion=gini, max_depth=30, min_samples_leaf=4, min_samples_split=10, splitter=best; total time=   6.1s
[CV] END criterion=gini, max_depth=10, min_samples_leaf=1, min_samples_split=50, splitter=best; total time=   3.8s
[CV] END criterion=gini, max_depth=10, min_samples_leaf=1, min_samples_split=50, splitter=best; total time=   3.8s
[CV] END criterion=gini, max_depth=10, min_samples_leaf=1, min_samples_split=50, splitter=best; total time=   3.9s
[CV] END criterion=gini, max_depth=30, min_samples_leaf=16, min_samples_split=20, splitter=random; total time=   0.6s
[CV] END criterion=gini, max_depth=30, min_samples_leaf=16, min_samples_split=20, splitter=random; total time=   0.5s
[CV] END criterion=gini, max_depth=30, min_samples_leaf=16, min_samples_split=20, splitter=random; total time=   0.9s
[CV] END criterion=gini, max_depth=20, min_samples_leaf=2, min_samples_split=10, splitter=random; total time=   0.7s
[CV] END criterion=gini, max_depth=20, min_samples_leaf=2, min_samples_split=10, splitter=random; total time=   0.7s
[CV] END criterion=gini, max_depth=20, min_samples_leaf=2, min_samples_split=10, splitter=random; total time=   0.9s
[CV] END criterion=entropy, max_depth=5, min_samples_leaf=1, min_samples_split=10, splitter=random; total time=   0.3s
[CV] END criterion=entropy, max_depth=5, min_samples_leaf=1, min_samples_split=10, splitter=random; total time=   0.4s
[CV] END criterion=entropy, max_depth=5, min_samples_leaf=1, min_samples_split=10, splitter=random; total time=   0.4s
[CV] END criterion=entropy, max_depth=10, min_samples_leaf=8, min_samples_split=5, splitter=best; total time=   3.8s
[CV] END criterion=entropy, max_depth=10, min_samples_leaf=8, min_samples_split=5, splitter=best; total time=   3.4s
[CV] END criterion=entropy, max_depth=10, min_samples_leaf=8, min_samples_split=5, splitter=best; total time=   3.9s
[CV] END criterion=gini, max_depth=None, min_samples_leaf=2, min_samples_split=2, splitter=best; total time=   5.4s
[CV] END criterion=gini, max_depth=None, min_samples_leaf=2, min_samples_split=2, splitter=best; total time=   5.5s
[CV] END criterion=gini, max_depth=None, min_samples_leaf=2, min_samples_split=2, splitter=best; total time=   5.9s
[CV] END criterion=gini, max_depth=5, min_samples_leaf=1, min_samples_split=20, splitter=best; total time=   2.1s
[CV] END criterion=gini, max_depth=5, min_samples_leaf=1, min_samples_split=20, splitter=best; total time=   2.2s
[CV] END criterion=gini, max_depth=5, min_samples_leaf=1, min_samples_split=20, splitter=best; total time=   2.2s
[CV] END criterion=gini, max_depth=5, min_samples_leaf=1, min_samples_split=10, splitter=random; total time=   0.4s
[CV] END criterion=gini, max_depth=5, min_samples_leaf=1, min_samples_split=10, splitter=random; total time=   0.4s
[CV] END criterion=gini, max_depth=5, min_samples_leaf=1, min_samples_split=10, splitter=random; total time=   0.4s
[CV] END criterion=entropy, max_depth=5, min_samples_leaf=1, min_samples_split=50, splitter=best; total time=   2.4s
[CV] END criterion=entropy, max_depth=5, min_samples_leaf=1, min_samples_split=50, splitter=best; total time=   2.4s
[CV] END criterion=entropy, max_depth=5, min_samples_leaf=1, min_samples_split=50, splitter=best; total time=   2.4s
[CV] END criterion=entropy, max_depth=None, min_samples_leaf=8, min_samples_split=5, splitter=best; total time=   4.0s
[CV] END criterion=entropy, max_depth=None, min_samples_leaf=8, min_samples_split=5, splitter=best; total time=   3.4s
[CV] END criterion=entropy, max_depth=None, min_samples_leaf=8, min_samples_split=5, splitter=best; total time=   4.0s
[CV] END criterion=gini, max_depth=10, min_samples_leaf=8, min_samples_split=5, splitter=best; total time=   3.7s
[CV] END criterion=gini, max_depth=10, min_samples_leaf=8, min_samples_split=5, splitter=best; total time=   3.6s
[CV] END criterion=gini, max_depth=10, min_samples_leaf=8, min_samples_split=5, splitter=best; total time=   4.0s
[CV] END criterion=gini, max_depth=10, min_samples_leaf=16, min_samples_split=5, splitter=random; total time=   0.5s
[CV] END criterion=gini, max_depth=10, min_samples_leaf=16, min_samples_split=5, splitter=random; total time=   0.5s
[CV] END criterion=gini, max_depth=10, min_samples_leaf=16, min_samples_split=5, splitter=random; total time=   0.6s
[CV] END criterion=entropy, max_depth=10, min_samples_leaf=1, min_samples_split=5, splitter=random; total time=   0.4s
[CV] END criterion=entropy, max_depth=10, min_samples_leaf=1, min_samples_split=5, splitter=random; total time=   0.4s
[CV] END criterion=entropy, max_depth=10, min_samples_leaf=1, min_samples_split=5, splitter=random; total time=   0.4s
[CV] END criterion=gini, max_depth=5, min_samples_leaf=4, min_samples_split=20, splitter=random; total time=   0.3s
[CV] END criterion=gini, max_depth=5, min_samples_leaf=4, min_samples_split=20, splitter=random; total time=   0.3s
[CV] END criterion=gini, max_depth=5, min_samples_leaf=4, min_samples_split=20, splitter=random; total time=   0.4s
[CV] END criterion=entropy, max_depth=10, min_samples_leaf=4, min_samples_split=50, splitter=best; total time=   3.7s
[CV] END criterion=entropy, max_depth=10, min_samples_leaf=4, min_samples_split=50, splitter=best; total time=   3.4s
[CV] END criterion=entropy, max_depth=10, min_samples_leaf=4, min_samples_split=50, splitter=best; total time=   3.9s
[CV] END criterion=entropy, max_depth=5, min_samples_leaf=1, min_samples_split=10, splitter=best; total time=   2.4s
[CV] END criterion=entropy, max_depth=5, min_samples_leaf=1, min_samples_split=10, splitter=best; total time=   2.4s
[CV] END criterion=entropy, max_depth=5, min_samples_leaf=1, min_samples_split=10, splitter=best; total time=   2.4s
[CV] END criterion=entropy, max_depth=10, min_samples_leaf=16, min_samples_split=5, splitter=best; total time=   3.7s
[CV] END criterion=entropy, max_depth=10, min_samples_leaf=16, min_samples_split=5, splitter=best; total time=   3.4s
[CV] END criterion=entropy, max_depth=10, min_samples_leaf=16, min_samples_split=5, splitter=best; total time=   3.8s
[CV] END criterion=entropy, max_depth=None, min_samples_leaf=4, min_samples_split=10, splitter=random; total time=   0.4s
[CV] END criterion=entropy, max_depth=None, min_samples_leaf=4, min_samples_split=10, splitter=random; total time=   0.4s
[CV] END criterion=entropy, max_depth=None, min_samples_leaf=4, min_samples_split=10, splitter=random; total time=   0.5s
    │  Best CV F1-weighted : 0.999462
    │  Best params         : {'splitter': 'best', 'min_samples_split': 5, 'min_samples_leaf': 8, 'max_depth': None, 'criterion': 'entropy'}
    │  Total tuning time   : 141.5s
    └─ Saved: models/binary_seed46_DecisionTree.pkl

================================================================
  TASK: MULTICLASS
================================================================

  ────────────────────────────────────────────────────────
  Seed 42  |  task=multiclass
  ────────────────────────────────────────────────────────
  Train: 427,344 samples  |  Test: 183,148 samples

  [16/30] task=multiclass  seed=42  model=RandomForest

    ┌─ RandomForest [CPU]
    │  Fitting 20 candidates × 3 folds = 60 fits …
Fitting 3 folds for each of 20 candidates, totalling 60 fits
[CV] END max_depth=10, max_features=log2, min_samples_leaf=16, min_samples_split=10, n_estimators=100; total time=   2.4s
[CV] END max_depth=10, max_features=log2, min_samples_leaf=16, min_samples_split=10, n_estimators=100; total time=   2.4s
[CV] END max_depth=10, max_features=log2, min_samples_leaf=16, min_samples_split=10, n_estimators=100; total time=   2.4s
[CV] END max_depth=20, max_features=sqrt, min_samples_leaf=2, min_samples_split=15, n_estimators=700; total time=  18.5s
[CV] END max_depth=20, max_features=sqrt, min_samples_leaf=2, min_samples_split=15, n_estimators=700; total time=  18.9s
[CV] END max_depth=20, max_features=sqrt, min_samples_leaf=2, min_samples_split=15, n_estimators=700; total time=  18.5s
[CV] END max_depth=10, max_features=0.6, min_samples_leaf=1, min_samples_split=5, n_estimators=100; total time=   9.6s
[CV] END max_depth=10, max_features=0.6, min_samples_leaf=1, min_samples_split=5, n_estimators=100; total time=   9.5s
[CV] END max_depth=10, max_features=0.6, min_samples_leaf=1, min_samples_split=5, n_estimators=100; total time=   9.8s
[CV] END max_depth=10, max_features=0.4, min_samples_leaf=8, min_samples_split=20, n_estimators=100; total time=   6.4s
[CV] END max_depth=10, max_features=0.4, min_samples_leaf=8, min_samples_split=20, n_estimators=100; total time=   6.4s
[CV] END max_depth=10, max_features=0.4, min_samples_leaf=8, min_samples_split=20, n_estimators=100; total time=   6.5s
[CV] END max_depth=50, max_features=0.6, min_samples_leaf=8, min_samples_split=15, n_estimators=300; total time=  39.6s
[CV] END max_depth=50, max_features=0.6, min_samples_leaf=8, min_samples_split=15, n_estimators=300; total time=  38.3s
[CV] END max_depth=50, max_features=0.6, min_samples_leaf=8, min_samples_split=15, n_estimators=300; total time=  38.7s
[CV] END max_depth=20, max_features=0.4, min_samples_leaf=1, min_samples_split=10, n_estimators=500; total time=  40.1s
[CV] END max_depth=20, max_features=0.4, min_samples_leaf=1, min_samples_split=10, n_estimators=500; total time=  40.1s
[CV] END max_depth=20, max_features=0.4, min_samples_leaf=1, min_samples_split=10, n_estimators=500; total time=  39.7s
[CV] END max_depth=30, max_features=0.2, min_samples_leaf=2, min_samples_split=15, n_estimators=700; total time=  25.5s
[CV] END max_depth=30, max_features=0.2, min_samples_leaf=2, min_samples_split=15, n_estimators=700; total time=  25.0s
[CV] END max_depth=30, max_features=0.2, min_samples_leaf=2, min_samples_split=15, n_estimators=700; total time=  24.9s
[CV] END max_depth=None, max_features=0.4, min_samples_leaf=8, min_samples_split=15, n_estimators=200; total time=  16.4s
[CV] END max_depth=None, max_features=0.4, min_samples_leaf=8, min_samples_split=15, n_estimators=200; total time=  16.1s
[CV] END max_depth=None, max_features=0.4, min_samples_leaf=8, min_samples_split=15, n_estimators=200; total time=  16.3s
[CV] END max_depth=10, max_features=0.6, min_samples_leaf=16, min_samples_split=10, n_estimators=500; total time=  43.1s
[CV] END max_depth=10, max_features=0.6, min_samples_leaf=16, min_samples_split=10, n_estimators=500; total time=  43.4s
[CV] END max_depth=10, max_features=0.6, min_samples_leaf=16, min_samples_split=10, n_estimators=500; total time=  43.7s
[CV] END max_depth=None, max_features=0.2, min_samples_leaf=8, min_samples_split=5, n_estimators=100; total time=   4.2s
[CV] END max_depth=None, max_features=0.2, min_samples_leaf=8, min_samples_split=5, n_estimators=100; total time=   4.0s
[CV] END max_depth=None, max_features=0.2, min_samples_leaf=8, min_samples_split=5, n_estimators=100; total time=   4.2s
[CV] END max_depth=20, max_features=log2, min_samples_leaf=16, min_samples_split=5, n_estimators=300; total time=   7.1s
[CV] END max_depth=20, max_features=log2, min_samples_leaf=16, min_samples_split=5, n_estimators=300; total time=   6.8s
[CV] END max_depth=20, max_features=log2, min_samples_leaf=16, min_samples_split=5, n_estimators=300; total time=   6.9s
[CV] END max_depth=30, max_features=0.2, min_samples_leaf=1, min_samples_split=10, n_estimators=100; total time=   4.1s
[CV] END max_depth=30, max_features=0.2, min_samples_leaf=1, min_samples_split=10, n_estimators=100; total time=   4.1s
[CV] END max_depth=30, max_features=0.2, min_samples_leaf=1, min_samples_split=10, n_estimators=100; total time=   4.1s
[CV] END max_depth=50, max_features=0.4, min_samples_leaf=2, min_samples_split=15, n_estimators=700; total time=  56.7s
[CV] END max_depth=50, max_features=0.4, min_samples_leaf=2, min_samples_split=15, n_estimators=700; total time=  55.4s
[CV] END max_depth=50, max_features=0.4, min_samples_leaf=2, min_samples_split=15, n_estimators=700; total time=  55.3s
[CV] END max_depth=None, max_features=log2, min_samples_leaf=1, min_samples_split=5, n_estimators=100; total time=   2.7s
[CV] END max_depth=None, max_features=log2, min_samples_leaf=1, min_samples_split=5, n_estimators=100; total time=   2.6s
[CV] END max_depth=None, max_features=log2, min_samples_leaf=1, min_samples_split=5, n_estimators=100; total time=   2.6s
[CV] END max_depth=20, max_features=0.4, min_samples_leaf=4, min_samples_split=10, n_estimators=100; total time=   8.6s
[CV] END max_depth=20, max_features=0.4, min_samples_leaf=4, min_samples_split=10, n_estimators=100; total time=   8.8s
[CV] END max_depth=20, max_features=0.4, min_samples_leaf=4, min_samples_split=10, n_estimators=100; total time=   8.5s
[CV] END max_depth=10, max_features=log2, min_samples_leaf=1, min_samples_split=15, n_estimators=700; total time=  14.8s
[CV] END max_depth=10, max_features=log2, min_samples_leaf=1, min_samples_split=15, n_estimators=700; total time=  14.6s
[CV] END max_depth=10, max_features=log2, min_samples_leaf=1, min_samples_split=15, n_estimators=700; total time=  14.5s
[CV] END max_depth=30, max_features=0.6, min_samples_leaf=1, min_samples_split=15, n_estimators=200; total time=  27.1s
[CV] END max_depth=30, max_features=0.6, min_samples_leaf=1, min_samples_split=15, n_estimators=200; total time=  26.4s
[CV] END max_depth=30, max_features=0.6, min_samples_leaf=1, min_samples_split=15, n_estimators=200; total time=  26.1s
[CV] END max_depth=20, max_features=0.2, min_samples_leaf=1, min_samples_split=15, n_estimators=100; total time=   4.1s
[CV] END max_depth=20, max_features=0.2, min_samples_leaf=1, min_samples_split=15, n_estimators=100; total time=   4.2s
[CV] END max_depth=20, max_features=0.2, min_samples_leaf=1, min_samples_split=15, n_estimators=100; total time=   4.1s
[CV] END max_depth=50, max_features=0.2, min_samples_leaf=16, min_samples_split=2, n_estimators=500; total time=  18.1s
[CV] END max_depth=50, max_features=0.2, min_samples_leaf=16, min_samples_split=2, n_estimators=500; total time=  18.1s
[CV] END max_depth=50, max_features=0.2, min_samples_leaf=16, min_samples_split=2, n_estimators=500; total time=  18.0s
[CV] END max_depth=30, max_features=0.6, min_samples_leaf=4, min_samples_split=5, n_estimators=500; total time= 1.1min
[CV] END max_depth=30, max_features=0.6, min_samples_leaf=4, min_samples_split=5, n_estimators=500; total time= 1.1min
[CV] END max_depth=30, max_features=0.6, min_samples_leaf=4, min_samples_split=5, n_estimators=500; total time= 1.1min
    │  Best CV F1-weighted : 0.999433
    │  Best params         : {'n_estimators': 500, 'min_samples_split': 10, 'min_samples_leaf': 1, 'max_features': 0.4, 'max_depth': 20}
    │  Total tuning time   : 1300.0s
    └─ Saved: models/multiclass_seed42_RandomForest.pkl

  [17/30] task=multiclass  seed=42  model=XGBoost

    ┌─ XGBoost [GPU]
    │  Fitting 20 candidates × 3 folds = 60 fits …
Fitting 3 folds for each of 20 candidates, totalling 60 fits
[CV] END colsample_bytree=0.8, gamma=0.05, learning_rate=0.2, max_depth=3, n_estimators=500, subsample=0.5; total time=   7.2s
[CV] END colsample_bytree=0.8, gamma=0.05, learning_rate=0.2, max_depth=3, n_estimators=500, subsample=0.5; total time=   6.8s
[CV] END colsample_bytree=0.8, gamma=0.05, learning_rate=0.2, max_depth=3, n_estimators=500, subsample=0.5; total time=   6.9s
[CV] END colsample_bytree=0.5, gamma=0.05, learning_rate=0.05, max_depth=12, n_estimators=300, subsample=0.5; total time=   7.4s
[CV] END colsample_bytree=0.5, gamma=0.05, learning_rate=0.05, max_depth=12, n_estimators=300, subsample=0.5; total time=   7.3s
[CV] END colsample_bytree=0.5, gamma=0.05, learning_rate=0.05, max_depth=12, n_estimators=300, subsample=0.5; total time=   7.3s
[CV] END colsample_bytree=0.6, gamma=0.5, learning_rate=0.2, max_depth=3, n_estimators=400, subsample=0.5; total time=   4.9s
[CV] END colsample_bytree=0.6, gamma=0.5, learning_rate=0.2, max_depth=3, n_estimators=400, subsample=0.5; total time=   4.8s
[CV] END colsample_bytree=0.6, gamma=0.5, learning_rate=0.2, max_depth=3, n_estimators=400, subsample=0.5; total time=   4.8s
[CV] END colsample_bytree=1.0, gamma=0.05, learning_rate=0.1, max_depth=5, n_estimators=400, subsample=0.9; total time=   6.9s
[CV] END colsample_bytree=1.0, gamma=0.05, learning_rate=0.1, max_depth=5, n_estimators=400, subsample=0.9; total time=   6.7s
[CV] END colsample_bytree=1.0, gamma=0.05, learning_rate=0.1, max_depth=5, n_estimators=400, subsample=0.9; total time=   6.8s
[CV] END colsample_bytree=0.6, gamma=0.5, learning_rate=0.05, max_depth=7, n_estimators=400, subsample=0.6; total time=   6.6s
[CV] END colsample_bytree=0.6, gamma=0.5, learning_rate=0.05, max_depth=7, n_estimators=400, subsample=0.6; total time=   6.6s
[CV] END colsample_bytree=0.6, gamma=0.5, learning_rate=0.05, max_depth=7, n_estimators=400, subsample=0.6; total time=   6.6s
[CV] END colsample_bytree=0.9, gamma=1.0, learning_rate=0.01, max_depth=9, n_estimators=300, subsample=1.0; total time=   7.0s
[CV] END colsample_bytree=0.9, gamma=1.0, learning_rate=0.01, max_depth=9, n_estimators=300, subsample=1.0; total time=   6.8s
[CV] END colsample_bytree=0.9, gamma=1.0, learning_rate=0.01, max_depth=9, n_estimators=300, subsample=1.0; total time=   6.7s
[CV] END colsample_bytree=0.9, gamma=0.5, learning_rate=0.01, max_depth=5, n_estimators=200, subsample=1.0; total time=   3.6s
[CV] END colsample_bytree=0.9, gamma=0.5, learning_rate=0.01, max_depth=5, n_estimators=200, subsample=1.0; total time=   3.5s
[CV] END colsample_bytree=0.9, gamma=0.5, learning_rate=0.01, max_depth=5, n_estimators=200, subsample=1.0; total time=   3.5s
[CV] END colsample_bytree=0.6, gamma=1.0, learning_rate=0.01, max_depth=12, n_estimators=200, subsample=1.0; total time=   5.3s
[CV] END colsample_bytree=0.6, gamma=1.0, learning_rate=0.01, max_depth=12, n_estimators=200, subsample=1.0; total time=   5.2s
[CV] END colsample_bytree=0.6, gamma=1.0, learning_rate=0.01, max_depth=12, n_estimators=200, subsample=1.0; total time=   5.2s
[CV] END colsample_bytree=0.8, gamma=0, learning_rate=0.01, max_depth=3, n_estimators=400, subsample=0.5; total time=   5.9s
[CV] END colsample_bytree=0.8, gamma=0, learning_rate=0.01, max_depth=3, n_estimators=400, subsample=0.5; total time=   5.7s
[CV] END colsample_bytree=0.8, gamma=0, learning_rate=0.01, max_depth=3, n_estimators=400, subsample=0.5; total time=   5.7s
[CV] END colsample_bytree=0.5, gamma=0, learning_rate=0.2, max_depth=9, n_estimators=400, subsample=0.6; total time=   8.6s
[CV] END colsample_bytree=0.5, gamma=0, learning_rate=0.2, max_depth=9, n_estimators=400, subsample=0.6; total time=   8.5s
[CV] END colsample_bytree=0.5, gamma=0, learning_rate=0.2, max_depth=9, n_estimators=400, subsample=0.6; total time=   8.5s
[CV] END colsample_bytree=1.0, gamma=0.05, learning_rate=0.2, max_depth=5, n_estimators=100, subsample=0.6; total time=   2.0s
[CV] END colsample_bytree=1.0, gamma=0.05, learning_rate=0.2, max_depth=5, n_estimators=100, subsample=0.6; total time=   2.0s
[CV] END colsample_bytree=1.0, gamma=0.05, learning_rate=0.2, max_depth=5, n_estimators=100, subsample=0.6; total time=   2.0s
[CV] END colsample_bytree=0.6, gamma=0.1, learning_rate=0.01, max_depth=7, n_estimators=100, subsample=0.6; total time=   2.2s
[CV] END colsample_bytree=0.6, gamma=0.1, learning_rate=0.01, max_depth=7, n_estimators=100, subsample=0.6; total time=   2.2s
[CV] END colsample_bytree=0.6, gamma=0.1, learning_rate=0.01, max_depth=7, n_estimators=100, subsample=0.6; total time=   2.2s
[CV] END colsample_bytree=0.6, gamma=0.5, learning_rate=0.3, max_depth=9, n_estimators=100, subsample=0.9; total time=   1.6s
[CV] END colsample_bytree=0.6, gamma=0.5, learning_rate=0.3, max_depth=9, n_estimators=100, subsample=0.9; total time=   1.5s
[CV] END colsample_bytree=0.6, gamma=0.5, learning_rate=0.3, max_depth=9, n_estimators=100, subsample=0.9; total time=   1.6s
[CV] END colsample_bytree=1.0, gamma=0.5, learning_rate=0.01, max_depth=5, n_estimators=500, subsample=0.9; total time=   9.1s
[CV] END colsample_bytree=1.0, gamma=0.5, learning_rate=0.01, max_depth=5, n_estimators=500, subsample=0.9; total time=   8.7s
[CV] END colsample_bytree=1.0, gamma=0.5, learning_rate=0.01, max_depth=5, n_estimators=500, subsample=0.9; total time=   8.7s
[CV] END colsample_bytree=0.9, gamma=0.5, learning_rate=0.2, max_depth=3, n_estimators=300, subsample=0.6; total time=   3.7s
[CV] END colsample_bytree=0.9, gamma=0.5, learning_rate=0.2, max_depth=3, n_estimators=300, subsample=0.6; total time=   3.6s
[CV] END colsample_bytree=0.9, gamma=0.5, learning_rate=0.2, max_depth=3, n_estimators=300, subsample=0.6; total time=   3.6s
[CV] END colsample_bytree=0.9, gamma=0.5, learning_rate=0.01, max_depth=12, n_estimators=300, subsample=0.9; total time=   7.6s
[CV] END colsample_bytree=0.9, gamma=0.5, learning_rate=0.01, max_depth=12, n_estimators=300, subsample=0.9; total time=   7.4s
[CV] END colsample_bytree=0.9, gamma=0.5, learning_rate=0.01, max_depth=12, n_estimators=300, subsample=0.9; total time=   7.4s
[CV] END colsample_bytree=0.9, gamma=0.1, learning_rate=0.2, max_depth=12, n_estimators=300, subsample=0.6; total time=   5.5s
[CV] END colsample_bytree=0.9, gamma=0.1, learning_rate=0.2, max_depth=12, n_estimators=300, subsample=0.6; total time=   5.4s
[CV] END colsample_bytree=0.9, gamma=0.1, learning_rate=0.2, max_depth=12, n_estimators=300, subsample=0.6; total time=   5.5s
[CV] END colsample_bytree=0.8, gamma=0.5, learning_rate=0.05, max_depth=7, n_estimators=500, subsample=0.8; total time=   7.1s
[CV] END colsample_bytree=0.8, gamma=0.5, learning_rate=0.05, max_depth=7, n_estimators=500, subsample=0.8; total time=   7.0s
[CV] END colsample_bytree=0.8, gamma=0.5, learning_rate=0.05, max_depth=7, n_estimators=500, subsample=0.8; total time=   7.0s
[CV] END colsample_bytree=0.5, gamma=0.1, learning_rate=0.2, max_depth=7, n_estimators=300, subsample=0.5; total time=   5.2s
[CV] END colsample_bytree=0.5, gamma=0.1, learning_rate=0.2, max_depth=7, n_estimators=300, subsample=0.5; total time=   5.2s
[CV] END colsample_bytree=0.5, gamma=0.1, learning_rate=0.2, max_depth=7, n_estimators=300, subsample=0.5; total time=   5.2s
[CV] END colsample_bytree=0.5, gamma=0.05, learning_rate=0.05, max_depth=3, n_estimators=400, subsample=1.0; total time=   5.4s
[CV] END colsample_bytree=0.5, gamma=0.05, learning_rate=0.05, max_depth=3, n_estimators=400, subsample=1.0; total time=   5.3s
[CV] END colsample_bytree=0.5, gamma=0.05, learning_rate=0.05, max_depth=3, n_estimators=400, subsample=1.0; total time=   5.3s
    │  Best CV F1-weighted : 0.999588
    │  Best params         : {'subsample': 0.5, 'n_estimators': 400, 'max_depth': 3, 'learning_rate': 0.2, 'gamma': 0.5, 'colsample_bytree': 0.6}
    │  Total tuning time   : 341.5s
    └─ Saved: models/multiclass_seed42_XGBoost.pkl

  [18/30] task=multiclass  seed=42  model=DecisionTree

    ┌─ DecisionTree [CPU]
    │  Fitting 20 candidates × 3 folds = 60 fits …
Fitting 3 folds for each of 20 candidates, totalling 60 fits
[CV] END criterion=entropy, max_depth=10, min_samples_leaf=2, min_samples_split=2, splitter=random; total time=   0.4s
[CV] END criterion=entropy, max_depth=10, min_samples_leaf=2, min_samples_split=2, splitter=random; total time=   0.4s
[CV] END criterion=entropy, max_depth=10, min_samples_leaf=2, min_samples_split=2, splitter=random; total time=   0.5s
[CV] END criterion=gini, max_depth=5, min_samples_leaf=4, min_samples_split=5, splitter=random; total time=   0.4s
[CV] END criterion=gini, max_depth=5, min_samples_leaf=4, min_samples_split=5, splitter=random; total time=   0.4s
[CV] END criterion=gini, max_depth=5, min_samples_leaf=4, min_samples_split=5, splitter=random; total time=   0.4s
[CV] END criterion=entropy, max_depth=10, min_samples_leaf=4, min_samples_split=10, splitter=best; total time=   4.0s
[CV] END criterion=entropy, max_depth=10, min_samples_leaf=4, min_samples_split=10, splitter=best; total time=   4.0s
[CV] END criterion=entropy, max_depth=10, min_samples_leaf=4, min_samples_split=10, splitter=best; total time=   4.0s
[CV] END criterion=gini, max_depth=20, min_samples_leaf=1, min_samples_split=10, splitter=random; total time=   0.5s
[CV] END criterion=gini, max_depth=20, min_samples_leaf=1, min_samples_split=10, splitter=random; total time=   0.6s
[CV] END criterion=gini, max_depth=20, min_samples_leaf=1, min_samples_split=10, splitter=random; total time=   0.6s
[CV] END criterion=gini, max_depth=10, min_samples_leaf=1, min_samples_split=10, splitter=best; total time=   3.4s
[CV] END criterion=gini, max_depth=10, min_samples_leaf=1, min_samples_split=10, splitter=best; total time=   3.6s
[CV] END criterion=gini, max_depth=10, min_samples_leaf=1, min_samples_split=10, splitter=best; total time=   3.6s
[CV] END criterion=entropy, max_depth=10, min_samples_leaf=16, min_samples_split=10, splitter=best; total time=   4.0s
[CV] END criterion=entropy, max_depth=10, min_samples_leaf=16, min_samples_split=10, splitter=best; total time=   3.9s
[CV] END criterion=entropy, max_depth=10, min_samples_leaf=16, min_samples_split=10, splitter=best; total time=   4.0s
[CV] END criterion=entropy, max_depth=10, min_samples_leaf=4, min_samples_split=20, splitter=random; total time=   0.4s
[CV] END criterion=entropy, max_depth=10, min_samples_leaf=4, min_samples_split=20, splitter=random; total time=   0.4s
[CV] END criterion=entropy, max_depth=10, min_samples_leaf=4, min_samples_split=20, splitter=random; total time=   0.4s
[CV] END criterion=gini, max_depth=10, min_samples_leaf=4, min_samples_split=10, splitter=best; total time=   3.5s
[CV] END criterion=gini, max_depth=10, min_samples_leaf=4, min_samples_split=10, splitter=best; total time=   3.6s
[CV] END criterion=gini, max_depth=10, min_samples_leaf=4, min_samples_split=10, splitter=best; total time=   3.6s
[CV] END criterion=gini, max_depth=5, min_samples_leaf=2, min_samples_split=50, splitter=best; total time=   2.1s
[CV] END criterion=gini, max_depth=5, min_samples_leaf=2, min_samples_split=50, splitter=best; total time=   2.2s
[CV] END criterion=gini, max_depth=5, min_samples_leaf=2, min_samples_split=50, splitter=best; total time=   2.2s
[CV] END criterion=entropy, max_depth=30, min_samples_leaf=1, min_samples_split=2, splitter=best; total time=   4.0s
[CV] END criterion=entropy, max_depth=30, min_samples_leaf=1, min_samples_split=2, splitter=best; total time=   4.2s
[CV] END criterion=entropy, max_depth=30, min_samples_leaf=1, min_samples_split=2, splitter=best; total time=   4.0s
[CV] END criterion=gini, max_depth=None, min_samples_leaf=1, min_samples_split=50, splitter=random; total time=   0.5s
[CV] END criterion=gini, max_depth=None, min_samples_leaf=1, min_samples_split=50, splitter=random; total time=   0.6s
[CV] END criterion=gini, max_depth=None, min_samples_leaf=1, min_samples_split=50, splitter=random; total time=   0.6s
[CV] END criterion=gini, max_depth=20, min_samples_leaf=16, min_samples_split=10, splitter=best; total time=   5.8s
[CV] END criterion=gini, max_depth=20, min_samples_leaf=16, min_samples_split=10, splitter=best; total time=   5.8s
[CV] END criterion=gini, max_depth=20, min_samples_leaf=16, min_samples_split=10, splitter=best; total time=   5.9s
[CV] END criterion=entropy, max_depth=20, min_samples_leaf=1, min_samples_split=20, splitter=best; total time=   4.0s
[CV] END criterion=entropy, max_depth=20, min_samples_leaf=1, min_samples_split=20, splitter=best; total time=   4.1s
[CV] END criterion=entropy, max_depth=20, min_samples_leaf=1, min_samples_split=20, splitter=best; total time=   4.0s
[CV] END criterion=gini, max_depth=5, min_samples_leaf=8, min_samples_split=10, splitter=best; total time=   2.1s
[CV] END criterion=gini, max_depth=5, min_samples_leaf=8, min_samples_split=10, splitter=best; total time=   2.2s
[CV] END criterion=gini, max_depth=5, min_samples_leaf=8, min_samples_split=10, splitter=best; total time=   2.2s
[CV] END criterion=entropy, max_depth=10, min_samples_leaf=4, min_samples_split=2, splitter=random; total time=   0.5s
[CV] END criterion=entropy, max_depth=10, min_samples_leaf=4, min_samples_split=2, splitter=random; total time=   0.4s
[CV] END criterion=entropy, max_depth=10, min_samples_leaf=4, min_samples_split=2, splitter=random; total time=   0.4s
[CV] END criterion=entropy, max_depth=10, min_samples_leaf=8, min_samples_split=50, splitter=best; total time=   4.0s
[CV] END criterion=entropy, max_depth=10, min_samples_leaf=8, min_samples_split=50, splitter=best; total time=   3.9s
[CV] END criterion=entropy, max_depth=10, min_samples_leaf=8, min_samples_split=50, splitter=best; total time=   4.0s
[CV] END criterion=entropy, max_depth=30, min_samples_leaf=16, min_samples_split=10, splitter=random; total time=   0.5s
[CV] END criterion=entropy, max_depth=30, min_samples_leaf=16, min_samples_split=10, splitter=random; total time=   0.5s
[CV] END criterion=entropy, max_depth=30, min_samples_leaf=16, min_samples_split=10, splitter=random; total time=   0.5s
[CV] END criterion=gini, max_depth=None, min_samples_leaf=8, min_samples_split=2, splitter=best; total time=   5.9s
[CV] END criterion=gini, max_depth=None, min_samples_leaf=8, min_samples_split=2, splitter=best; total time=   6.0s
[CV] END criterion=gini, max_depth=None, min_samples_leaf=8, min_samples_split=2, splitter=best; total time=   6.3s
[CV] END criterion=entropy, max_depth=5, min_samples_leaf=2, min_samples_split=20, splitter=best; total time=   2.6s
[CV] END criterion=entropy, max_depth=5, min_samples_leaf=2, min_samples_split=20, splitter=best; total time=   2.5s
[CV] END criterion=entropy, max_depth=5, min_samples_leaf=2, min_samples_split=20, splitter=best; total time=   2.7s
[CV] END criterion=entropy, max_depth=20, min_samples_leaf=1, min_samples_split=50, splitter=best; total time=   3.9s
[CV] END criterion=entropy, max_depth=20, min_samples_leaf=1, min_samples_split=50, splitter=best; total time=   4.1s
[CV] END criterion=entropy, max_depth=20, min_samples_leaf=1, min_samples_split=50, splitter=best; total time=   4.1s
    │  Best CV F1-weighted : 0.999133
    │  Best params         : {'splitter': 'best', 'min_samples_split': 20, 'min_samples_leaf': 1, 'max_depth': 20, 'criterion': 'entropy'}
    │  Total tuning time   : 166.1s
    └─ Saved: models/multiclass_seed42_DecisionTree.pkl

  ────────────────────────────────────────────────────────
  Seed 43  |  task=multiclass
  ────────────────────────────────────────────────────────
  Train: 427,344 samples  |  Test: 183,148 samples

  [19/30] task=multiclass  seed=43  model=RandomForest

    ┌─ RandomForest [CPU]
    │  Fitting 20 candidates × 3 folds = 60 fits …
Fitting 3 folds for each of 20 candidates, totalling 60 fits
[CV] END max_depth=20, max_features=0.6, min_samples_leaf=16, min_samples_split=10, n_estimators=100; total time=  13.9s
[CV] END max_depth=20, max_features=0.6, min_samples_leaf=16, min_samples_split=10, n_estimators=100; total time=  13.7s
[CV] END max_depth=20, max_features=0.6, min_samples_leaf=16, min_samples_split=10, n_estimators=100; total time=  13.9s
[CV] END max_depth=30, max_features=0.4, min_samples_leaf=4, min_samples_split=2, n_estimators=500; total time=  40.8s
[CV] END max_depth=30, max_features=0.4, min_samples_leaf=4, min_samples_split=2, n_estimators=500; total time=  39.9s
[CV] END max_depth=30, max_features=0.4, min_samples_leaf=4, min_samples_split=2, n_estimators=500; total time=  40.3s
[CV] END max_depth=30, max_features=0.4, min_samples_leaf=8, min_samples_split=2, n_estimators=100; total time=   9.2s
[CV] END max_depth=30, max_features=0.4, min_samples_leaf=8, min_samples_split=2, n_estimators=100; total time=   8.9s
[CV] END max_depth=30, max_features=0.4, min_samples_leaf=8, min_samples_split=2, n_estimators=100; total time=   8.9s
[CV] END max_depth=30, max_features=log2, min_samples_leaf=16, min_samples_split=5, n_estimators=200; total time=   4.8s
[CV] END max_depth=30, max_features=log2, min_samples_leaf=16, min_samples_split=5, n_estimators=200; total time=   4.7s
[CV] END max_depth=30, max_features=log2, min_samples_leaf=16, min_samples_split=5, n_estimators=200; total time=   4.8s
[CV] END max_depth=30, max_features=log2, min_samples_leaf=4, min_samples_split=10, n_estimators=700; total time=  16.0s
[CV] END max_depth=30, max_features=log2, min_samples_leaf=4, min_samples_split=10, n_estimators=700; total time=  16.0s
[CV] END max_depth=30, max_features=log2, min_samples_leaf=4, min_samples_split=10, n_estimators=700; total time=  15.9s
[CV] END max_depth=None, max_features=0.2, min_samples_leaf=4, min_samples_split=5, n_estimators=300; total time=  11.2s
[CV] END max_depth=None, max_features=0.2, min_samples_leaf=4, min_samples_split=5, n_estimators=300; total time=  11.3s
[CV] END max_depth=None, max_features=0.2, min_samples_leaf=4, min_samples_split=5, n_estimators=300; total time=  10.9s
[CV] END max_depth=10, max_features=sqrt, min_samples_leaf=2, min_samples_split=5, n_estimators=300; total time=   7.5s
[CV] END max_depth=10, max_features=sqrt, min_samples_leaf=2, min_samples_split=5, n_estimators=300; total time=   7.5s
[CV] END max_depth=10, max_features=sqrt, min_samples_leaf=2, min_samples_split=5, n_estimators=300; total time=   7.3s
[CV] END max_depth=10, max_features=0.6, min_samples_leaf=8, min_samples_split=10, n_estimators=200; total time=  17.6s
[CV] END max_depth=10, max_features=0.6, min_samples_leaf=8, min_samples_split=10, n_estimators=200; total time=  17.9s
[CV] END max_depth=10, max_features=0.6, min_samples_leaf=8, min_samples_split=10, n_estimators=200; total time=  17.7s
[CV] END max_depth=10, max_features=0.2, min_samples_leaf=1, min_samples_split=2, n_estimators=500; total time=  15.8s
[CV] END max_depth=10, max_features=0.2, min_samples_leaf=1, min_samples_split=2, n_estimators=500; total time=  15.9s
[CV] END max_depth=10, max_features=0.2, min_samples_leaf=1, min_samples_split=2, n_estimators=500; total time=  15.5s
[CV] END max_depth=20, max_features=log2, min_samples_leaf=4, min_samples_split=10, n_estimators=500; total time=  11.5s
[CV] END max_depth=20, max_features=log2, min_samples_leaf=4, min_samples_split=10, n_estimators=500; total time=  11.4s
[CV] END max_depth=20, max_features=log2, min_samples_leaf=4, min_samples_split=10, n_estimators=500; total time=  11.5s
[CV] END max_depth=50, max_features=0.4, min_samples_leaf=2, min_samples_split=2, n_estimators=500; total time=  40.9s
[CV] END max_depth=50, max_features=0.4, min_samples_leaf=2, min_samples_split=2, n_estimators=500; total time=  40.1s
[CV] END max_depth=50, max_features=0.4, min_samples_leaf=2, min_samples_split=2, n_estimators=500; total time=  40.3s
[CV] END max_depth=None, max_features=0.2, min_samples_leaf=4, min_samples_split=20, n_estimators=100; total time=   4.0s
[CV] END max_depth=None, max_features=0.2, min_samples_leaf=4, min_samples_split=20, n_estimators=100; total time=   4.1s
[CV] END max_depth=None, max_features=0.2, min_samples_leaf=4, min_samples_split=20, n_estimators=100; total time=   4.0s
[CV] END max_depth=10, max_features=log2, min_samples_leaf=4, min_samples_split=2, n_estimators=500; total time=  10.6s
[CV] END max_depth=10, max_features=log2, min_samples_leaf=4, min_samples_split=2, n_estimators=500; total time=  10.7s
[CV] END max_depth=10, max_features=log2, min_samples_leaf=4, min_samples_split=2, n_estimators=500; total time=  10.5s
[CV] END max_depth=None, max_features=0.4, min_samples_leaf=1, min_samples_split=2, n_estimators=700; total time=  56.0s
[CV] END max_depth=None, max_features=0.4, min_samples_leaf=1, min_samples_split=2, n_estimators=700; total time=  55.6s
[CV] END max_depth=None, max_features=0.4, min_samples_leaf=1, min_samples_split=2, n_estimators=700; total time=  56.3s
[CV] END max_depth=None, max_features=0.4, min_samples_leaf=8, min_samples_split=5, n_estimators=700; total time=  55.8s
[CV] END max_depth=None, max_features=0.4, min_samples_leaf=8, min_samples_split=5, n_estimators=700; total time=  56.1s
[CV] END max_depth=None, max_features=0.4, min_samples_leaf=8, min_samples_split=5, n_estimators=700; total time=  55.8s
[CV] END max_depth=10, max_features=0.4, min_samples_leaf=16, min_samples_split=10, n_estimators=500; total time=  29.7s
[CV] END max_depth=10, max_features=0.4, min_samples_leaf=16, min_samples_split=10, n_estimators=500; total time=  29.7s
[CV] END max_depth=10, max_features=0.4, min_samples_leaf=16, min_samples_split=10, n_estimators=500; total time=  29.5s
[CV] END max_depth=20, max_features=log2, min_samples_leaf=8, min_samples_split=20, n_estimators=500; total time=  11.6s
[CV] END max_depth=20, max_features=log2, min_samples_leaf=8, min_samples_split=20, n_estimators=500; total time=  11.4s
[CV] END max_depth=20, max_features=log2, min_samples_leaf=8, min_samples_split=20, n_estimators=500; total time=  11.4s
[CV] END max_depth=20, max_features=log2, min_samples_leaf=1, min_samples_split=15, n_estimators=200; total time=   4.9s
[CV] END max_depth=20, max_features=log2, min_samples_leaf=1, min_samples_split=15, n_estimators=200; total time=   4.9s
[CV] END max_depth=20, max_features=log2, min_samples_leaf=1, min_samples_split=15, n_estimators=200; total time=   4.9s
[CV] END max_depth=10, max_features=log2, min_samples_leaf=8, min_samples_split=15, n_estimators=500; total time=  10.7s
[CV] END max_depth=10, max_features=log2, min_samples_leaf=8, min_samples_split=15, n_estimators=500; total time=  10.6s
[CV] END max_depth=10, max_features=log2, min_samples_leaf=8, min_samples_split=15, n_estimators=500; total time=  10.5s
[CV] END max_depth=10, max_features=sqrt, min_samples_leaf=8, min_samples_split=5, n_estimators=200; total time=   5.0s
[CV] END max_depth=10, max_features=sqrt, min_samples_leaf=8, min_samples_split=5, n_estimators=200; total time=   5.1s
[CV] END max_depth=10, max_features=sqrt, min_samples_leaf=8, min_samples_split=5, n_estimators=200; total time=   5.0s
    │  Best CV F1-weighted : 0.999443
    │  Best params         : {'n_estimators': 500, 'min_samples_split': 2, 'min_samples_leaf': 2, 'max_features': 0.4, 'max_depth': 50}
    │  Total tuning time   : 1198.0s
    └─ Saved: models/multiclass_seed43_RandomForest.pkl

  [20/30] task=multiclass  seed=43  model=XGBoost

    ┌─ XGBoost [GPU]
    │  Fitting 20 candidates × 3 folds = 60 fits …
Fitting 3 folds for each of 20 candidates, totalling 60 fits
[CV] END colsample_bytree=1.0, gamma=0.1, learning_rate=0.2, max_depth=3, n_estimators=500, subsample=0.9; total time=   6.0s
[CV] END colsample_bytree=1.0, gamma=0.1, learning_rate=0.2, max_depth=3, n_estimators=500, subsample=0.9; total time=   5.8s
[CV] END colsample_bytree=1.0, gamma=0.1, learning_rate=0.2, max_depth=3, n_estimators=500, subsample=0.9; total time=   6.1s
[CV] END colsample_bytree=0.6, gamma=0, learning_rate=0.1, max_depth=3, n_estimators=400, subsample=0.8; total time=   5.5s
[CV] END colsample_bytree=0.6, gamma=0, learning_rate=0.1, max_depth=3, n_estimators=400, subsample=0.8; total time=   5.5s
[CV] END colsample_bytree=0.6, gamma=0, learning_rate=0.1, max_depth=3, n_estimators=400, subsample=0.8; total time=   5.8s
[CV] END colsample_bytree=0.5, gamma=0.5, learning_rate=0.2, max_depth=7, n_estimators=100, subsample=0.9; total time=   1.6s
[CV] END colsample_bytree=0.5, gamma=0.5, learning_rate=0.2, max_depth=7, n_estimators=100, subsample=0.9; total time=   1.6s
[CV] END colsample_bytree=0.5, gamma=0.5, learning_rate=0.2, max_depth=7, n_estimators=100, subsample=0.9; total time=   1.7s
[CV] END colsample_bytree=0.8, gamma=0.1, learning_rate=0.2, max_depth=12, n_estimators=300, subsample=0.5; total time=   5.6s
[CV] END colsample_bytree=0.8, gamma=0.1, learning_rate=0.2, max_depth=12, n_estimators=300, subsample=0.5; total time=   5.4s
[CV] END colsample_bytree=0.8, gamma=0.1, learning_rate=0.2, max_depth=12, n_estimators=300, subsample=0.5; total time=   5.8s
[CV] END colsample_bytree=0.9, gamma=0.05, learning_rate=0.3, max_depth=3, n_estimators=400, subsample=0.8; total time=   5.6s
[CV] END colsample_bytree=0.9, gamma=0.05, learning_rate=0.3, max_depth=3, n_estimators=400, subsample=0.8; total time=   5.4s
[CV] END colsample_bytree=0.9, gamma=0.05, learning_rate=0.3, max_depth=3, n_estimators=400, subsample=0.8; total time=   5.8s
[CV] END colsample_bytree=1.0, gamma=0.5, learning_rate=0.01, max_depth=3, n_estimators=400, subsample=1.0; total time=   5.4s
[CV] END colsample_bytree=1.0, gamma=0.5, learning_rate=0.01, max_depth=3, n_estimators=400, subsample=1.0; total time=   5.3s
[CV] END colsample_bytree=1.0, gamma=0.5, learning_rate=0.01, max_depth=3, n_estimators=400, subsample=1.0; total time=   5.6s
[CV] END colsample_bytree=0.5, gamma=0.5, learning_rate=0.05, max_depth=7, n_estimators=300, subsample=1.0; total time=   4.9s
[CV] END colsample_bytree=0.5, gamma=0.5, learning_rate=0.05, max_depth=7, n_estimators=300, subsample=1.0; total time=   4.9s
[CV] END colsample_bytree=0.5, gamma=0.5, learning_rate=0.05, max_depth=7, n_estimators=300, subsample=1.0; total time=   5.1s
[CV] END colsample_bytree=0.8, gamma=0.5, learning_rate=0.1, max_depth=12, n_estimators=500, subsample=1.0; total time=   5.7s
[CV] END colsample_bytree=0.8, gamma=0.5, learning_rate=0.1, max_depth=12, n_estimators=500, subsample=1.0; total time=   5.7s
[CV] END colsample_bytree=0.8, gamma=0.5, learning_rate=0.1, max_depth=12, n_estimators=500, subsample=1.0; total time=   6.0s
[CV] END colsample_bytree=0.8, gamma=1.0, learning_rate=0.01, max_depth=9, n_estimators=500, subsample=1.0; total time=  11.0s
[CV] END colsample_bytree=0.8, gamma=1.0, learning_rate=0.01, max_depth=9, n_estimators=500, subsample=1.0; total time=  10.8s
[CV] END colsample_bytree=0.8, gamma=1.0, learning_rate=0.01, max_depth=9, n_estimators=500, subsample=1.0; total time=  11.2s
[CV] END colsample_bytree=0.6, gamma=0.5, learning_rate=0.1, max_depth=7, n_estimators=200, subsample=0.8; total time=   3.1s
[CV] END colsample_bytree=0.6, gamma=0.5, learning_rate=0.1, max_depth=7, n_estimators=200, subsample=0.8; total time=   3.2s
[CV] END colsample_bytree=0.6, gamma=0.5, learning_rate=0.1, max_depth=7, n_estimators=200, subsample=0.8; total time=   3.3s
[CV] END colsample_bytree=0.9, gamma=1.0, learning_rate=0.05, max_depth=12, n_estimators=500, subsample=0.9; total time=   7.0s
[CV] END colsample_bytree=0.9, gamma=1.0, learning_rate=0.05, max_depth=12, n_estimators=500, subsample=0.9; total time=   6.9s
[CV] END colsample_bytree=0.9, gamma=1.0, learning_rate=0.05, max_depth=12, n_estimators=500, subsample=0.9; total time=   7.2s
[CV] END colsample_bytree=0.8, gamma=1.0, learning_rate=0.1, max_depth=7, n_estimators=500, subsample=0.5; total time=   5.8s
[CV] END colsample_bytree=0.8, gamma=1.0, learning_rate=0.1, max_depth=7, n_estimators=500, subsample=0.5; total time=   5.7s
[CV] END colsample_bytree=0.8, gamma=1.0, learning_rate=0.1, max_depth=7, n_estimators=500, subsample=0.5; total time=   6.0s
[CV] END colsample_bytree=0.6, gamma=0.5, learning_rate=0.3, max_depth=5, n_estimators=200, subsample=1.0; total time=   2.2s
[CV] END colsample_bytree=0.6, gamma=0.5, learning_rate=0.3, max_depth=5, n_estimators=200, subsample=1.0; total time=   2.1s
[CV] END colsample_bytree=0.6, gamma=0.5, learning_rate=0.3, max_depth=5, n_estimators=200, subsample=1.0; total time=   2.3s
[CV] END colsample_bytree=0.8, gamma=0.05, learning_rate=0.01, max_depth=12, n_estimators=500, subsample=1.0; total time=  13.4s
[CV] END colsample_bytree=0.8, gamma=0.05, learning_rate=0.01, max_depth=12, n_estimators=500, subsample=1.0; total time=  13.2s
[CV] END colsample_bytree=0.8, gamma=0.05, learning_rate=0.01, max_depth=12, n_estimators=500, subsample=1.0; total time=  13.6s
[CV] END colsample_bytree=1.0, gamma=0, learning_rate=0.01, max_depth=12, n_estimators=200, subsample=0.9; total time=   5.4s
[CV] END colsample_bytree=1.0, gamma=0, learning_rate=0.01, max_depth=12, n_estimators=200, subsample=0.9; total time=   5.4s
[CV] END colsample_bytree=1.0, gamma=0, learning_rate=0.01, max_depth=12, n_estimators=200, subsample=0.9; total time=   5.5s
[CV] END colsample_bytree=1.0, gamma=0, learning_rate=0.3, max_depth=9, n_estimators=400, subsample=0.6; total time=   8.0s
[CV] END colsample_bytree=1.0, gamma=0, learning_rate=0.3, max_depth=9, n_estimators=400, subsample=0.6; total time=   7.6s
[CV] END colsample_bytree=1.0, gamma=0, learning_rate=0.3, max_depth=9, n_estimators=400, subsample=0.6; total time=   8.2s
[CV] END colsample_bytree=0.9, gamma=1.0, learning_rate=0.1, max_depth=5, n_estimators=200, subsample=1.0; total time=   2.7s
[CV] END colsample_bytree=0.9, gamma=1.0, learning_rate=0.1, max_depth=5, n_estimators=200, subsample=1.0; total time=   2.6s
[CV] END colsample_bytree=0.9, gamma=1.0, learning_rate=0.1, max_depth=5, n_estimators=200, subsample=1.0; total time=   2.8s
[CV] END colsample_bytree=0.9, gamma=0.5, learning_rate=0.2, max_depth=7, n_estimators=500, subsample=0.9; total time=   5.2s
[CV] END colsample_bytree=0.9, gamma=0.5, learning_rate=0.2, max_depth=7, n_estimators=500, subsample=0.9; total time=   5.1s
[CV] END colsample_bytree=0.9, gamma=0.5, learning_rate=0.2, max_depth=7, n_estimators=500, subsample=0.9; total time=   5.3s
[CV] END colsample_bytree=0.5, gamma=0, learning_rate=0.2, max_depth=3, n_estimators=100, subsample=1.0; total time=   1.5s
[CV] END colsample_bytree=0.5, gamma=0, learning_rate=0.2, max_depth=3, n_estimators=100, subsample=1.0; total time=   1.5s
[CV] END colsample_bytree=0.5, gamma=0, learning_rate=0.2, max_depth=3, n_estimators=100, subsample=1.0; total time=   1.5s
[CV] END colsample_bytree=1.0, gamma=0, learning_rate=0.05, max_depth=12, n_estimators=500, subsample=0.8; total time=  12.0s
[CV] END colsample_bytree=1.0, gamma=0, learning_rate=0.05, max_depth=12, n_estimators=500, subsample=0.8; total time=  11.6s
[CV] END colsample_bytree=1.0, gamma=0, learning_rate=0.05, max_depth=12, n_estimators=500, subsample=0.8; total time=  12.4s
    │  Best CV F1-weighted : 0.999651
    │  Best params         : {'subsample': 0.8, 'n_estimators': 400, 'max_depth': 3, 'learning_rate': 0.1, 'gamma': 0, 'colsample_bytree': 0.6}
    │  Total tuning time   : 363.0s
    └─ Saved: models/multiclass_seed43_XGBoost.pkl

  [21/30] task=multiclass  seed=43  model=DecisionTree

    ┌─ DecisionTree [CPU]
    │  Fitting 20 candidates × 3 folds = 60 fits …
Fitting 3 folds for each of 20 candidates, totalling 60 fits
[CV] END criterion=gini, max_depth=None, min_samples_leaf=2, min_samples_split=20, splitter=random; total time=   0.6s
[CV] END criterion=gini, max_depth=None, min_samples_leaf=2, min_samples_split=20, splitter=random; total time=   0.6s
[CV] END criterion=gini, max_depth=None, min_samples_leaf=2, min_samples_split=20, splitter=random; total time=   0.5s
[CV] END criterion=gini, max_depth=10, min_samples_leaf=4, min_samples_split=20, splitter=random; total time=   0.5s
[CV] END criterion=gini, max_depth=10, min_samples_leaf=4, min_samples_split=20, splitter=random; total time=   0.5s
[CV] END criterion=gini, max_depth=10, min_samples_leaf=4, min_samples_split=20, splitter=random; total time=   0.5s
[CV] END criterion=entropy, max_depth=10, min_samples_leaf=2, min_samples_split=5, splitter=random; total time=   0.4s
[CV] END criterion=entropy, max_depth=10, min_samples_leaf=2, min_samples_split=5, splitter=random; total time=   0.5s
[CV] END criterion=entropy, max_depth=10, min_samples_leaf=2, min_samples_split=5, splitter=random; total time=   0.4s
[CV] END criterion=gini, max_depth=5, min_samples_leaf=8, min_samples_split=5, splitter=best; total time=   2.1s
[CV] END criterion=gini, max_depth=5, min_samples_leaf=8, min_samples_split=5, splitter=best; total time=   2.1s
[CV] END criterion=gini, max_depth=5, min_samples_leaf=8, min_samples_split=5, splitter=best; total time=   2.1s
[CV] END criterion=gini, max_depth=5, min_samples_leaf=2, min_samples_split=2, splitter=best; total time=   2.1s
[CV] END criterion=gini, max_depth=5, min_samples_leaf=2, min_samples_split=2, splitter=best; total time=   2.1s
[CV] END criterion=gini, max_depth=5, min_samples_leaf=2, min_samples_split=2, splitter=best; total time=   2.1s
[CV] END criterion=entropy, max_depth=None, min_samples_leaf=1, min_samples_split=2, splitter=random; total time=   0.5s
[CV] END criterion=entropy, max_depth=None, min_samples_leaf=1, min_samples_split=2, splitter=random; total time=   0.5s
[CV] END criterion=entropy, max_depth=None, min_samples_leaf=1, min_samples_split=2, splitter=random; total time=   0.4s
[CV] END criterion=entropy, max_depth=None, min_samples_leaf=1, min_samples_split=50, splitter=best; total time=   3.4s
[CV] END criterion=entropy, max_depth=None, min_samples_leaf=1, min_samples_split=50, splitter=best; total time=   3.3s
[CV] END criterion=entropy, max_depth=None, min_samples_leaf=1, min_samples_split=50, splitter=best; total time=   3.9s
[CV] END criterion=entropy, max_depth=5, min_samples_leaf=8, min_samples_split=50, splitter=random; total time=   0.5s
[CV] END criterion=entropy, max_depth=5, min_samples_leaf=8, min_samples_split=50, splitter=random; total time=   0.6s
[CV] END criterion=entropy, max_depth=5, min_samples_leaf=8, min_samples_split=50, splitter=random; total time=   0.5s
[CV] END criterion=gini, max_depth=30, min_samples_leaf=1, min_samples_split=50, splitter=best; total time=   6.4s
[CV] END criterion=gini, max_depth=30, min_samples_leaf=1, min_samples_split=50, splitter=best; total time=   6.3s
[CV] END criterion=gini, max_depth=30, min_samples_leaf=1, min_samples_split=50, splitter=best; total time=   6.7s
[CV] END criterion=gini, max_depth=5, min_samples_leaf=2, min_samples_split=20, splitter=random; total time=   0.5s
[CV] END criterion=gini, max_depth=5, min_samples_leaf=2, min_samples_split=20, splitter=random; total time=   0.4s
[CV] END criterion=gini, max_depth=5, min_samples_leaf=2, min_samples_split=20, splitter=random; total time=   0.4s
[CV] END criterion=entropy, max_depth=20, min_samples_leaf=1, min_samples_split=5, splitter=random; total time=   0.5s
[CV] END criterion=entropy, max_depth=20, min_samples_leaf=1, min_samples_split=5, splitter=random; total time=   0.5s
[CV] END criterion=entropy, max_depth=20, min_samples_leaf=1, min_samples_split=5, splitter=random; total time=   0.5s
[CV] END criterion=entropy, max_depth=10, min_samples_leaf=16, min_samples_split=50, splitter=best; total time=   3.2s
[CV] END criterion=entropy, max_depth=10, min_samples_leaf=16, min_samples_split=50, splitter=best; total time=   3.2s
[CV] END criterion=entropy, max_depth=10, min_samples_leaf=16, min_samples_split=50, splitter=best; total time=   3.8s
[CV] END criterion=gini, max_depth=20, min_samples_leaf=8, min_samples_split=5, splitter=random; total time=   0.6s
[CV] END criterion=gini, max_depth=20, min_samples_leaf=8, min_samples_split=5, splitter=random; total time=   0.5s
[CV] END criterion=gini, max_depth=20, min_samples_leaf=8, min_samples_split=5, splitter=random; total time=   0.5s
[CV] END criterion=gini, max_depth=20, min_samples_leaf=2, min_samples_split=20, splitter=best; total time=   5.7s
[CV] END criterion=gini, max_depth=20, min_samples_leaf=2, min_samples_split=20, splitter=best; total time=   5.8s
[CV] END criterion=gini, max_depth=20, min_samples_leaf=2, min_samples_split=20, splitter=best; total time=   5.6s
[CV] END criterion=gini, max_depth=5, min_samples_leaf=2, min_samples_split=50, splitter=random; total time=   0.4s
[CV] END criterion=gini, max_depth=5, min_samples_leaf=2, min_samples_split=50, splitter=random; total time=   0.4s
[CV] END criterion=gini, max_depth=5, min_samples_leaf=2, min_samples_split=50, splitter=random; total time=   0.4s
[CV] END criterion=entropy, max_depth=20, min_samples_leaf=4, min_samples_split=2, splitter=random; total time=   0.5s
[CV] END criterion=entropy, max_depth=20, min_samples_leaf=4, min_samples_split=2, splitter=random; total time=   0.4s
[CV] END criterion=entropy, max_depth=20, min_samples_leaf=4, min_samples_split=2, splitter=random; total time=   0.4s
[CV] END criterion=entropy, max_depth=5, min_samples_leaf=4, min_samples_split=5, splitter=random; total time=   0.4s
[CV] END criterion=entropy, max_depth=5, min_samples_leaf=4, min_samples_split=5, splitter=random; total time=   0.4s
[CV] END criterion=entropy, max_depth=5, min_samples_leaf=4, min_samples_split=5, splitter=random; total time=   0.4s
[CV] END criterion=entropy, max_depth=30, min_samples_leaf=4, min_samples_split=50, splitter=random; total time=   0.5s
[CV] END criterion=entropy, max_depth=30, min_samples_leaf=4, min_samples_split=50, splitter=random; total time=   0.5s
[CV] END criterion=entropy, max_depth=30, min_samples_leaf=4, min_samples_split=50, splitter=random; total time=   0.5s
[CV] END criterion=gini, max_depth=10, min_samples_leaf=1, min_samples_split=5, splitter=random; total time=   0.5s
[CV] END criterion=gini, max_depth=10, min_samples_leaf=1, min_samples_split=5, splitter=random; total time=   0.5s
[CV] END criterion=gini, max_depth=10, min_samples_leaf=1, min_samples_split=5, splitter=random; total time=   0.5s
[CV] END criterion=entropy, max_depth=30, min_samples_leaf=4, min_samples_split=20, splitter=random; total time=   0.5s
[CV] END criterion=entropy, max_depth=30, min_samples_leaf=4, min_samples_split=20, splitter=random; total time=   0.4s
[CV] END criterion=entropy, max_depth=30, min_samples_leaf=4, min_samples_split=20, splitter=random; total time=   0.5s
    │  Best CV F1-weighted : 0.999118
    │  Best params         : {'splitter': 'best', 'min_samples_split': 50, 'min_samples_leaf': 1, 'max_depth': None, 'criterion': 'entropy'}
    │  Total tuning time   : 97.0s
    └─ Saved: models/multiclass_seed43_DecisionTree.pkl

  ────────────────────────────────────────────────────────
  Seed 44  |  task=multiclass
  ────────────────────────────────────────────────────────
  Train: 427,344 samples  |  Test: 183,148 samples

  [22/30] task=multiclass  seed=44  model=RandomForest

    ┌─ RandomForest [CPU]
    │  Fitting 20 candidates × 3 folds = 60 fits …
Fitting 3 folds for each of 20 candidates, totalling 60 fits
[CV] END max_depth=20, max_features=0.6, min_samples_leaf=4, min_samples_split=10, n_estimators=300; total time=  38.2s
[CV] END max_depth=20, max_features=0.6, min_samples_leaf=4, min_samples_split=10, n_estimators=300; total time=  39.4s
[CV] END max_depth=20, max_features=0.6, min_samples_leaf=4, min_samples_split=10, n_estimators=300; total time=  39.7s
[CV] END max_depth=50, max_features=0.2, min_samples_leaf=4, min_samples_split=2, n_estimators=200; total time=   7.5s
[CV] END max_depth=50, max_features=0.2, min_samples_leaf=4, min_samples_split=2, n_estimators=200; total time=   7.7s
[CV] END max_depth=50, max_features=0.2, min_samples_leaf=4, min_samples_split=2, n_estimators=200; total time=   7.7s
[CV] END max_depth=10, max_features=0.6, min_samples_leaf=4, min_samples_split=20, n_estimators=300; total time=  26.2s
[CV] END max_depth=10, max_features=0.6, min_samples_leaf=4, min_samples_split=20, n_estimators=300; total time=  26.7s
[CV] END max_depth=10, max_features=0.6, min_samples_leaf=4, min_samples_split=20, n_estimators=300; total time=  26.5s
[CV] END max_depth=None, max_features=0.6, min_samples_leaf=4, min_samples_split=20, n_estimators=200; total time=  26.9s
[CV] END max_depth=None, max_features=0.6, min_samples_leaf=4, min_samples_split=20, n_estimators=200; total time=  27.7s
[CV] END max_depth=None, max_features=0.6, min_samples_leaf=4, min_samples_split=20, n_estimators=200; total time=  27.4s
[CV] END max_depth=30, max_features=0.2, min_samples_leaf=1, min_samples_split=15, n_estimators=700; total time=  25.7s
[CV] END max_depth=30, max_features=0.2, min_samples_leaf=1, min_samples_split=15, n_estimators=700; total time=  26.1s
[CV] END max_depth=30, max_features=0.2, min_samples_leaf=1, min_samples_split=15, n_estimators=700; total time=  26.0s
[CV] END max_depth=None, max_features=sqrt, min_samples_leaf=8, min_samples_split=5, n_estimators=700; total time=  18.6s
[CV] END max_depth=None, max_features=sqrt, min_samples_leaf=8, min_samples_split=5, n_estimators=700; total time=  18.9s
[CV] END max_depth=None, max_features=sqrt, min_samples_leaf=8, min_samples_split=5, n_estimators=700; total time=  18.9s
[CV] END max_depth=50, max_features=0.4, min_samples_leaf=4, min_samples_split=20, n_estimators=300; total time=  24.3s
[CV] END max_depth=50, max_features=0.4, min_samples_leaf=4, min_samples_split=20, n_estimators=300; total time=  24.9s
[CV] END max_depth=50, max_features=0.4, min_samples_leaf=4, min_samples_split=20, n_estimators=300; total time=  25.5s
[CV] END max_depth=50, max_features=0.2, min_samples_leaf=2, min_samples_split=20, n_estimators=700; total time=  25.6s
[CV] END max_depth=50, max_features=0.2, min_samples_leaf=2, min_samples_split=20, n_estimators=700; total time=  26.0s
[CV] END max_depth=50, max_features=0.2, min_samples_leaf=2, min_samples_split=20, n_estimators=700; total time=  26.0s
[CV] END max_depth=50, max_features=0.6, min_samples_leaf=4, min_samples_split=2, n_estimators=100; total time=  13.5s
[CV] END max_depth=50, max_features=0.6, min_samples_leaf=4, min_samples_split=2, n_estimators=100; total time=  13.9s
[CV] END max_depth=50, max_features=0.6, min_samples_leaf=4, min_samples_split=2, n_estimators=100; total time=  14.7s
[CV] END max_depth=None, max_features=sqrt, min_samples_leaf=16, min_samples_split=20, n_estimators=100; total time=   3.2s
[CV] END max_depth=None, max_features=sqrt, min_samples_leaf=16, min_samples_split=20, n_estimators=100; total time=   3.1s
[CV] END max_depth=None, max_features=sqrt, min_samples_leaf=16, min_samples_split=20, n_estimators=100; total time=   3.1s
[CV] END max_depth=None, max_features=0.2, min_samples_leaf=4, min_samples_split=10, n_estimators=200; total time=   7.6s
[CV] END max_depth=None, max_features=0.2, min_samples_leaf=4, min_samples_split=10, n_estimators=200; total time=   7.8s
[CV] END max_depth=None, max_features=0.2, min_samples_leaf=4, min_samples_split=10, n_estimators=200; total time=   7.6s
[CV] END max_depth=50, max_features=0.4, min_samples_leaf=8, min_samples_split=15, n_estimators=200; total time=  16.9s
[CV] END max_depth=50, max_features=0.4, min_samples_leaf=8, min_samples_split=15, n_estimators=200; total time=  17.2s
[CV] END max_depth=50, max_features=0.4, min_samples_leaf=8, min_samples_split=15, n_estimators=200; total time=  17.2s
[CV] END max_depth=20, max_features=0.4, min_samples_leaf=16, min_samples_split=5, n_estimators=200; total time=  16.6s
[CV] END max_depth=20, max_features=0.4, min_samples_leaf=16, min_samples_split=5, n_estimators=200; total time=  16.8s
[CV] END max_depth=20, max_features=0.4, min_samples_leaf=16, min_samples_split=5, n_estimators=200; total time=  16.8s
[CV] END max_depth=None, max_features=0.6, min_samples_leaf=8, min_samples_split=2, n_estimators=700; total time= 1.5min
[CV] END max_depth=None, max_features=0.6, min_samples_leaf=8, min_samples_split=2, n_estimators=700; total time= 1.5min
[CV] END max_depth=None, max_features=0.6, min_samples_leaf=8, min_samples_split=2, n_estimators=700; total time= 1.5min
[CV] END max_depth=30, max_features=0.4, min_samples_leaf=2, min_samples_split=2, n_estimators=100; total time=   9.2s
[CV] END max_depth=30, max_features=0.4, min_samples_leaf=2, min_samples_split=2, n_estimators=100; total time=   9.5s
[CV] END max_depth=30, max_features=0.4, min_samples_leaf=2, min_samples_split=2, n_estimators=100; total time=   9.3s
[CV] END max_depth=50, max_features=0.6, min_samples_leaf=2, min_samples_split=20, n_estimators=200; total time=  27.0s
[CV] END max_depth=50, max_features=0.6, min_samples_leaf=2, min_samples_split=20, n_estimators=200; total time=  27.7s
[CV] END max_depth=50, max_features=0.6, min_samples_leaf=2, min_samples_split=20, n_estimators=200; total time=  27.7s
[CV] END max_depth=50, max_features=log2, min_samples_leaf=2, min_samples_split=10, n_estimators=100; total time=   2.5s
[CV] END max_depth=50, max_features=log2, min_samples_leaf=2, min_samples_split=10, n_estimators=100; total time=   2.6s
[CV] END max_depth=50, max_features=log2, min_samples_leaf=2, min_samples_split=10, n_estimators=100; total time=   2.7s
[CV] END max_depth=None, max_features=0.6, min_samples_leaf=1, min_samples_split=2, n_estimators=200; total time=  26.4s
[CV] END max_depth=None, max_features=0.6, min_samples_leaf=1, min_samples_split=2, n_estimators=200; total time=  27.7s
[CV] END max_depth=None, max_features=0.6, min_samples_leaf=1, min_samples_split=2, n_estimators=200; total time=  27.2s
[CV] END max_depth=30, max_features=log2, min_samples_leaf=16, min_samples_split=5, n_estimators=100; total time=   2.6s
[CV] END max_depth=30, max_features=log2, min_samples_leaf=16, min_samples_split=5, n_estimators=100; total time=   2.6s
[CV] END max_depth=30, max_features=log2, min_samples_leaf=16, min_samples_split=5, n_estimators=100; total time=   2.6s
[CV] END max_depth=20, max_features=sqrt, min_samples_leaf=2, min_samples_split=5, n_estimators=200; total time=   5.6s
[CV] END max_depth=20, max_features=sqrt, min_samples_leaf=2, min_samples_split=5, n_estimators=200; total time=   5.8s
[CV] END max_depth=20, max_features=sqrt, min_samples_leaf=2, min_samples_split=5, n_estimators=200; total time=   5.8s
    │  Best CV F1-weighted : 0.999483
    │  Best params         : {'n_estimators': 100, 'min_samples_split': 2, 'min_samples_leaf': 2, 'max_features': 0.4, 'max_depth': 30}
    │  Total tuning time   : 1279.8s
    └─ Saved: models/multiclass_seed44_RandomForest.pkl

  [23/30] task=multiclass  seed=44  model=XGBoost

    ┌─ XGBoost [GPU]
    │  Fitting 20 candidates × 3 folds = 60 fits …
Fitting 3 folds for each of 20 candidates, totalling 60 fits
[CV] END colsample_bytree=1.0, gamma=0.1, learning_rate=0.1, max_depth=12, n_estimators=100, subsample=0.5; total time=   2.5s
[CV] END colsample_bytree=1.0, gamma=0.1, learning_rate=0.1, max_depth=12, n_estimators=100, subsample=0.5; total time=   2.4s
[CV] END colsample_bytree=1.0, gamma=0.1, learning_rate=0.1, max_depth=12, n_estimators=100, subsample=0.5; total time=   2.4s
[CV] END colsample_bytree=0.6, gamma=0, learning_rate=0.1, max_depth=12, n_estimators=400, subsample=0.6; total time=   8.9s
[CV] END colsample_bytree=0.6, gamma=0, learning_rate=0.1, max_depth=12, n_estimators=400, subsample=0.6; total time=   9.1s
[CV] END colsample_bytree=0.6, gamma=0, learning_rate=0.1, max_depth=12, n_estimators=400, subsample=0.6; total time=   9.1s
[CV] END colsample_bytree=0.9, gamma=0.1, learning_rate=0.1, max_depth=12, n_estimators=400, subsample=0.9; total time=   6.4s
[CV] END colsample_bytree=0.9, gamma=0.1, learning_rate=0.1, max_depth=12, n_estimators=400, subsample=0.9; total time=   6.4s
[CV] END colsample_bytree=0.9, gamma=0.1, learning_rate=0.1, max_depth=12, n_estimators=400, subsample=0.9; total time=   6.5s
[CV] END colsample_bytree=0.9, gamma=0, learning_rate=0.01, max_depth=3, n_estimators=300, subsample=1.0; total time=   4.2s
[CV] END colsample_bytree=0.9, gamma=0, learning_rate=0.01, max_depth=3, n_estimators=300, subsample=1.0; total time=   4.1s
[CV] END colsample_bytree=0.9, gamma=0, learning_rate=0.01, max_depth=3, n_estimators=300, subsample=1.0; total time=   4.2s
[CV] END colsample_bytree=0.5, gamma=0, learning_rate=0.3, max_depth=7, n_estimators=500, subsample=0.6; total time=   9.6s
[CV] END colsample_bytree=0.5, gamma=0, learning_rate=0.3, max_depth=7, n_estimators=500, subsample=0.6; total time=   9.7s
[CV] END colsample_bytree=0.5, gamma=0, learning_rate=0.3, max_depth=7, n_estimators=500, subsample=0.6; total time=   9.4s
[CV] END colsample_bytree=0.6, gamma=0.05, learning_rate=0.05, max_depth=9, n_estimators=500, subsample=0.6; total time=  10.7s
[CV] END colsample_bytree=0.6, gamma=0.05, learning_rate=0.05, max_depth=9, n_estimators=500, subsample=0.6; total time=  10.7s
[CV] END colsample_bytree=0.6, gamma=0.05, learning_rate=0.05, max_depth=9, n_estimators=500, subsample=0.6; total time=  10.7s
[CV] END colsample_bytree=0.5, gamma=0.5, learning_rate=0.1, max_depth=3, n_estimators=400, subsample=1.0; total time=   4.5s
[CV] END colsample_bytree=0.5, gamma=0.5, learning_rate=0.1, max_depth=3, n_estimators=400, subsample=1.0; total time=   4.5s
[CV] END colsample_bytree=0.5, gamma=0.5, learning_rate=0.1, max_depth=3, n_estimators=400, subsample=1.0; total time=   4.6s
[CV] END colsample_bytree=0.6, gamma=0.05, learning_rate=0.2, max_depth=7, n_estimators=200, subsample=0.5; total time=   3.9s
[CV] END colsample_bytree=0.6, gamma=0.05, learning_rate=0.2, max_depth=7, n_estimators=200, subsample=0.5; total time=   4.0s
[CV] END colsample_bytree=0.6, gamma=0.05, learning_rate=0.2, max_depth=7, n_estimators=200, subsample=0.5; total time=   3.9s
[CV] END colsample_bytree=0.5, gamma=1.0, learning_rate=0.2, max_depth=7, n_estimators=500, subsample=0.8; total time=   5.1s
[CV] END colsample_bytree=0.5, gamma=1.0, learning_rate=0.2, max_depth=7, n_estimators=500, subsample=0.8; total time=   5.0s
[CV] END colsample_bytree=0.5, gamma=1.0, learning_rate=0.2, max_depth=7, n_estimators=500, subsample=0.8; total time=   5.1s
[CV] END colsample_bytree=0.5, gamma=1.0, learning_rate=0.1, max_depth=5, n_estimators=500, subsample=1.0; total time=   5.1s
[CV] END colsample_bytree=0.5, gamma=1.0, learning_rate=0.1, max_depth=5, n_estimators=500, subsample=1.0; total time=   5.1s
[CV] END colsample_bytree=0.5, gamma=1.0, learning_rate=0.1, max_depth=5, n_estimators=500, subsample=1.0; total time=   5.2s
[CV] END colsample_bytree=0.5, gamma=1.0, learning_rate=0.3, max_depth=7, n_estimators=100, subsample=0.5; total time=   1.4s
[CV] END colsample_bytree=0.5, gamma=1.0, learning_rate=0.3, max_depth=7, n_estimators=100, subsample=0.5; total time=   1.4s
[CV] END colsample_bytree=0.5, gamma=1.0, learning_rate=0.3, max_depth=7, n_estimators=100, subsample=0.5; total time=   1.4s
[CV] END colsample_bytree=0.8, gamma=0.5, learning_rate=0.05, max_depth=7, n_estimators=300, subsample=0.8; total time=   5.1s
[CV] END colsample_bytree=0.8, gamma=0.5, learning_rate=0.05, max_depth=7, n_estimators=300, subsample=0.8; total time=   5.1s
[CV] END colsample_bytree=0.8, gamma=0.5, learning_rate=0.05, max_depth=7, n_estimators=300, subsample=0.8; total time=   5.2s
[CV] END colsample_bytree=1.0, gamma=1.0, learning_rate=0.3, max_depth=3, n_estimators=300, subsample=0.6; total time=   3.1s
[CV] END colsample_bytree=1.0, gamma=1.0, learning_rate=0.3, max_depth=3, n_estimators=300, subsample=0.6; total time=   3.1s
[CV] END colsample_bytree=1.0, gamma=1.0, learning_rate=0.3, max_depth=3, n_estimators=300, subsample=0.6; total time=   3.1s
[CV] END colsample_bytree=0.6, gamma=0.1, learning_rate=0.01, max_depth=5, n_estimators=200, subsample=0.8; total time=   3.6s
[CV] END colsample_bytree=0.6, gamma=0.1, learning_rate=0.01, max_depth=5, n_estimators=200, subsample=0.8; total time=   3.5s
[CV] END colsample_bytree=0.6, gamma=0.1, learning_rate=0.01, max_depth=5, n_estimators=200, subsample=0.8; total time=   3.6s
[CV] END colsample_bytree=1.0, gamma=1.0, learning_rate=0.1, max_depth=3, n_estimators=100, subsample=1.0; total time=   1.5s
[CV] END colsample_bytree=1.0, gamma=1.0, learning_rate=0.1, max_depth=3, n_estimators=100, subsample=1.0; total time=   1.4s
[CV] END colsample_bytree=1.0, gamma=1.0, learning_rate=0.1, max_depth=3, n_estimators=100, subsample=1.0; total time=   1.5s
[CV] END colsample_bytree=0.8, gamma=0.1, learning_rate=0.05, max_depth=3, n_estimators=400, subsample=0.6; total time=   5.5s
[CV] END colsample_bytree=0.8, gamma=0.1, learning_rate=0.05, max_depth=3, n_estimators=400, subsample=0.6; total time=   5.5s
[CV] END colsample_bytree=0.8, gamma=0.1, learning_rate=0.05, max_depth=3, n_estimators=400, subsample=0.6; total time=   5.6s
[CV] END colsample_bytree=1.0, gamma=0.1, learning_rate=0.1, max_depth=3, n_estimators=400, subsample=1.0; total time=   5.0s
[CV] END colsample_bytree=1.0, gamma=0.1, learning_rate=0.1, max_depth=3, n_estimators=400, subsample=1.0; total time=   4.8s
[CV] END colsample_bytree=1.0, gamma=0.1, learning_rate=0.1, max_depth=3, n_estimators=400, subsample=1.0; total time=   4.9s
[CV] END colsample_bytree=0.9, gamma=1.0, learning_rate=0.01, max_depth=12, n_estimators=100, subsample=0.5; total time=   2.5s
[CV] END colsample_bytree=0.9, gamma=1.0, learning_rate=0.01, max_depth=12, n_estimators=100, subsample=0.5; total time=   2.5s
[CV] END colsample_bytree=0.9, gamma=1.0, learning_rate=0.01, max_depth=12, n_estimators=100, subsample=0.5; total time=   2.5s
[CV] END colsample_bytree=0.5, gamma=0, learning_rate=0.3, max_depth=9, n_estimators=100, subsample=1.0; total time=   2.2s
[CV] END colsample_bytree=0.5, gamma=0, learning_rate=0.3, max_depth=9, n_estimators=100, subsample=1.0; total time=   2.3s
[CV] END colsample_bytree=0.5, gamma=0, learning_rate=0.3, max_depth=9, n_estimators=100, subsample=1.0; total time=   2.3s
[CV] END colsample_bytree=0.5, gamma=0.5, learning_rate=0.2, max_depth=5, n_estimators=100, subsample=0.5; total time=   1.7s
[CV] END colsample_bytree=0.5, gamma=0.5, learning_rate=0.2, max_depth=5, n_estimators=100, subsample=0.5; total time=   1.7s
[CV] END colsample_bytree=0.5, gamma=0.5, learning_rate=0.2, max_depth=5, n_estimators=100, subsample=0.5; total time=   1.7s
    │  Best CV F1-weighted : 0.999637
    │  Best params         : {'subsample': 1.0, 'n_estimators': 400, 'max_depth': 3, 'learning_rate': 0.1, 'gamma': 0.1, 'colsample_bytree': 1.0}
    │  Total tuning time   : 285.5s
    └─ Saved: models/multiclass_seed44_XGBoost.pkl

  [24/30] task=multiclass  seed=44  model=DecisionTree

    ┌─ DecisionTree [CPU]
    │  Fitting 20 candidates × 3 folds = 60 fits …
Fitting 3 folds for each of 20 candidates, totalling 60 fits
[CV] END criterion=gini, max_depth=5, min_samples_leaf=16, min_samples_split=2, splitter=random; total time=   0.4s
[CV] END criterion=gini, max_depth=5, min_samples_leaf=16, min_samples_split=2, splitter=random; total time=   0.4s
[CV] END criterion=gini, max_depth=5, min_samples_leaf=16, min_samples_split=2, splitter=random; total time=   0.4s
[CV] END criterion=gini, max_depth=5, min_samples_leaf=4, min_samples_split=50, splitter=best; total time=   2.1s
[CV] END criterion=gini, max_depth=5, min_samples_leaf=4, min_samples_split=50, splitter=best; total time=   2.2s
[CV] END criterion=gini, max_depth=5, min_samples_leaf=4, min_samples_split=50, splitter=best; total time=   2.3s
[CV] END criterion=entropy, max_depth=30, min_samples_leaf=4, min_samples_split=2, splitter=random; total time=   0.5s
[CV] END criterion=entropy, max_depth=30, min_samples_leaf=4, min_samples_split=2, splitter=random; total time=   0.5s
[CV] END criterion=entropy, max_depth=30, min_samples_leaf=4, min_samples_split=2, splitter=random; total time=   0.5s
[CV] END criterion=entropy, max_depth=5, min_samples_leaf=1, min_samples_split=10, splitter=best; total time=   2.7s
[CV] END criterion=entropy, max_depth=5, min_samples_leaf=1, min_samples_split=10, splitter=best; total time=   2.7s
[CV] END criterion=entropy, max_depth=5, min_samples_leaf=1, min_samples_split=10, splitter=best; total time=   2.5s
[CV] END criterion=gini, max_depth=10, min_samples_leaf=4, min_samples_split=5, splitter=best; total time=   3.5s
[CV] END criterion=gini, max_depth=10, min_samples_leaf=4, min_samples_split=5, splitter=best; total time=   3.7s
[CV] END criterion=gini, max_depth=10, min_samples_leaf=4, min_samples_split=5, splitter=best; total time=   3.6s
[CV] END criterion=gini, max_depth=30, min_samples_leaf=1, min_samples_split=10, splitter=best; total time=   6.0s
[CV] END criterion=gini, max_depth=30, min_samples_leaf=1, min_samples_split=10, splitter=best; total time=   6.4s
[CV] END criterion=gini, max_depth=30, min_samples_leaf=1, min_samples_split=10, splitter=best; total time=   6.8s
[CV] END criterion=entropy, max_depth=None, min_samples_leaf=4, min_samples_split=5, splitter=random; total time=   0.5s
[CV] END criterion=entropy, max_depth=None, min_samples_leaf=4, min_samples_split=5, splitter=random; total time=   0.5s
[CV] END criterion=entropy, max_depth=None, min_samples_leaf=4, min_samples_split=5, splitter=random; total time=   0.5s
[CV] END criterion=entropy, max_depth=30, min_samples_leaf=4, min_samples_split=10, splitter=best; total time=   4.1s
[CV] END criterion=entropy, max_depth=30, min_samples_leaf=4, min_samples_split=10, splitter=best; total time=   4.9s
[CV] END criterion=entropy, max_depth=30, min_samples_leaf=4, min_samples_split=10, splitter=best; total time=   4.4s
[CV] END criterion=entropy, max_depth=5, min_samples_leaf=4, min_samples_split=2, splitter=best; total time=   2.8s
[CV] END criterion=entropy, max_depth=5, min_samples_leaf=4, min_samples_split=2, splitter=best; total time=   2.7s
[CV] END criterion=entropy, max_depth=5, min_samples_leaf=4, min_samples_split=2, splitter=best; total time=   2.6s
[CV] END criterion=gini, max_depth=None, min_samples_leaf=16, min_samples_split=50, splitter=random; total time=   0.6s
[CV] END criterion=gini, max_depth=None, min_samples_leaf=16, min_samples_split=50, splitter=random; total time=   0.6s
[CV] END criterion=gini, max_depth=None, min_samples_leaf=16, min_samples_split=50, splitter=random; total time=   0.5s
[CV] END criterion=gini, max_depth=20, min_samples_leaf=2, min_samples_split=10, splitter=random; total time=   0.6s
[CV] END criterion=gini, max_depth=20, min_samples_leaf=2, min_samples_split=10, splitter=random; total time=   0.6s
[CV] END criterion=gini, max_depth=20, min_samples_leaf=2, min_samples_split=10, splitter=random; total time=   0.6s
[CV] END criterion=gini, max_depth=20, min_samples_leaf=4, min_samples_split=50, splitter=random; total time=   0.6s
[CV] END criterion=gini, max_depth=20, min_samples_leaf=4, min_samples_split=50, splitter=random; total time=   0.6s
[CV] END criterion=gini, max_depth=20, min_samples_leaf=4, min_samples_split=50, splitter=random; total time=   0.6s
[CV] END criterion=entropy, max_depth=10, min_samples_leaf=16, min_samples_split=2, splitter=best; total time=   4.1s
[CV] END criterion=entropy, max_depth=10, min_samples_leaf=16, min_samples_split=2, splitter=best; total time=   4.2s
[CV] END criterion=entropy, max_depth=10, min_samples_leaf=16, min_samples_split=2, splitter=best; total time=   4.0s
[CV] END criterion=gini, max_depth=10, min_samples_leaf=8, min_samples_split=20, splitter=random; total time=   0.5s
[CV] END criterion=gini, max_depth=10, min_samples_leaf=8, min_samples_split=20, splitter=random; total time=   0.5s
[CV] END criterion=gini, max_depth=10, min_samples_leaf=8, min_samples_split=20, splitter=random; total time=   0.5s
[CV] END criterion=gini, max_depth=20, min_samples_leaf=1, min_samples_split=20, splitter=random; total time=   0.7s
[CV] END criterion=gini, max_depth=20, min_samples_leaf=1, min_samples_split=20, splitter=random; total time=   0.5s
[CV] END criterion=gini, max_depth=20, min_samples_leaf=1, min_samples_split=20, splitter=random; total time=   0.6s
[CV] END criterion=gini, max_depth=10, min_samples_leaf=16, min_samples_split=10, splitter=random; total time=   0.5s
[CV] END criterion=gini, max_depth=10, min_samples_leaf=16, min_samples_split=10, splitter=random; total time=   0.6s
[CV] END criterion=gini, max_depth=10, min_samples_leaf=16, min_samples_split=10, splitter=random; total time=   0.5s
[CV] END criterion=entropy, max_depth=None, min_samples_leaf=2, min_samples_split=50, splitter=random; total time=   0.5s
[CV] END criterion=entropy, max_depth=None, min_samples_leaf=2, min_samples_split=50, splitter=random; total time=   0.5s
[CV] END criterion=entropy, max_depth=None, min_samples_leaf=2, min_samples_split=50, splitter=random; total time=   0.5s
[CV] END criterion=entropy, max_depth=None, min_samples_leaf=16, min_samples_split=2, splitter=random; total time=   0.5s
[CV] END criterion=entropy, max_depth=None, min_samples_leaf=16, min_samples_split=2, splitter=random; total time=   0.5s
[CV] END criterion=entropy, max_depth=None, min_samples_leaf=16, min_samples_split=2, splitter=random; total time=   0.4s
[CV] END criterion=gini, max_depth=30, min_samples_leaf=4, min_samples_split=10, splitter=best; total time=   5.9s
[CV] END criterion=gini, max_depth=30, min_samples_leaf=4, min_samples_split=10, splitter=best; total time=   6.3s
[CV] END criterion=gini, max_depth=30, min_samples_leaf=4, min_samples_split=10, splitter=best; total time=   6.3s
[CV] END criterion=gini, max_depth=30, min_samples_leaf=1, min_samples_split=20, splitter=best; total time=   5.9s
[CV] END criterion=gini, max_depth=30, min_samples_leaf=1, min_samples_split=20, splitter=best; total time=   6.5s
[CV] END criterion=gini, max_depth=30, min_samples_leaf=1, min_samples_split=20, splitter=best; total time=   6.8s
    │  Best CV F1-weighted : 0.999171
    │  Best params         : {'splitter': 'best', 'min_samples_split': 10, 'min_samples_leaf': 4, 'max_depth': 30, 'criterion': 'entropy'}
    │  Total tuning time   : 139.8s
    └─ Saved: models/multiclass_seed44_DecisionTree.pkl

  ────────────────────────────────────────────────────────
  Seed 45  |  task=multiclass
  ────────────────────────────────────────────────────────
  Train: 427,344 samples  |  Test: 183,148 samples

  [25/30] task=multiclass  seed=45  model=RandomForest

    ┌─ RandomForest [CPU]
    │  Fitting 20 candidates × 3 folds = 60 fits …
Fitting 3 folds for each of 20 candidates, totalling 60 fits
[CV] END max_depth=50, max_features=0.6, min_samples_leaf=1, min_samples_split=15, n_estimators=700; total time= 1.5min
[CV] END max_depth=50, max_features=0.6, min_samples_leaf=1, min_samples_split=15, n_estimators=700; total time= 1.5min
[CV] END max_depth=50, max_features=0.6, min_samples_leaf=1, min_samples_split=15, n_estimators=700; total time= 1.5min
[CV] END max_depth=30, max_features=0.6, min_samples_leaf=8, min_samples_split=10, n_estimators=300; total time=  40.3s
[CV] END max_depth=30, max_features=0.6, min_samples_leaf=8, min_samples_split=10, n_estimators=300; total time=  39.3s
[CV] END max_depth=30, max_features=0.6, min_samples_leaf=8, min_samples_split=10, n_estimators=300; total time=  39.9s
[CV] END max_depth=20, max_features=0.4, min_samples_leaf=2, min_samples_split=15, n_estimators=300; total time=  24.3s
[CV] END max_depth=20, max_features=0.4, min_samples_leaf=2, min_samples_split=15, n_estimators=300; total time=  24.8s
[CV] END max_depth=20, max_features=0.4, min_samples_leaf=2, min_samples_split=15, n_estimators=300; total time=  24.5s
[CV] END max_depth=30, max_features=sqrt, min_samples_leaf=2, min_samples_split=15, n_estimators=200; total time=   5.7s
[CV] END max_depth=30, max_features=sqrt, min_samples_leaf=2, min_samples_split=15, n_estimators=200; total time=   5.6s
[CV] END max_depth=30, max_features=sqrt, min_samples_leaf=2, min_samples_split=15, n_estimators=200; total time=   5.6s
[CV] END max_depth=None, max_features=0.6, min_samples_leaf=16, min_samples_split=5, n_estimators=300; total time=  39.6s
[CV] END max_depth=None, max_features=0.6, min_samples_leaf=16, min_samples_split=5, n_estimators=300; total time=  39.1s
[CV] END max_depth=None, max_features=0.6, min_samples_leaf=16, min_samples_split=5, n_estimators=300; total time=  39.3s
[CV] END max_depth=None, max_features=log2, min_samples_leaf=2, min_samples_split=10, n_estimators=500; total time=  11.6s
[CV] END max_depth=None, max_features=log2, min_samples_leaf=2, min_samples_split=10, n_estimators=500; total time=  11.6s
[CV] END max_depth=None, max_features=log2, min_samples_leaf=2, min_samples_split=10, n_estimators=500; total time=  11.7s
[CV] END max_depth=None, max_features=0.6, min_samples_leaf=8, min_samples_split=5, n_estimators=100; total time=  14.9s
[CV] END max_depth=None, max_features=0.6, min_samples_leaf=8, min_samples_split=5, n_estimators=100; total time=  14.3s
[CV] END max_depth=None, max_features=0.6, min_samples_leaf=8, min_samples_split=5, n_estimators=100; total time=  14.1s
[CV] END max_depth=None, max_features=0.4, min_samples_leaf=1, min_samples_split=2, n_estimators=300; total time=  24.7s
[CV] END max_depth=None, max_features=0.4, min_samples_leaf=1, min_samples_split=2, n_estimators=300; total time=  24.7s
[CV] END max_depth=None, max_features=0.4, min_samples_leaf=1, min_samples_split=2, n_estimators=300; total time=  24.8s
[CV] END max_depth=None, max_features=sqrt, min_samples_leaf=1, min_samples_split=15, n_estimators=100; total time=   3.1s
[CV] END max_depth=None, max_features=sqrt, min_samples_leaf=1, min_samples_split=15, n_estimators=100; total time=   3.1s
[CV] END max_depth=None, max_features=sqrt, min_samples_leaf=1, min_samples_split=15, n_estimators=100; total time=   3.1s
[CV] END max_depth=None, max_features=0.6, min_samples_leaf=8, min_samples_split=2, n_estimators=300; total time=  40.2s
[CV] END max_depth=None, max_features=0.6, min_samples_leaf=8, min_samples_split=2, n_estimators=300; total time=  39.1s
[CV] END max_depth=None, max_features=0.6, min_samples_leaf=8, min_samples_split=2, n_estimators=300; total time=  39.6s
[CV] END max_depth=None, max_features=0.4, min_samples_leaf=1, min_samples_split=20, n_estimators=500; total time=  40.8s
[CV] END max_depth=None, max_features=0.4, min_samples_leaf=1, min_samples_split=20, n_estimators=500; total time=  40.7s
[CV] END max_depth=None, max_features=0.4, min_samples_leaf=1, min_samples_split=20, n_estimators=500; total time=  41.2s
[CV] END max_depth=20, max_features=sqrt, min_samples_leaf=8, min_samples_split=5, n_estimators=500; total time=  13.6s
[CV] END max_depth=20, max_features=sqrt, min_samples_leaf=8, min_samples_split=5, n_estimators=500; total time=  13.5s
[CV] END max_depth=20, max_features=sqrt, min_samples_leaf=8, min_samples_split=5, n_estimators=500; total time=  13.3s
[CV] END max_depth=None, max_features=0.6, min_samples_leaf=4, min_samples_split=15, n_estimators=700; total time= 1.5min
[CV] END max_depth=None, max_features=0.6, min_samples_leaf=4, min_samples_split=15, n_estimators=700; total time= 1.5min
[CV] END max_depth=None, max_features=0.6, min_samples_leaf=4, min_samples_split=15, n_estimators=700; total time= 1.5min
[CV] END max_depth=30, max_features=0.4, min_samples_leaf=4, min_samples_split=10, n_estimators=300; total time=  24.9s
[CV] END max_depth=30, max_features=0.4, min_samples_leaf=4, min_samples_split=10, n_estimators=300; total time=  24.6s
[CV] END max_depth=30, max_features=0.4, min_samples_leaf=4, min_samples_split=10, n_estimators=300; total time=  25.0s
[CV] END max_depth=30, max_features=log2, min_samples_leaf=4, min_samples_split=20, n_estimators=300; total time=   7.0s
[CV] END max_depth=30, max_features=log2, min_samples_leaf=4, min_samples_split=20, n_estimators=300; total time=   7.1s
[CV] END max_depth=30, max_features=log2, min_samples_leaf=4, min_samples_split=20, n_estimators=300; total time=   7.0s
[CV] END max_depth=30, max_features=0.4, min_samples_leaf=4, min_samples_split=15, n_estimators=200; total time=  16.8s
[CV] END max_depth=30, max_features=0.4, min_samples_leaf=4, min_samples_split=15, n_estimators=200; total time=  17.0s
[CV] END max_depth=30, max_features=0.4, min_samples_leaf=4, min_samples_split=15, n_estimators=200; total time=  16.9s
[CV] END max_depth=50, max_features=0.6, min_samples_leaf=8, min_samples_split=10, n_estimators=700; total time= 1.5min
[CV] END max_depth=50, max_features=0.6, min_samples_leaf=8, min_samples_split=10, n_estimators=700; total time= 1.5min
[CV] END max_depth=50, max_features=0.6, min_samples_leaf=8, min_samples_split=10, n_estimators=700; total time= 1.5min
[CV] END max_depth=50, max_features=sqrt, min_samples_leaf=2, min_samples_split=5, n_estimators=700; total time=  18.7s
[CV] END max_depth=50, max_features=sqrt, min_samples_leaf=2, min_samples_split=5, n_estimators=700; total time=  18.8s
[CV] END max_depth=50, max_features=sqrt, min_samples_leaf=2, min_samples_split=5, n_estimators=700; total time=  18.7s
[CV] END max_depth=None, max_features=log2, min_samples_leaf=4, min_samples_split=20, n_estimators=200; total time=   4.8s
[CV] END max_depth=None, max_features=log2, min_samples_leaf=4, min_samples_split=20, n_estimators=200; total time=   4.9s
[CV] END max_depth=None, max_features=log2, min_samples_leaf=4, min_samples_split=20, n_estimators=200; total time=   4.8s
[CV] END max_depth=10, max_features=0.6, min_samples_leaf=1, min_samples_split=5, n_estimators=700; total time= 1.0min
[CV] END max_depth=10, max_features=0.6, min_samples_leaf=1, min_samples_split=5, n_estimators=700; total time= 1.0min
[CV] END max_depth=10, max_features=0.6, min_samples_leaf=1, min_samples_split=5, n_estimators=700; total time= 1.0min
    │  Best CV F1-weighted : 0.999501
    │  Best params         : {'n_estimators': 700, 'min_samples_split': 15, 'min_samples_leaf': 1, 'max_features': 0.6, 'max_depth': 50}
    │  Total tuning time   : 2143.9s
    └─ Saved: models/multiclass_seed45_RandomForest.pkl

  [26/30] task=multiclass  seed=45  model=XGBoost

    ┌─ XGBoost [GPU]
    │  Fitting 20 candidates × 3 folds = 60 fits …
Fitting 3 folds for each of 20 candidates, totalling 60 fits
[CV] END colsample_bytree=0.8, gamma=0.05, learning_rate=0.05, max_depth=12, n_estimators=400, subsample=0.5; total time=   9.3s
[CV] END colsample_bytree=0.8, gamma=0.05, learning_rate=0.05, max_depth=12, n_estimators=400, subsample=0.5; total time=   9.1s
[CV] END colsample_bytree=0.8, gamma=0.05, learning_rate=0.05, max_depth=12, n_estimators=400, subsample=0.5; total time=   9.3s
[CV] END colsample_bytree=0.8, gamma=0, learning_rate=0.1, max_depth=7, n_estimators=200, subsample=0.9; total time=   4.4s
[CV] END colsample_bytree=0.8, gamma=0, learning_rate=0.1, max_depth=7, n_estimators=200, subsample=0.9; total time=   4.3s
[CV] END colsample_bytree=0.8, gamma=0, learning_rate=0.1, max_depth=7, n_estimators=200, subsample=0.9; total time=   4.4s
[CV] END colsample_bytree=1.0, gamma=0.1, learning_rate=0.05, max_depth=9, n_estimators=200, subsample=0.5; total time=   4.5s
[CV] END colsample_bytree=1.0, gamma=0.1, learning_rate=0.05, max_depth=9, n_estimators=200, subsample=0.5; total time=   4.5s
[CV] END colsample_bytree=1.0, gamma=0.1, learning_rate=0.05, max_depth=9, n_estimators=200, subsample=0.5; total time=   4.6s
[CV] END colsample_bytree=0.6, gamma=1.0, learning_rate=0.2, max_depth=3, n_estimators=300, subsample=0.8; total time=   3.3s
[CV] END colsample_bytree=0.6, gamma=1.0, learning_rate=0.2, max_depth=3, n_estimators=300, subsample=0.8; total time=   3.2s
[CV] END colsample_bytree=0.6, gamma=1.0, learning_rate=0.2, max_depth=3, n_estimators=300, subsample=0.8; total time=   3.3s
[CV] END colsample_bytree=0.9, gamma=0.5, learning_rate=0.3, max_depth=7, n_estimators=200, subsample=0.9; total time=   2.4s
[CV] END colsample_bytree=0.9, gamma=0.5, learning_rate=0.3, max_depth=7, n_estimators=200, subsample=0.9; total time=   2.3s
[CV] END colsample_bytree=0.9, gamma=0.5, learning_rate=0.3, max_depth=7, n_estimators=200, subsample=0.9; total time=   2.4s
[CV] END colsample_bytree=1.0, gamma=0, learning_rate=0.2, max_depth=3, n_estimators=500, subsample=0.5; total time=   7.0s
[CV] END colsample_bytree=1.0, gamma=0, learning_rate=0.2, max_depth=3, n_estimators=500, subsample=0.5; total time=   7.0s
[CV] END colsample_bytree=1.0, gamma=0, learning_rate=0.2, max_depth=3, n_estimators=500, subsample=0.5; total time=   7.2s
[CV] END colsample_bytree=0.5, gamma=0, learning_rate=0.05, max_depth=5, n_estimators=300, subsample=0.9; total time=   5.5s
[CV] END colsample_bytree=0.5, gamma=0, learning_rate=0.05, max_depth=5, n_estimators=300, subsample=0.9; total time=   5.5s
[CV] END colsample_bytree=0.5, gamma=0, learning_rate=0.05, max_depth=5, n_estimators=300, subsample=0.9; total time=   5.6s
[CV] END colsample_bytree=0.8, gamma=1.0, learning_rate=0.01, max_depth=3, n_estimators=500, subsample=0.8; total time=   7.0s
[CV] END colsample_bytree=0.8, gamma=1.0, learning_rate=0.01, max_depth=3, n_estimators=500, subsample=0.8; total time=   6.9s
[CV] END colsample_bytree=0.8, gamma=1.0, learning_rate=0.01, max_depth=3, n_estimators=500, subsample=0.8; total time=   7.0s
[CV] END colsample_bytree=1.0, gamma=0, learning_rate=0.05, max_depth=5, n_estimators=400, subsample=0.5; total time=   7.5s
[CV] END colsample_bytree=1.0, gamma=0, learning_rate=0.05, max_depth=5, n_estimators=400, subsample=0.5; total time=   7.3s
[CV] END colsample_bytree=1.0, gamma=0, learning_rate=0.05, max_depth=5, n_estimators=400, subsample=0.5; total time=   7.5s
[CV] END colsample_bytree=0.6, gamma=0, learning_rate=0.3, max_depth=9, n_estimators=100, subsample=1.0; total time=   2.3s
[CV] END colsample_bytree=0.6, gamma=0, learning_rate=0.3, max_depth=9, n_estimators=100, subsample=1.0; total time=   2.3s
[CV] END colsample_bytree=0.6, gamma=0, learning_rate=0.3, max_depth=9, n_estimators=100, subsample=1.0; total time=   2.3s
[CV] END colsample_bytree=0.9, gamma=1.0, learning_rate=0.2, max_depth=7, n_estimators=100, subsample=0.9; total time=   1.6s
[CV] END colsample_bytree=0.9, gamma=1.0, learning_rate=0.2, max_depth=7, n_estimators=100, subsample=0.9; total time=   1.5s
[CV] END colsample_bytree=0.9, gamma=1.0, learning_rate=0.2, max_depth=7, n_estimators=100, subsample=0.9; total time=   1.5s
[CV] END colsample_bytree=0.5, gamma=0, learning_rate=0.3, max_depth=9, n_estimators=100, subsample=0.8; total time=   2.4s
[CV] END colsample_bytree=0.5, gamma=0, learning_rate=0.3, max_depth=9, n_estimators=100, subsample=0.8; total time=   2.4s
[CV] END colsample_bytree=0.5, gamma=0, learning_rate=0.3, max_depth=9, n_estimators=100, subsample=0.8; total time=   2.4s
[CV] END colsample_bytree=0.8, gamma=0.5, learning_rate=0.2, max_depth=9, n_estimators=400, subsample=0.5; total time=   5.2s
[CV] END colsample_bytree=0.8, gamma=0.5, learning_rate=0.2, max_depth=9, n_estimators=400, subsample=0.5; total time=   4.9s
[CV] END colsample_bytree=0.8, gamma=0.5, learning_rate=0.2, max_depth=9, n_estimators=400, subsample=0.5; total time=   5.0s
[CV] END colsample_bytree=1.0, gamma=0.05, learning_rate=0.2, max_depth=12, n_estimators=500, subsample=0.6; total time=   9.3s
[CV] END colsample_bytree=1.0, gamma=0.05, learning_rate=0.2, max_depth=12, n_estimators=500, subsample=0.6; total time=   9.0s
[CV] END colsample_bytree=1.0, gamma=0.05, learning_rate=0.2, max_depth=12, n_estimators=500, subsample=0.6; total time=   9.1s
[CV] END colsample_bytree=1.0, gamma=0, learning_rate=0.1, max_depth=12, n_estimators=200, subsample=0.8; total time=   5.0s
[CV] END colsample_bytree=1.0, gamma=0, learning_rate=0.1, max_depth=12, n_estimators=200, subsample=0.8; total time=   4.9s
[CV] END colsample_bytree=1.0, gamma=0, learning_rate=0.1, max_depth=12, n_estimators=200, subsample=0.8; total time=   4.9s
[CV] END colsample_bytree=0.8, gamma=0.1, learning_rate=0.3, max_depth=7, n_estimators=100, subsample=1.0; total time=   1.5s
[CV] END colsample_bytree=0.8, gamma=0.1, learning_rate=0.3, max_depth=7, n_estimators=100, subsample=1.0; total time=   1.5s
[CV] END colsample_bytree=0.8, gamma=0.1, learning_rate=0.3, max_depth=7, n_estimators=100, subsample=1.0; total time=   1.5s
[CV] END colsample_bytree=1.0, gamma=1.0, learning_rate=0.3, max_depth=9, n_estimators=100, subsample=0.5; total time=   1.4s
[CV] END colsample_bytree=1.0, gamma=1.0, learning_rate=0.3, max_depth=9, n_estimators=100, subsample=0.5; total time=   1.4s
[CV] END colsample_bytree=1.0, gamma=1.0, learning_rate=0.3, max_depth=9, n_estimators=100, subsample=0.5; total time=   1.4s
[CV] END colsample_bytree=1.0, gamma=0.5, learning_rate=0.05, max_depth=12, n_estimators=100, subsample=0.5; total time=   2.5s
[CV] END colsample_bytree=1.0, gamma=0.5, learning_rate=0.05, max_depth=12, n_estimators=100, subsample=0.5; total time=   2.4s
[CV] END colsample_bytree=1.0, gamma=0.5, learning_rate=0.05, max_depth=12, n_estimators=100, subsample=0.5; total time=   2.4s
[CV] END colsample_bytree=0.8, gamma=0.05, learning_rate=0.2, max_depth=9, n_estimators=500, subsample=1.0; total time=   5.3s
[CV] END colsample_bytree=0.8, gamma=0.05, learning_rate=0.2, max_depth=9, n_estimators=500, subsample=1.0; total time=   5.2s
[CV] END colsample_bytree=0.8, gamma=0.05, learning_rate=0.2, max_depth=9, n_estimators=500, subsample=1.0; total time=   5.4s
[CV] END colsample_bytree=0.9, gamma=1.0, learning_rate=0.1, max_depth=7, n_estimators=400, subsample=1.0; total time=   4.3s
[CV] END colsample_bytree=0.9, gamma=1.0, learning_rate=0.1, max_depth=7, n_estimators=400, subsample=1.0; total time=   4.3s
[CV] END colsample_bytree=0.9, gamma=1.0, learning_rate=0.1, max_depth=7, n_estimators=400, subsample=1.0; total time=   4.4s
    │  Best CV F1-weighted : 0.999630
    │  Best params         : {'subsample': 0.9, 'n_estimators': 300, 'max_depth': 5, 'learning_rate': 0.05, 'gamma': 0, 'colsample_bytree': 0.5}
    │  Total tuning time   : 282.6s
    └─ Saved: models/multiclass_seed45_XGBoost.pkl

  [27/30] task=multiclass  seed=45  model=DecisionTree

    ┌─ DecisionTree [CPU]
    │  Fitting 20 candidates × 3 folds = 60 fits …
Fitting 3 folds for each of 20 candidates, totalling 60 fits
[CV] END criterion=gini, max_depth=30, min_samples_leaf=1, min_samples_split=10, splitter=best; total time=   6.3s
[CV] END criterion=gini, max_depth=30, min_samples_leaf=1, min_samples_split=10, splitter=best; total time=   6.0s
[CV] END criterion=gini, max_depth=30, min_samples_leaf=1, min_samples_split=10, splitter=best; total time=   5.4s
[CV] END criterion=entropy, max_depth=30, min_samples_leaf=8, min_samples_split=2, splitter=random; total time=   0.5s
[CV] END criterion=entropy, max_depth=30, min_samples_leaf=8, min_samples_split=2, splitter=random; total time=   0.5s
[CV] END criterion=entropy, max_depth=30, min_samples_leaf=8, min_samples_split=2, splitter=random; total time=   0.6s
[CV] END criterion=entropy, max_depth=None, min_samples_leaf=16, min_samples_split=20, splitter=best; total time=   4.1s
[CV] END criterion=entropy, max_depth=None, min_samples_leaf=16, min_samples_split=20, splitter=best; total time=   3.9s
[CV] END criterion=entropy, max_depth=None, min_samples_leaf=16, min_samples_split=20, splitter=best; total time=   3.3s
[CV] END criterion=gini, max_depth=None, min_samples_leaf=8, min_samples_split=50, splitter=best; total time=   6.3s
[CV] END criterion=gini, max_depth=None, min_samples_leaf=8, min_samples_split=50, splitter=best; total time=   6.1s
[CV] END criterion=gini, max_depth=None, min_samples_leaf=8, min_samples_split=50, splitter=best; total time=   5.6s
[CV] END criterion=entropy, max_depth=None, min_samples_leaf=16, min_samples_split=50, splitter=best; total time=   4.0s
[CV] END criterion=entropy, max_depth=None, min_samples_leaf=16, min_samples_split=50, splitter=best; total time=   4.0s
[CV] END criterion=entropy, max_depth=None, min_samples_leaf=16, min_samples_split=50, splitter=best; total time=   3.4s
[CV] END criterion=gini, max_depth=5, min_samples_leaf=2, min_samples_split=2, splitter=random; total time=   0.4s
[CV] END criterion=gini, max_depth=5, min_samples_leaf=2, min_samples_split=2, splitter=random; total time=   0.4s
[CV] END criterion=gini, max_depth=5, min_samples_leaf=2, min_samples_split=2, splitter=random; total time=   0.4s
[CV] END criterion=entropy, max_depth=10, min_samples_leaf=4, min_samples_split=2, splitter=random; total time=   0.4s
[CV] END criterion=entropy, max_depth=10, min_samples_leaf=4, min_samples_split=2, splitter=random; total time=   0.4s
[CV] END criterion=entropy, max_depth=10, min_samples_leaf=4, min_samples_split=2, splitter=random; total time=   0.5s
[CV] END criterion=entropy, max_depth=10, min_samples_leaf=2, min_samples_split=2, splitter=best; total time=   4.0s
[CV] END criterion=entropy, max_depth=10, min_samples_leaf=2, min_samples_split=2, splitter=best; total time=   4.0s
[CV] END criterion=entropy, max_depth=10, min_samples_leaf=2, min_samples_split=2, splitter=best; total time=   3.3s
[CV] END criterion=entropy, max_depth=20, min_samples_leaf=2, min_samples_split=5, splitter=random; total time=   0.5s
[CV] END criterion=entropy, max_depth=20, min_samples_leaf=2, min_samples_split=5, splitter=random; total time=   0.5s
[CV] END criterion=entropy, max_depth=20, min_samples_leaf=2, min_samples_split=5, splitter=random; total time=   0.5s
[CV] END criterion=gini, max_depth=5, min_samples_leaf=2, min_samples_split=10, splitter=best; total time=   2.1s
[CV] END criterion=gini, max_depth=5, min_samples_leaf=2, min_samples_split=10, splitter=best; total time=   2.2s
[CV] END criterion=gini, max_depth=5, min_samples_leaf=2, min_samples_split=10, splitter=best; total time=   2.3s
[CV] END criterion=entropy, max_depth=None, min_samples_leaf=8, min_samples_split=2, splitter=random; total time=   0.4s
[CV] END criterion=entropy, max_depth=None, min_samples_leaf=8, min_samples_split=2, splitter=random; total time=   0.4s
[CV] END criterion=entropy, max_depth=None, min_samples_leaf=8, min_samples_split=2, splitter=random; total time=   0.5s
[CV] END criterion=gini, max_depth=30, min_samples_leaf=1, min_samples_split=5, splitter=best; total time=   6.2s
[CV] END criterion=gini, max_depth=30, min_samples_leaf=1, min_samples_split=5, splitter=best; total time=   6.1s
[CV] END criterion=gini, max_depth=30, min_samples_leaf=1, min_samples_split=5, splitter=best; total time=   5.5s
[CV] END criterion=gini, max_depth=10, min_samples_leaf=1, min_samples_split=5, splitter=best; total time=   3.5s
[CV] END criterion=gini, max_depth=10, min_samples_leaf=1, min_samples_split=5, splitter=best; total time=   3.6s
[CV] END criterion=gini, max_depth=10, min_samples_leaf=1, min_samples_split=5, splitter=best; total time=   3.7s
[CV] END criterion=gini, max_depth=30, min_samples_leaf=2, min_samples_split=5, splitter=best; total time=   6.3s
[CV] END criterion=gini, max_depth=30, min_samples_leaf=2, min_samples_split=5, splitter=best; total time=   6.1s
[CV] END criterion=gini, max_depth=30, min_samples_leaf=2, min_samples_split=5, splitter=best; total time=   5.5s
[CV] END criterion=gini, max_depth=30, min_samples_leaf=1, min_samples_split=20, splitter=best; total time=   6.4s
[CV] END criterion=gini, max_depth=30, min_samples_leaf=1, min_samples_split=20, splitter=best; total time=   5.9s
[CV] END criterion=gini, max_depth=30, min_samples_leaf=1, min_samples_split=20, splitter=best; total time=   5.4s
[CV] END criterion=entropy, max_depth=None, min_samples_leaf=4, min_samples_split=2, splitter=random; total time=   0.4s
[CV] END criterion=entropy, max_depth=None, min_samples_leaf=4, min_samples_split=2, splitter=random; total time=   0.4s
[CV] END criterion=entropy, max_depth=None, min_samples_leaf=4, min_samples_split=2, splitter=random; total time=   0.4s
[CV] END criterion=entropy, max_depth=30, min_samples_leaf=1, min_samples_split=2, splitter=random; total time=   0.4s
[CV] END criterion=entropy, max_depth=30, min_samples_leaf=1, min_samples_split=2, splitter=random; total time=   0.4s
[CV] END criterion=entropy, max_depth=30, min_samples_leaf=1, min_samples_split=2, splitter=random; total time=   0.5s
[CV] END criterion=entropy, max_depth=30, min_samples_leaf=1, min_samples_split=5, splitter=random; total time=   0.4s
[CV] END criterion=entropy, max_depth=30, min_samples_leaf=1, min_samples_split=5, splitter=random; total time=   0.4s
[CV] END criterion=entropy, max_depth=30, min_samples_leaf=1, min_samples_split=5, splitter=random; total time=   0.5s
[CV] END criterion=gini, max_depth=5, min_samples_leaf=1, min_samples_split=2, splitter=best; total time=   2.1s
[CV] END criterion=gini, max_depth=5, min_samples_leaf=1, min_samples_split=2, splitter=best; total time=   2.2s
[CV] END criterion=gini, max_depth=5, min_samples_leaf=1, min_samples_split=2, splitter=best; total time=   2.2s
[CV] END criterion=gini, max_depth=5, min_samples_leaf=16, min_samples_split=50, splitter=random; total time=   0.4s
[CV] END criterion=gini, max_depth=5, min_samples_leaf=16, min_samples_split=50, splitter=random; total time=   0.4s
[CV] END criterion=gini, max_depth=5, min_samples_leaf=16, min_samples_split=50, splitter=random; total time=   0.4s
    │  Best CV F1-weighted : 0.999130
    │  Best params         : {'splitter': 'random', 'min_samples_split': 5, 'min_samples_leaf': 1, 'max_depth': 30, 'criterion': 'entropy'}
    │  Total tuning time   : 159.4s
    └─ Saved: models/multiclass_seed45_DecisionTree.pkl

  ────────────────────────────────────────────────────────
  Seed 46  |  task=multiclass
  ────────────────────────────────────────────────────────
  Train: 427,344 samples  |  Test: 183,148 samples

  [28/30] task=multiclass  seed=46  model=RandomForest

    ┌─ RandomForest [CPU]
    │  Fitting 20 candidates × 3 folds = 60 fits …
Fitting 3 folds for each of 20 candidates, totalling 60 fits
[CV] END max_depth=50, max_features=0.4, min_samples_leaf=1, min_samples_split=10, n_estimators=100; total time=   9.0s
[CV] END max_depth=50, max_features=0.4, min_samples_leaf=1, min_samples_split=10, n_estimators=100; total time=   9.2s
[CV] END max_depth=50, max_features=0.4, min_samples_leaf=1, min_samples_split=10, n_estimators=100; total time=   8.9s
[CV] END max_depth=20, max_features=0.2, min_samples_leaf=8, min_samples_split=2, n_estimators=200; total time=   7.6s
[CV] END max_depth=20, max_features=0.2, min_samples_leaf=8, min_samples_split=2, n_estimators=200; total time=   7.5s
[CV] END max_depth=20, max_features=0.2, min_samples_leaf=8, min_samples_split=2, n_estimators=200; total time=   7.5s
[CV] END max_depth=30, max_features=0.6, min_samples_leaf=16, min_samples_split=15, n_estimators=100; total time=  14.1s
[CV] END max_depth=30, max_features=0.6, min_samples_leaf=16, min_samples_split=15, n_estimators=100; total time=  14.5s
[CV] END max_depth=30, max_features=0.6, min_samples_leaf=16, min_samples_split=15, n_estimators=100; total time=  14.3s
[CV] END max_depth=30, max_features=0.6, min_samples_leaf=8, min_samples_split=2, n_estimators=200; total time=  26.6s
[CV] END max_depth=30, max_features=0.6, min_samples_leaf=8, min_samples_split=2, n_estimators=200; total time=  27.3s
[CV] END max_depth=30, max_features=0.6, min_samples_leaf=8, min_samples_split=2, n_estimators=200; total time=  26.9s
[CV] END max_depth=10, max_features=sqrt, min_samples_leaf=2, min_samples_split=5, n_estimators=500; total time=  12.3s
[CV] END max_depth=10, max_features=sqrt, min_samples_leaf=2, min_samples_split=5, n_estimators=500; total time=  12.3s
[CV] END max_depth=10, max_features=sqrt, min_samples_leaf=2, min_samples_split=5, n_estimators=500; total time=  12.3s
[CV] END max_depth=20, max_features=sqrt, min_samples_leaf=8, min_samples_split=15, n_estimators=100; total time=   3.1s
[CV] END max_depth=20, max_features=sqrt, min_samples_leaf=8, min_samples_split=15, n_estimators=100; total time=   3.0s
[CV] END max_depth=20, max_features=sqrt, min_samples_leaf=8, min_samples_split=15, n_estimators=100; total time=   3.1s
[CV] END max_depth=30, max_features=0.6, min_samples_leaf=8, min_samples_split=5, n_estimators=700; total time= 1.5min
[CV] END max_depth=30, max_features=0.6, min_samples_leaf=8, min_samples_split=5, n_estimators=700; total time= 1.6min
[CV] END max_depth=30, max_features=0.6, min_samples_leaf=8, min_samples_split=5, n_estimators=700; total time= 1.5min
[CV] END max_depth=50, max_features=0.6, min_samples_leaf=1, min_samples_split=20, n_estimators=700; total time= 1.5min
[CV] END max_depth=50, max_features=0.6, min_samples_leaf=1, min_samples_split=20, n_estimators=700; total time= 1.6min
[CV] END max_depth=50, max_features=0.6, min_samples_leaf=1, min_samples_split=20, n_estimators=700; total time= 1.6min
[CV] END max_depth=50, max_features=0.2, min_samples_leaf=2, min_samples_split=20, n_estimators=100; total time=   3.9s
[CV] END max_depth=50, max_features=0.2, min_samples_leaf=2, min_samples_split=20, n_estimators=100; total time=   4.1s
[CV] END max_depth=50, max_features=0.2, min_samples_leaf=2, min_samples_split=20, n_estimators=100; total time=   4.0s
[CV] END max_depth=50, max_features=log2, min_samples_leaf=4, min_samples_split=15, n_estimators=100; total time=   2.6s
[CV] END max_depth=50, max_features=log2, min_samples_leaf=4, min_samples_split=15, n_estimators=100; total time=   2.6s
[CV] END max_depth=50, max_features=log2, min_samples_leaf=4, min_samples_split=15, n_estimators=100; total time=   2.6s
[CV] END max_depth=None, max_features=0.6, min_samples_leaf=2, min_samples_split=15, n_estimators=700; total time= 1.5min
[CV] END max_depth=None, max_features=0.6, min_samples_leaf=2, min_samples_split=15, n_estimators=700; total time= 1.6min
[CV] END max_depth=None, max_features=0.6, min_samples_leaf=2, min_samples_split=15, n_estimators=700; total time= 1.5min
[CV] END max_depth=50, max_features=0.2, min_samples_leaf=8, min_samples_split=20, n_estimators=300; total time=  10.9s
[CV] END max_depth=50, max_features=0.2, min_samples_leaf=8, min_samples_split=20, n_estimators=300; total time=  11.0s
[CV] END max_depth=50, max_features=0.2, min_samples_leaf=8, min_samples_split=20, n_estimators=300; total time=  10.9s
[CV] END max_depth=10, max_features=log2, min_samples_leaf=4, min_samples_split=20, n_estimators=500; total time=  10.7s
[CV] END max_depth=10, max_features=log2, min_samples_leaf=4, min_samples_split=20, n_estimators=500; total time=  10.6s
[CV] END max_depth=10, max_features=log2, min_samples_leaf=4, min_samples_split=20, n_estimators=500; total time=  10.6s
[CV] END max_depth=10, max_features=log2, min_samples_leaf=2, min_samples_split=15, n_estimators=100; total time=   2.7s
[CV] END max_depth=10, max_features=log2, min_samples_leaf=2, min_samples_split=15, n_estimators=100; total time=   2.4s
[CV] END max_depth=10, max_features=log2, min_samples_leaf=2, min_samples_split=15, n_estimators=100; total time=   2.4s
[CV] END max_depth=None, max_features=0.6, min_samples_leaf=16, min_samples_split=10, n_estimators=100; total time=  14.1s
[CV] END max_depth=None, max_features=0.6, min_samples_leaf=16, min_samples_split=10, n_estimators=100; total time=  14.4s
[CV] END max_depth=None, max_features=0.6, min_samples_leaf=16, min_samples_split=10, n_estimators=100; total time=  14.4s
[CV] END max_depth=None, max_features=0.2, min_samples_leaf=8, min_samples_split=10, n_estimators=100; total time=   4.0s
[CV] END max_depth=None, max_features=0.2, min_samples_leaf=8, min_samples_split=10, n_estimators=100; total time=   3.9s
[CV] END max_depth=None, max_features=0.2, min_samples_leaf=8, min_samples_split=10, n_estimators=100; total time=   4.0s
[CV] END max_depth=20, max_features=0.6, min_samples_leaf=4, min_samples_split=20, n_estimators=300; total time=  39.0s
[CV] END max_depth=20, max_features=0.6, min_samples_leaf=4, min_samples_split=20, n_estimators=300; total time=  39.2s
[CV] END max_depth=20, max_features=0.6, min_samples_leaf=4, min_samples_split=20, n_estimators=300; total time=  39.4s
[CV] END max_depth=10, max_features=sqrt, min_samples_leaf=1, min_samples_split=15, n_estimators=300; total time=   7.6s
[CV] END max_depth=10, max_features=sqrt, min_samples_leaf=1, min_samples_split=15, n_estimators=300; total time=   7.5s
[CV] END max_depth=10, max_features=sqrt, min_samples_leaf=1, min_samples_split=15, n_estimators=300; total time=   7.4s
[CV] END max_depth=50, max_features=log2, min_samples_leaf=2, min_samples_split=20, n_estimators=700; total time=  16.0s
[CV] END max_depth=50, max_features=log2, min_samples_leaf=2, min_samples_split=20, n_estimators=700; total time=  16.2s
[CV] END max_depth=50, max_features=log2, min_samples_leaf=2, min_samples_split=20, n_estimators=700; total time=  15.9s
[CV] END max_depth=50, max_features=0.6, min_samples_leaf=1, min_samples_split=15, n_estimators=200; total time=  26.6s
[CV] END max_depth=50, max_features=0.6, min_samples_leaf=1, min_samples_split=15, n_estimators=200; total time=  27.5s
[CV] END max_depth=50, max_features=0.6, min_samples_leaf=1, min_samples_split=15, n_estimators=200; total time=  27.3s
    │  Best CV F1-weighted : 0.999471
    │  Best params         : {'n_estimators': 700, 'min_samples_split': 20, 'min_samples_leaf': 1, 'max_features': 0.6, 'max_depth': 50}
    │  Total tuning time   : 1624.3s
    └─ Saved: models/multiclass_seed46_RandomForest.pkl

  [29/30] task=multiclass  seed=46  model=XGBoost

    ┌─ XGBoost [GPU]
    │  Fitting 20 candidates × 3 folds = 60 fits …
Fitting 3 folds for each of 20 candidates, totalling 60 fits
[CV] END colsample_bytree=1.0, gamma=1.0, learning_rate=0.3, max_depth=5, n_estimators=500, subsample=1.0; total time=   4.3s
[CV] END colsample_bytree=1.0, gamma=1.0, learning_rate=0.3, max_depth=5, n_estimators=500, subsample=1.0; total time=   4.3s
[CV] END colsample_bytree=1.0, gamma=1.0, learning_rate=0.3, max_depth=5, n_estimators=500, subsample=1.0; total time=   4.4s
[CV] END colsample_bytree=0.8, gamma=0.05, learning_rate=0.01, max_depth=12, n_estimators=200, subsample=0.6; total time=   5.3s
[CV] END colsample_bytree=0.8, gamma=0.05, learning_rate=0.01, max_depth=12, n_estimators=200, subsample=0.6; total time=   5.4s
[CV] END colsample_bytree=0.8, gamma=0.05, learning_rate=0.01, max_depth=12, n_estimators=200, subsample=0.6; total time=   5.4s
[CV] END colsample_bytree=1.0, gamma=0.1, learning_rate=0.01, max_depth=12, n_estimators=300, subsample=1.0; total time=   7.8s
[CV] END colsample_bytree=1.0, gamma=0.1, learning_rate=0.01, max_depth=12, n_estimators=300, subsample=1.0; total time=   8.0s
[CV] END colsample_bytree=1.0, gamma=0.1, learning_rate=0.01, max_depth=12, n_estimators=300, subsample=1.0; total time=   8.1s
[CV] END colsample_bytree=0.8, gamma=0.1, learning_rate=0.01, max_depth=5, n_estimators=400, subsample=0.5; total time=   7.2s
[CV] END colsample_bytree=0.8, gamma=0.1, learning_rate=0.01, max_depth=5, n_estimators=400, subsample=0.5; total time=   7.2s
[CV] END colsample_bytree=0.8, gamma=0.1, learning_rate=0.01, max_depth=5, n_estimators=400, subsample=0.5; total time=   7.3s
[CV] END colsample_bytree=0.5, gamma=0.5, learning_rate=0.3, max_depth=12, n_estimators=400, subsample=0.5; total time=   5.1s
[CV] END colsample_bytree=0.5, gamma=0.5, learning_rate=0.3, max_depth=12, n_estimators=400, subsample=0.5; total time=   5.1s
[CV] END colsample_bytree=0.5, gamma=0.5, learning_rate=0.3, max_depth=12, n_estimators=400, subsample=0.5; total time=   5.0s
[CV] END colsample_bytree=0.5, gamma=0.5, learning_rate=0.3, max_depth=9, n_estimators=100, subsample=0.6; total time=   1.7s
[CV] END colsample_bytree=0.5, gamma=0.5, learning_rate=0.3, max_depth=9, n_estimators=100, subsample=0.6; total time=   1.7s
[CV] END colsample_bytree=0.5, gamma=0.5, learning_rate=0.3, max_depth=9, n_estimators=100, subsample=0.6; total time=   1.7s
[CV] END colsample_bytree=0.5, gamma=0.05, learning_rate=0.01, max_depth=5, n_estimators=200, subsample=0.9; total time=   3.6s
[CV] END colsample_bytree=0.5, gamma=0.05, learning_rate=0.01, max_depth=5, n_estimators=200, subsample=0.9; total time=   3.6s
[CV] END colsample_bytree=0.5, gamma=0.05, learning_rate=0.01, max_depth=5, n_estimators=200, subsample=0.9; total time=   3.6s
[CV] END colsample_bytree=0.6, gamma=0.05, learning_rate=0.01, max_depth=5, n_estimators=300, subsample=0.8; total time=   5.4s
[CV] END colsample_bytree=0.6, gamma=0.05, learning_rate=0.01, max_depth=5, n_estimators=300, subsample=0.8; total time=   5.4s
[CV] END colsample_bytree=0.6, gamma=0.05, learning_rate=0.01, max_depth=5, n_estimators=300, subsample=0.8; total time=   5.4s
[CV] END colsample_bytree=0.6, gamma=0.05, learning_rate=0.05, max_depth=7, n_estimators=200, subsample=0.9; total time=   4.3s
[CV] END colsample_bytree=0.6, gamma=0.05, learning_rate=0.05, max_depth=7, n_estimators=200, subsample=0.9; total time=   4.3s
[CV] END colsample_bytree=0.6, gamma=0.05, learning_rate=0.05, max_depth=7, n_estimators=200, subsample=0.9; total time=   4.3s
[CV] END colsample_bytree=0.6, gamma=0.5, learning_rate=0.2, max_depth=7, n_estimators=300, subsample=0.6; total time=   3.8s
[CV] END colsample_bytree=0.6, gamma=0.5, learning_rate=0.2, max_depth=7, n_estimators=300, subsample=0.6; total time=   3.9s
[CV] END colsample_bytree=0.6, gamma=0.5, learning_rate=0.2, max_depth=7, n_estimators=300, subsample=0.6; total time=   3.7s
[CV] END colsample_bytree=0.5, gamma=0.5, learning_rate=0.3, max_depth=9, n_estimators=200, subsample=1.0; total time=   2.3s
[CV] END colsample_bytree=0.5, gamma=0.5, learning_rate=0.3, max_depth=9, n_estimators=200, subsample=1.0; total time=   2.3s
[CV] END colsample_bytree=0.5, gamma=0.5, learning_rate=0.3, max_depth=9, n_estimators=200, subsample=1.0; total time=   2.3s
[CV] END colsample_bytree=0.8, gamma=0.05, learning_rate=0.05, max_depth=12, n_estimators=500, subsample=0.5; total time=  11.5s
[CV] END colsample_bytree=0.8, gamma=0.05, learning_rate=0.05, max_depth=12, n_estimators=500, subsample=0.5; total time=  11.6s
[CV] END colsample_bytree=0.8, gamma=0.05, learning_rate=0.05, max_depth=12, n_estimators=500, subsample=0.5; total time=  11.3s
[CV] END colsample_bytree=1.0, gamma=1.0, learning_rate=0.01, max_depth=9, n_estimators=200, subsample=0.9; total time=   4.5s
[CV] END colsample_bytree=1.0, gamma=1.0, learning_rate=0.01, max_depth=9, n_estimators=200, subsample=0.9; total time=   4.5s
[CV] END colsample_bytree=1.0, gamma=1.0, learning_rate=0.01, max_depth=9, n_estimators=200, subsample=0.9; total time=   4.5s
[CV] END colsample_bytree=0.9, gamma=0.1, learning_rate=0.1, max_depth=3, n_estimators=200, subsample=0.8; total time=   2.9s
[CV] END colsample_bytree=0.9, gamma=0.1, learning_rate=0.1, max_depth=3, n_estimators=200, subsample=0.8; total time=   2.9s
[CV] END colsample_bytree=0.9, gamma=0.1, learning_rate=0.1, max_depth=3, n_estimators=200, subsample=0.8; total time=   2.9s
[CV] END colsample_bytree=0.9, gamma=0.5, learning_rate=0.01, max_depth=9, n_estimators=300, subsample=0.6; total time=   6.6s
[CV] END colsample_bytree=0.9, gamma=0.5, learning_rate=0.01, max_depth=9, n_estimators=300, subsample=0.6; total time=   6.6s
[CV] END colsample_bytree=0.9, gamma=0.5, learning_rate=0.01, max_depth=9, n_estimators=300, subsample=0.6; total time=   6.7s
[CV] END colsample_bytree=0.5, gamma=0, learning_rate=0.3, max_depth=5, n_estimators=400, subsample=1.0; total time=   6.8s
[CV] END colsample_bytree=0.5, gamma=0, learning_rate=0.3, max_depth=5, n_estimators=400, subsample=1.0; total time=   6.9s
[CV] END colsample_bytree=0.5, gamma=0, learning_rate=0.3, max_depth=5, n_estimators=400, subsample=1.0; total time=   6.6s
[CV] END colsample_bytree=0.9, gamma=0.1, learning_rate=0.2, max_depth=5, n_estimators=300, subsample=1.0; total time=   3.3s
[CV] END colsample_bytree=0.9, gamma=0.1, learning_rate=0.2, max_depth=5, n_estimators=300, subsample=1.0; total time=   3.4s
[CV] END colsample_bytree=0.9, gamma=0.1, learning_rate=0.2, max_depth=5, n_estimators=300, subsample=1.0; total time=   3.4s
[CV] END colsample_bytree=1.0, gamma=0, learning_rate=0.3, max_depth=12, n_estimators=300, subsample=0.6; total time=   6.4s
[CV] END colsample_bytree=1.0, gamma=0, learning_rate=0.3, max_depth=12, n_estimators=300, subsample=0.6; total time=   6.5s
[CV] END colsample_bytree=1.0, gamma=0, learning_rate=0.3, max_depth=12, n_estimators=300, subsample=0.6; total time=   6.2s
[CV] END colsample_bytree=0.8, gamma=1.0, learning_rate=0.05, max_depth=12, n_estimators=200, subsample=0.8; total time=   3.9s
[CV] END colsample_bytree=0.8, gamma=1.0, learning_rate=0.05, max_depth=12, n_estimators=200, subsample=0.8; total time=   4.0s
[CV] END colsample_bytree=0.8, gamma=1.0, learning_rate=0.05, max_depth=12, n_estimators=200, subsample=0.8; total time=   4.0s
[CV] END colsample_bytree=0.8, gamma=1.0, learning_rate=0.01, max_depth=7, n_estimators=100, subsample=0.8; total time=   2.1s
[CV] END colsample_bytree=0.8, gamma=1.0, learning_rate=0.01, max_depth=7, n_estimators=100, subsample=0.8; total time=   2.1s
[CV] END colsample_bytree=0.8, gamma=1.0, learning_rate=0.01, max_depth=7, n_estimators=100, subsample=0.8; total time=   2.2s
    │  Best CV F1-weighted : 0.999590
    │  Best params         : {'subsample': 0.6, 'n_estimators': 300, 'max_depth': 7, 'learning_rate': 0.2, 'gamma': 0.5, 'colsample_bytree': 0.6}
    │  Total tuning time   : 303.8s
    └─ Saved: models/multiclass_seed46_XGBoost.pkl

  [30/30] task=multiclass  seed=46  model=DecisionTree

    ┌─ DecisionTree [CPU]
    │  Fitting 20 candidates × 3 folds = 60 fits …
Fitting 3 folds for each of 20 candidates, totalling 60 fits
[CV] END criterion=gini, max_depth=20, min_samples_leaf=1, min_samples_split=5, splitter=random; total time=   0.5s
[CV] END criterion=gini, max_depth=20, min_samples_leaf=1, min_samples_split=5, splitter=random; total time=   0.5s
[CV] END criterion=gini, max_depth=20, min_samples_leaf=1, min_samples_split=5, splitter=random; total time=   0.7s
[CV] END criterion=gini, max_depth=30, min_samples_leaf=4, min_samples_split=10, splitter=best; total time=   6.2s
[CV] END criterion=gini, max_depth=30, min_samples_leaf=4, min_samples_split=10, splitter=best; total time=   6.5s
[CV] END criterion=gini, max_depth=30, min_samples_leaf=4, min_samples_split=10, splitter=best; total time=   6.5s
[CV] END criterion=gini, max_depth=10, min_samples_leaf=1, min_samples_split=50, splitter=best; total time=   3.6s
[CV] END criterion=gini, max_depth=10, min_samples_leaf=1, min_samples_split=50, splitter=best; total time=   3.6s
[CV] END criterion=gini, max_depth=10, min_samples_leaf=1, min_samples_split=50, splitter=best; total time=   3.5s
[CV] END criterion=gini, max_depth=30, min_samples_leaf=16, min_samples_split=20, splitter=random; total time=   0.5s
[CV] END criterion=gini, max_depth=30, min_samples_leaf=16, min_samples_split=20, splitter=random; total time=   0.5s
[CV] END criterion=gini, max_depth=30, min_samples_leaf=16, min_samples_split=20, splitter=random; total time=   0.7s
[CV] END criterion=gini, max_depth=20, min_samples_leaf=2, min_samples_split=10, splitter=random; total time=   0.5s
[CV] END criterion=gini, max_depth=20, min_samples_leaf=2, min_samples_split=10, splitter=random; total time=   0.5s
[CV] END criterion=gini, max_depth=20, min_samples_leaf=2, min_samples_split=10, splitter=random; total time=   0.8s
[CV] END criterion=entropy, max_depth=5, min_samples_leaf=1, min_samples_split=10, splitter=random; total time=   0.4s
[CV] END criterion=entropy, max_depth=5, min_samples_leaf=1, min_samples_split=10, splitter=random; total time=   0.4s
[CV] END criterion=entropy, max_depth=5, min_samples_leaf=1, min_samples_split=10, splitter=random; total time=   0.4s
[CV] END criterion=entropy, max_depth=10, min_samples_leaf=8, min_samples_split=5, splitter=best; total time=   4.2s
[CV] END criterion=entropy, max_depth=10, min_samples_leaf=8, min_samples_split=5, splitter=best; total time=   4.2s
[CV] END criterion=entropy, max_depth=10, min_samples_leaf=8, min_samples_split=5, splitter=best; total time=   4.2s
[CV] END criterion=gini, max_depth=None, min_samples_leaf=2, min_samples_split=2, splitter=best; total time=   6.2s
[CV] END criterion=gini, max_depth=None, min_samples_leaf=2, min_samples_split=2, splitter=best; total time=   6.5s
[CV] END criterion=gini, max_depth=None, min_samples_leaf=2, min_samples_split=2, splitter=best; total time=   6.5s
[CV] END criterion=gini, max_depth=5, min_samples_leaf=1, min_samples_split=20, splitter=best; total time=   2.2s
[CV] END criterion=gini, max_depth=5, min_samples_leaf=1, min_samples_split=20, splitter=best; total time=   2.1s
[CV] END criterion=gini, max_depth=5, min_samples_leaf=1, min_samples_split=20, splitter=best; total time=   2.1s
[CV] END criterion=gini, max_depth=5, min_samples_leaf=1, min_samples_split=10, splitter=random; total time=   0.4s
[CV] END criterion=gini, max_depth=5, min_samples_leaf=1, min_samples_split=10, splitter=random; total time=   0.4s
[CV] END criterion=gini, max_depth=5, min_samples_leaf=1, min_samples_split=10, splitter=random; total time=   0.4s
[CV] END criterion=entropy, max_depth=5, min_samples_leaf=1, min_samples_split=50, splitter=best; total time=   2.7s
[CV] END criterion=entropy, max_depth=5, min_samples_leaf=1, min_samples_split=50, splitter=best; total time=   2.7s
[CV] END criterion=entropy, max_depth=5, min_samples_leaf=1, min_samples_split=50, splitter=best; total time=   2.7s
[CV] END criterion=entropy, max_depth=None, min_samples_leaf=8, min_samples_split=5, splitter=best; total time=   4.2s
[CV] END criterion=entropy, max_depth=None, min_samples_leaf=8, min_samples_split=5, splitter=best; total time=   4.2s
[CV] END criterion=entropy, max_depth=None, min_samples_leaf=8, min_samples_split=5, splitter=best; total time=   4.2s
[CV] END criterion=gini, max_depth=10, min_samples_leaf=8, min_samples_split=5, splitter=best; total time=   3.5s
[CV] END criterion=gini, max_depth=10, min_samples_leaf=8, min_samples_split=5, splitter=best; total time=   3.6s
[CV] END criterion=gini, max_depth=10, min_samples_leaf=8, min_samples_split=5, splitter=best; total time=   3.5s
[CV] END criterion=gini, max_depth=10, min_samples_leaf=16, min_samples_split=5, splitter=random; total time=   0.5s
[CV] END criterion=gini, max_depth=10, min_samples_leaf=16, min_samples_split=5, splitter=random; total time=   0.5s
[CV] END criterion=gini, max_depth=10, min_samples_leaf=16, min_samples_split=5, splitter=random; total time=   0.6s
[CV] END criterion=entropy, max_depth=10, min_samples_leaf=1, min_samples_split=5, splitter=random; total time=   0.5s
[CV] END criterion=entropy, max_depth=10, min_samples_leaf=1, min_samples_split=5, splitter=random; total time=   0.5s
[CV] END criterion=entropy, max_depth=10, min_samples_leaf=1, min_samples_split=5, splitter=random; total time=   0.6s
[CV] END criterion=gini, max_depth=5, min_samples_leaf=4, min_samples_split=20, splitter=random; total time=   0.4s
[CV] END criterion=gini, max_depth=5, min_samples_leaf=4, min_samples_split=20, splitter=random; total time=   0.4s
[CV] END criterion=gini, max_depth=5, min_samples_leaf=4, min_samples_split=20, splitter=random; total time=   0.4s
[CV] END criterion=entropy, max_depth=10, min_samples_leaf=4, min_samples_split=50, splitter=best; total time=   4.1s
[CV] END criterion=entropy, max_depth=10, min_samples_leaf=4, min_samples_split=50, splitter=best; total time=   4.2s
[CV] END criterion=entropy, max_depth=10, min_samples_leaf=4, min_samples_split=50, splitter=best; total time=   4.2s
[CV] END criterion=entropy, max_depth=5, min_samples_leaf=1, min_samples_split=10, splitter=best; total time=   2.7s
[CV] END criterion=entropy, max_depth=5, min_samples_leaf=1, min_samples_split=10, splitter=best; total time=   2.7s
[CV] END criterion=entropy, max_depth=5, min_samples_leaf=1, min_samples_split=10, splitter=best; total time=   2.7s
[CV] END criterion=entropy, max_depth=10, min_samples_leaf=16, min_samples_split=5, splitter=best; total time=   4.1s
[CV] END criterion=entropy, max_depth=10, min_samples_leaf=16, min_samples_split=5, splitter=best; total time=   4.2s
[CV] END criterion=entropy, max_depth=10, min_samples_leaf=16, min_samples_split=5, splitter=best; total time=   4.2s
[CV] END criterion=entropy, max_depth=None, min_samples_leaf=4, min_samples_split=10, splitter=random; total time=   0.5s
[CV] END criterion=entropy, max_depth=None, min_samples_leaf=4, min_samples_split=10, splitter=random; total time=   0.5s
[CV] END criterion=entropy, max_depth=None, min_samples_leaf=4, min_samples_split=10, splitter=random; total time=   0.6s
    │  Best CV F1-weighted : 0.999128
    │  Best params         : {'splitter': 'best', 'min_samples_split': 5, 'min_samples_leaf': 8, 'max_depth': None, 'criterion': 'entropy'}
    │  Total tuning time   : 152.7s
    └─ Saved: models/multiclass_seed46_DecisionTree.pkl

================================================================
  TUNING COMPLETE
================================================================
  Models saved to : /home/agentic/newpaperADG/models/
  Best params JSON: /home/agentic/newpaperADG/models/best_params.json
  Total time      : 300.3 min  (18021s)
  Finished        : 2026-06-24 20:00:56


>>> [3/3] EVALUATION & PLOTS
----------------------------------------------------------------

================================================================
  CICIDS2017 — EVALUATION SCRIPT
================================================================
  Started: 2026-06-24 20:00:58

  Loading cached arrays from data_cache/ …
  X: (610492, 40)  features: 40

================================================================
  EVALUATING: BINARY
================================================================

  Seed 42  |  task=binary

  [1/30] binary | seed=42 | RandomForest
    Model loaded from: models/binary_seed42_RandomForest.pkl
    Acc=0.9997  Prec=0.9997  Rec=0.9997  F1=0.9997  AUC=1.0000  inf=0.435s

  [2/30] binary | seed=42 | XGBoost
    Model loaded from: models/binary_seed42_XGBoost.pkl
    Acc=0.9998  Prec=0.9998  Rec=0.9998  F1=0.9998  AUC=1.0000  inf=0.095s

  [3/30] binary | seed=42 | DecisionTree
    Model loaded from: models/binary_seed42_DecisionTree.pkl
    Acc=0.9996  Prec=0.9996  Rec=0.9996  F1=0.9996  AUC=0.9998  inf=0.013s

  Seed 43  |  task=binary

  [4/30] binary | seed=43 | RandomForest
    Model loaded from: models/binary_seed43_RandomForest.pkl
    Acc=0.9996  Prec=0.9996  Rec=0.9996  F1=0.9996  AUC=1.0000  inf=0.437s

  [5/30] binary | seed=43 | XGBoost
    Model loaded from: models/binary_seed43_XGBoost.pkl
    Acc=0.9998  Prec=0.9998  Rec=0.9998  F1=0.9998  AUC=1.0000  inf=0.069s

  [6/30] binary | seed=43 | DecisionTree
    Model loaded from: models/binary_seed43_DecisionTree.pkl
    Acc=0.9994  Prec=0.9994  Rec=0.9994  F1=0.9994  AUC=0.9997  inf=0.011s

  Seed 44  |  task=binary

  [7/30] binary | seed=44 | RandomForest
    Model loaded from: models/binary_seed44_RandomForest.pkl
    Acc=0.9997  Prec=0.9997  Rec=0.9997  F1=0.9997  AUC=1.0000  inf=0.106s

  [8/30] binary | seed=44 | XGBoost
    Model loaded from: models/binary_seed44_XGBoost.pkl
    Acc=0.9998  Prec=0.9998  Rec=0.9998  F1=0.9998  AUC=1.0000  inf=0.058s

  [9/30] binary | seed=44 | DecisionTree
    Model loaded from: models/binary_seed44_DecisionTree.pkl
    Acc=0.9995  Prec=0.9995  Rec=0.9995  F1=0.9995  AUC=0.9998  inf=0.011s

  Seed 45  |  task=binary

  [10/30] binary | seed=45 | RandomForest
    Model loaded from: models/binary_seed45_RandomForest.pkl
    Acc=0.9997  Prec=0.9997  Rec=0.9997  F1=0.9997  AUC=1.0000  inf=0.600s

  [11/30] binary | seed=45 | XGBoost
    Model loaded from: models/binary_seed45_XGBoost.pkl
    Acc=0.9998  Prec=0.9998  Rec=0.9998  F1=0.9998  AUC=1.0000  inf=0.053s

  [12/30] binary | seed=45 | DecisionTree
    Model loaded from: models/binary_seed45_DecisionTree.pkl
    Acc=0.9990  Prec=0.9990  Rec=0.9990  F1=0.9990  AUC=0.9998  inf=0.012s

  Seed 46  |  task=binary

  [13/30] binary | seed=46 | RandomForest
    Model loaded from: models/binary_seed46_RandomForest.pkl
    Acc=0.9997  Prec=0.9997  Rec=0.9997  F1=0.9997  AUC=1.0000  inf=0.097s

  [14/30] binary | seed=46 | XGBoost
    Model loaded from: models/binary_seed46_XGBoost.pkl
    Acc=0.9998  Prec=0.9998  Rec=0.9998  F1=0.9998  AUC=1.0000  inf=0.062s

  [15/30] binary | seed=46 | DecisionTree
    Model loaded from: models/binary_seed46_DecisionTree.pkl
    Acc=0.9995  Prec=0.9995  Rec=0.9995  F1=0.9995  AUC=0.9998  inf=0.012s

================================================================
  EVALUATING: MULTICLASS
================================================================

  Seed 42  |  task=multiclass

  [16/30] multiclass | seed=42 | RandomForest
    Model loaded from: models/multiclass_seed42_RandomForest.pkl
    Acc=0.9995  Prec=0.9995  Rec=0.9995  F1=0.9995  AUC=1.0000  inf=0.948s

  [17/30] multiclass | seed=42 | XGBoost
    Model loaded from: models/multiclass_seed42_XGBoost.pkl
    Acc=0.9997  Prec=0.9997  Rec=0.9997  F1=0.9997  AUC=1.0000  inf=0.206s

  [18/30] multiclass | seed=42 | DecisionTree
    Model loaded from: models/multiclass_seed42_DecisionTree.pkl
    Acc=0.9993  Prec=0.9993  Rec=0.9993  F1=0.9993  AUC=0.9997  inf=0.013s

  Seed 43  |  task=multiclass

  [19/30] multiclass | seed=43 | RandomForest
    Model loaded from: models/multiclass_seed43_RandomForest.pkl
    Acc=0.9996  Prec=0.9996  Rec=0.9996  F1=0.9996  AUC=1.0000  inf=0.873s

  [20/30] multiclass | seed=43 | XGBoost
    Model loaded from: models/multiclass_seed43_XGBoost.pkl
    Acc=0.9997  Prec=0.9997  Rec=0.9997  F1=0.9997  AUC=1.0000  inf=0.232s

  [21/30] multiclass | seed=43 | DecisionTree
    Model loaded from: models/multiclass_seed43_DecisionTree.pkl
    Acc=0.9993  Prec=0.9993  Rec=0.9993  F1=0.9993  AUC=0.9998  inf=0.014s

  Seed 44  |  task=multiclass

  [22/30] multiclass | seed=44 | RandomForest
    Model loaded from: models/multiclass_seed44_RandomForest.pkl
    Acc=0.9996  Prec=0.9996  Rec=0.9996  F1=0.9996  AUC=1.0000  inf=0.202s

  [23/30] multiclass | seed=44 | XGBoost
    Model loaded from: models/multiclass_seed44_XGBoost.pkl
    Acc=0.9996  Prec=0.9996  Rec=0.9996  F1=0.9996  AUC=1.0000  inf=0.153s

  [24/30] multiclass | seed=44 | DecisionTree
    Model loaded from: models/multiclass_seed44_DecisionTree.pkl
    Acc=0.9993  Prec=0.9993  Rec=0.9993  F1=0.9993  AUC=0.9997  inf=0.012s

  Seed 45  |  task=multiclass

  [25/30] multiclass | seed=45 | RandomForest
    Model loaded from: models/multiclass_seed45_RandomForest.pkl
    Acc=0.9995  Prec=0.9995  Rec=0.9995  F1=0.9995  AUC=1.0000  inf=1.267s

  [26/30] multiclass | seed=45 | XGBoost
    Model loaded from: models/multiclass_seed45_XGBoost.pkl
    Acc=0.9996  Prec=0.9996  Rec=0.9996  F1=0.9996  AUC=1.0000  inf=0.211s

  [27/30] multiclass | seed=45 | DecisionTree
    Model loaded from: models/multiclass_seed45_DecisionTree.pkl
    Acc=0.9992  Prec=0.9992  Rec=0.9992  F1=0.9992  AUC=0.9996  inf=0.012s

  Seed 46  |  task=multiclass

  [28/30] multiclass | seed=46 | RandomForest
    Model loaded from: models/multiclass_seed46_RandomForest.pkl
    Acc=0.9995  Prec=0.9995  Rec=0.9995  F1=0.9995  AUC=1.0000  inf=1.262s

  [29/30] multiclass | seed=46 | XGBoost
    Model loaded from: models/multiclass_seed46_XGBoost.pkl
    Acc=0.9997  Prec=0.9997  Rec=0.9997  F1=0.9997  AUC=1.0000  inf=0.163s

  [30/30] multiclass | seed=46 | DecisionTree
    Model loaded from: models/multiclass_seed46_DecisionTree.pkl
    Acc=0.9993  Prec=0.9993  Rec=0.9993  F1=0.9993  AUC=0.9998  inf=0.013s

================================================================
  SAVING RESULTS
================================================================
  Raw results (30 rows) → output/all_results_raw.csv
  Summary table             → output/results_summary.csv

================================================================
  RESULTS SUMMARY  (mean ± std across 5 seeds)
================================================================
      task        model accuracy_mean±std precision_mean±std recall_mean±std     f1_mean±std roc_auc_mean±std  train_time_mean±std inference_time_mean±std
    binary DecisionTree   0.9994 ± 0.0002    0.9994 ± 0.0002 0.9994 ± 0.0002 0.9994 ± 0.0002  0.9998 ± 0.0000   137.1920 ± 26.8414         0.0117 ± 0.0009
    binary RandomForest   0.9997 ± 0.0000    0.9997 ± 0.0000 0.9997 ± 0.0000 0.9997 ± 0.0000  1.0000 ± 0.0000 1425.9000 ± 374.6991         0.3351 ± 0.2234
    binary      XGBoost   0.9998 ± 0.0000    0.9998 ± 0.0000 0.9998 ± 0.0000 0.9998 ± 0.0000  1.0000 ± 0.0000     72.6460 ± 7.4621         0.0673 ± 0.0163
multiclass DecisionTree   0.9993 ± 0.0000    0.9993 ± 0.0000 0.9993 ± 0.0000 0.9993 ± 0.0000  0.9997 ± 0.0001   143.0060 ± 27.5013         0.0129 ± 0.0005
multiclass RandomForest   0.9995 ± 0.0000    0.9995 ± 0.0000 0.9995 ± 0.0000 0.9995 ± 0.0000  1.0000 ± 0.0000 1509.2020 ± 390.3095         0.9103 ± 0.4347
multiclass      XGBoost   0.9996 ± 0.0000    0.9996 ± 0.0000 0.9996 ± 0.0000 0.9996 ± 0.0000  1.0000 ± 0.0000   315.2940 ± 35.5349         0.1928 ± 0.0337

================================================================
  STATISTICAL TESTS — Wilcoxon Signed-Rank
================================================================

  Wilcoxon Signed-Rank Test  [binary]  (alpha=0.05)
    RandomForest vs XGBoost: stat=0.0000, p=0.0625  [not significant]
    RandomForest vs DecisionTree: stat=0.0000, p=0.0625  [not significant]
    XGBoost vs DecisionTree: stat=0.0000, p=0.0625  [not significant]

  Wilcoxon Signed-Rank Test  [multiclass]  (alpha=0.05)
    RandomForest vs XGBoost: stat=0.0000, p=0.0625  [not significant]
    RandomForest vs DecisionTree: stat=0.0000, p=0.0625  [not significant]
    XGBoost vs DecisionTree: stat=0.0000, p=0.0625  [not significant]

================================================================
  PLOTS  (from seed 46)
================================================================
    Saved: output/RandomForest_binary_confusion_matrix.png
    Saved: output/RandomForest_binary_feature_importance.png
    Saved: output/XGBoost_binary_confusion_matrix.png
    Saved: output/XGBoost_binary_feature_importance.png
    Saved: output/DecisionTree_binary_confusion_matrix.png
    Saved: output/RandomForest_multiclass_confusion_matrix.png
    Saved: output/RandomForest_multiclass_feature_importance.png
    Saved: output/XGBoost_multiclass_confusion_matrix.png
    Saved: output/XGBoost_multiclass_feature_importance.png
    Saved: output/DecisionTree_multiclass_confusion_matrix.png

================================================================
  EVALUATION COMPLETE
================================================================
  Output folder : /home/agentic/newpaperADG/output/
  Total time    : 25.6s
  Finished      : 2026-06-24 20:01:24


================================================================
  ALL DONE
  Finished: mer 24 giu 2026, 20:01:24, CEST
================================================================

