
================================================================
  CICIDS2017 ML Pipeline
  Started: gio 16 lug 2026, 16:46:38, CEST
================================================================

>>> [1/3] PREPROCESSING
----------------------------------------------------------------

================================================================
  CICIDS2017 — PREPROCESSING SCRIPT
================================================================
  Started: 2026-07-16 16:46:39

  Cache already exists in data_cache/ — skipping preprocessing.
  (Delete data_cache/ and re-run to force reprocessing.)

================================================================
  PREPROCESSING SKIPPED
================================================================


>>> [2/3] HYPERPARAMETER TUNING
----------------------------------------------------------------

================================================================
  CICIDS2017 — TUNING SCRIPT
================================================================
  Started: 2026-07-16 16:46:41

  Loading cached arrays from data_cache/ …
  X shape     : (477663, 46)  dtype=float32
  y_binary    : (477663,)
  y_multiclass: (477663,)

================================================================
  TASK: BINARY
================================================================

  ────────────────────────────────────────────────────────
  Seed 42  |  task=binary
  ────────────────────────────────────────────────────────
  Train: 334,364 samples  |  Test: 143,299 samples

  [1/30] task=binary  seed=42  model=RandomForest

    ┌─ RandomForest [CPU]
    │  Fitting 20 candidates × 3 folds = 60 fits …
Fitting 3 folds for each of 20 candidates, totalling 60 fits
[CV] END max_depth=10, max_features=log2, min_samples_leaf=16, min_samples_split=10, n_estimators=100; total time=   1.9s
[CV] END max_depth=10, max_features=log2, min_samples_leaf=16, min_samples_split=10, n_estimators=100; total time=   1.7s
[CV] END max_depth=10, max_features=log2, min_samples_leaf=16, min_samples_split=10, n_estimators=100; total time=   1.8s
[CV] END max_depth=20, max_features=sqrt, min_samples_leaf=2, min_samples_split=15, n_estimators=700; total time=  12.4s
[CV] END max_depth=20, max_features=sqrt, min_samples_leaf=2, min_samples_split=15, n_estimators=700; total time=  12.4s
[CV] END max_depth=20, max_features=sqrt, min_samples_leaf=2, min_samples_split=15, n_estimators=700; total time=  12.7s
[CV] END max_depth=10, max_features=0.6, min_samples_leaf=1, min_samples_split=5, n_estimators=100; total time=   8.4s
[CV] END max_depth=10, max_features=0.6, min_samples_leaf=1, min_samples_split=5, n_estimators=100; total time=   8.4s
[CV] END max_depth=10, max_features=0.6, min_samples_leaf=1, min_samples_split=5, n_estimators=100; total time=   8.4s
[CV] END max_depth=10, max_features=0.4, min_samples_leaf=8, min_samples_split=20, n_estimators=100; total time=   5.5s
[CV] END max_depth=10, max_features=0.4, min_samples_leaf=8, min_samples_split=20, n_estimators=100; total time=   5.5s
[CV] END max_depth=10, max_features=0.4, min_samples_leaf=8, min_samples_split=20, n_estimators=100; total time=   5.7s
[CV] END max_depth=50, max_features=0.6, min_samples_leaf=8, min_samples_split=15, n_estimators=300; total time=  27.0s
[CV] END max_depth=50, max_features=0.6, min_samples_leaf=8, min_samples_split=15, n_estimators=300; total time=  27.1s
[CV] END max_depth=50, max_features=0.6, min_samples_leaf=8, min_samples_split=15, n_estimators=300; total time=  27.5s
[CV] END max_depth=20, max_features=0.4, min_samples_leaf=1, min_samples_split=10, n_estimators=500; total time=  27.3s
[CV] END max_depth=20, max_features=0.4, min_samples_leaf=1, min_samples_split=10, n_estimators=500; total time=  26.7s
[CV] END max_depth=20, max_features=0.4, min_samples_leaf=1, min_samples_split=10, n_estimators=500; total time=  27.5s
[CV] END max_depth=30, max_features=0.2, min_samples_leaf=2, min_samples_split=15, n_estimators=700; total time=  18.1s
[CV] END max_depth=30, max_features=0.2, min_samples_leaf=2, min_samples_split=15, n_estimators=700; total time=  17.8s
[CV] END max_depth=30, max_features=0.2, min_samples_leaf=2, min_samples_split=15, n_estimators=700; total time=  18.1s
[CV] END max_depth=None, max_features=0.4, min_samples_leaf=8, min_samples_split=15, n_estimators=200; total time=  11.4s
[CV] END max_depth=None, max_features=0.4, min_samples_leaf=8, min_samples_split=15, n_estimators=200; total time=  11.1s
[CV] END max_depth=None, max_features=0.4, min_samples_leaf=8, min_samples_split=15, n_estimators=200; total time=  11.7s
[CV] END max_depth=10, max_features=0.6, min_samples_leaf=16, min_samples_split=10, n_estimators=500; total time=  36.4s
[CV] END max_depth=10, max_features=0.6, min_samples_leaf=16, min_samples_split=10, n_estimators=500; total time=  37.2s
[CV] END max_depth=10, max_features=0.6, min_samples_leaf=16, min_samples_split=10, n_estimators=500; total time=  37.0s
[CV] END max_depth=None, max_features=0.2, min_samples_leaf=8, min_samples_split=5, n_estimators=100; total time=   3.1s
[CV] END max_depth=None, max_features=0.2, min_samples_leaf=8, min_samples_split=5, n_estimators=100; total time=   3.0s
[CV] END max_depth=None, max_features=0.2, min_samples_leaf=8, min_samples_split=5, n_estimators=100; total time=   3.0s
[CV] END max_depth=20, max_features=log2, min_samples_leaf=16, min_samples_split=5, n_estimators=300; total time=   4.6s
[CV] END max_depth=20, max_features=log2, min_samples_leaf=16, min_samples_split=5, n_estimators=300; total time=   4.6s
[CV] END max_depth=20, max_features=log2, min_samples_leaf=16, min_samples_split=5, n_estimators=300; total time=   4.6s
[CV] END max_depth=30, max_features=0.2, min_samples_leaf=1, min_samples_split=10, n_estimators=100; total time=   3.1s
[CV] END max_depth=30, max_features=0.2, min_samples_leaf=1, min_samples_split=10, n_estimators=100; total time=   3.1s
[CV] END max_depth=30, max_features=0.2, min_samples_leaf=1, min_samples_split=10, n_estimators=100; total time=   3.0s
[CV] END max_depth=50, max_features=0.4, min_samples_leaf=2, min_samples_split=15, n_estimators=700; total time=  36.9s
[CV] END max_depth=50, max_features=0.4, min_samples_leaf=2, min_samples_split=15, n_estimators=700; total time=  36.5s
[CV] END max_depth=50, max_features=0.4, min_samples_leaf=2, min_samples_split=15, n_estimators=700; total time=  37.6s
[CV] END max_depth=None, max_features=log2, min_samples_leaf=1, min_samples_split=5, n_estimators=100; total time=   1.8s
[CV] END max_depth=None, max_features=log2, min_samples_leaf=1, min_samples_split=5, n_estimators=100; total time=   1.8s
[CV] END max_depth=None, max_features=log2, min_samples_leaf=1, min_samples_split=5, n_estimators=100; total time=   1.8s
[CV] END max_depth=20, max_features=0.4, min_samples_leaf=4, min_samples_split=10, n_estimators=100; total time=   6.0s
[CV] END max_depth=20, max_features=0.4, min_samples_leaf=4, min_samples_split=10, n_estimators=100; total time=   6.0s
[CV] END max_depth=20, max_features=0.4, min_samples_leaf=4, min_samples_split=10, n_estimators=100; total time=   6.0s
[CV] END max_depth=10, max_features=log2, min_samples_leaf=1, min_samples_split=15, n_estimators=700; total time=  10.1s
[CV] END max_depth=10, max_features=log2, min_samples_leaf=1, min_samples_split=15, n_estimators=700; total time=  10.0s
[CV] END max_depth=10, max_features=log2, min_samples_leaf=1, min_samples_split=15, n_estimators=700; total time=  10.0s
[CV] END max_depth=30, max_features=0.6, min_samples_leaf=1, min_samples_split=15, n_estimators=200; total time=  18.1s
[CV] END max_depth=30, max_features=0.6, min_samples_leaf=1, min_samples_split=15, n_estimators=200; total time=  18.2s
[CV] END max_depth=30, max_features=0.6, min_samples_leaf=1, min_samples_split=15, n_estimators=200; total time=  18.0s
[CV] END max_depth=20, max_features=0.2, min_samples_leaf=1, min_samples_split=15, n_estimators=100; total time=   3.0s
[CV] END max_depth=20, max_features=0.2, min_samples_leaf=1, min_samples_split=15, n_estimators=100; total time=   2.8s
[CV] END max_depth=20, max_features=0.2, min_samples_leaf=1, min_samples_split=15, n_estimators=100; total time=   3.1s
[CV] END max_depth=50, max_features=0.2, min_samples_leaf=16, min_samples_split=2, n_estimators=500; total time=  12.6s
[CV] END max_depth=50, max_features=0.2, min_samples_leaf=16, min_samples_split=2, n_estimators=500; total time=  12.7s
[CV] END max_depth=50, max_features=0.2, min_samples_leaf=16, min_samples_split=2, n_estimators=500; total time=  12.8s
[CV] END max_depth=30, max_features=0.6, min_samples_leaf=4, min_samples_split=5, n_estimators=500; total time=  42.4s
[CV] END max_depth=30, max_features=0.6, min_samples_leaf=4, min_samples_split=5, n_estimators=500; total time=  42.2s
[CV] END max_depth=30, max_features=0.6, min_samples_leaf=4, min_samples_split=5, n_estimators=500; total time=  43.3s
    │  Best CV F1-weighted : 0.999976
    │  Best params         : {'n_estimators': 100, 'min_samples_split': 10, 'min_samples_leaf': 1, 'max_features': 0.2, 'max_depth': 30}
    │  Total tuning time   : 878.0s
    └─ Saved: models/binary_seed42_RandomForest.pkl

  [2/30] task=binary  seed=42  model=XGBoost

    ┌─ XGBoost [GPU]
    │  Fitting 20 candidates × 3 folds = 60 fits …
Fitting 3 folds for each of 20 candidates, totalling 60 fits
[CV] END colsample_bytree=0.8, gamma=0.05, learning_rate=0.2, max_depth=3, n_estimators=500, subsample=0.5; total time=   1.6s
[CV] END colsample_bytree=0.8, gamma=0.05, learning_rate=0.2, max_depth=3, n_estimators=500, subsample=0.5; total time=   1.1s
[CV] END colsample_bytree=0.8, gamma=0.05, learning_rate=0.2, max_depth=3, n_estimators=500, subsample=0.5; total time=   1.1s
[CV] END colsample_bytree=0.5, gamma=0.05, learning_rate=0.05, max_depth=12, n_estimators=300, subsample=0.5; total time=   1.1s
[CV] END colsample_bytree=0.5, gamma=0.05, learning_rate=0.05, max_depth=12, n_estimators=300, subsample=0.5; total time=   1.1s
[CV] END colsample_bytree=0.5, gamma=0.05, learning_rate=0.05, max_depth=12, n_estimators=300, subsample=0.5; total time=   1.1s
[CV] END colsample_bytree=0.6, gamma=0.5, learning_rate=0.2, max_depth=3, n_estimators=400, subsample=0.5; total time=   0.7s
[CV] END colsample_bytree=0.6, gamma=0.5, learning_rate=0.2, max_depth=3, n_estimators=400, subsample=0.5; total time=   0.7s
[CV] END colsample_bytree=0.6, gamma=0.5, learning_rate=0.2, max_depth=3, n_estimators=400, subsample=0.5; total time=   0.8s
[CV] END colsample_bytree=1.0, gamma=0.05, learning_rate=0.1, max_depth=5, n_estimators=400, subsample=0.9; total time=   1.0s
[CV] END colsample_bytree=1.0, gamma=0.05, learning_rate=0.1, max_depth=5, n_estimators=400, subsample=0.9; total time=   1.0s
[CV] END colsample_bytree=1.0, gamma=0.05, learning_rate=0.1, max_depth=5, n_estimators=400, subsample=0.9; total time=   1.0s
[CV] END colsample_bytree=0.6, gamma=0.5, learning_rate=0.05, max_depth=7, n_estimators=400, subsample=0.6; total time=   1.1s
[CV] END colsample_bytree=0.6, gamma=0.5, learning_rate=0.05, max_depth=7, n_estimators=400, subsample=0.6; total time=   1.1s
[CV] END colsample_bytree=0.6, gamma=0.5, learning_rate=0.05, max_depth=7, n_estimators=400, subsample=0.6; total time=   1.1s
[CV] END colsample_bytree=0.9, gamma=1.0, learning_rate=0.01, max_depth=9, n_estimators=300, subsample=1.0; total time=   1.3s
[CV] END colsample_bytree=0.9, gamma=1.0, learning_rate=0.01, max_depth=9, n_estimators=300, subsample=1.0; total time=   1.3s
[CV] END colsample_bytree=0.9, gamma=1.0, learning_rate=0.01, max_depth=9, n_estimators=300, subsample=1.0; total time=   1.3s
[CV] END colsample_bytree=0.9, gamma=0.5, learning_rate=0.01, max_depth=5, n_estimators=200, subsample=1.0; total time=   0.7s
[CV] END colsample_bytree=0.9, gamma=0.5, learning_rate=0.01, max_depth=5, n_estimators=200, subsample=1.0; total time=   0.7s
[CV] END colsample_bytree=0.9, gamma=0.5, learning_rate=0.01, max_depth=5, n_estimators=200, subsample=1.0; total time=   0.7s
[CV] END colsample_bytree=0.6, gamma=1.0, learning_rate=0.01, max_depth=12, n_estimators=200, subsample=1.0; total time=   1.0s
[CV] END colsample_bytree=0.6, gamma=1.0, learning_rate=0.01, max_depth=12, n_estimators=200, subsample=1.0; total time=   1.0s
[CV] END colsample_bytree=0.6, gamma=1.0, learning_rate=0.01, max_depth=12, n_estimators=200, subsample=1.0; total time=   1.0s
[CV] END colsample_bytree=0.8, gamma=0, learning_rate=0.01, max_depth=3, n_estimators=400, subsample=0.5; total time=   1.0s
[CV] END colsample_bytree=0.8, gamma=0, learning_rate=0.01, max_depth=3, n_estimators=400, subsample=0.5; total time=   1.0s
[CV] END colsample_bytree=0.8, gamma=0, learning_rate=0.01, max_depth=3, n_estimators=400, subsample=0.5; total time=   1.0s
[CV] END colsample_bytree=0.5, gamma=0, learning_rate=0.2, max_depth=9, n_estimators=400, subsample=0.6; total time=   1.0s
[CV] END colsample_bytree=0.5, gamma=0, learning_rate=0.2, max_depth=9, n_estimators=400, subsample=0.6; total time=   1.0s
[CV] END colsample_bytree=0.5, gamma=0, learning_rate=0.2, max_depth=9, n_estimators=400, subsample=0.6; total time=   1.0s
[CV] END colsample_bytree=1.0, gamma=0.05, learning_rate=0.2, max_depth=5, n_estimators=100, subsample=0.6; total time=   0.4s
[CV] END colsample_bytree=1.0, gamma=0.05, learning_rate=0.2, max_depth=5, n_estimators=100, subsample=0.6; total time=   0.4s
[CV] END colsample_bytree=1.0, gamma=0.05, learning_rate=0.2, max_depth=5, n_estimators=100, subsample=0.6; total time=   0.4s
[CV] END colsample_bytree=0.6, gamma=0.1, learning_rate=0.01, max_depth=7, n_estimators=100, subsample=0.6; total time=   0.5s
[CV] END colsample_bytree=0.6, gamma=0.1, learning_rate=0.01, max_depth=7, n_estimators=100, subsample=0.6; total time=   0.5s
[CV] END colsample_bytree=0.6, gamma=0.1, learning_rate=0.01, max_depth=7, n_estimators=100, subsample=0.6; total time=   0.5s
[CV] END colsample_bytree=0.6, gamma=0.5, learning_rate=0.3, max_depth=9, n_estimators=100, subsample=0.9; total time=   0.4s
[CV] END colsample_bytree=0.6, gamma=0.5, learning_rate=0.3, max_depth=9, n_estimators=100, subsample=0.9; total time=   0.4s
[CV] END colsample_bytree=0.6, gamma=0.5, learning_rate=0.3, max_depth=9, n_estimators=100, subsample=0.9; total time=   0.4s
[CV] END colsample_bytree=1.0, gamma=0.5, learning_rate=0.01, max_depth=5, n_estimators=500, subsample=0.9; total time=   1.6s
[CV] END colsample_bytree=1.0, gamma=0.5, learning_rate=0.01, max_depth=5, n_estimators=500, subsample=0.9; total time=   1.6s
[CV] END colsample_bytree=1.0, gamma=0.5, learning_rate=0.01, max_depth=5, n_estimators=500, subsample=0.9; total time=   1.6s
[CV] END colsample_bytree=0.9, gamma=0.5, learning_rate=0.2, max_depth=3, n_estimators=300, subsample=0.6; total time=   0.7s
[CV] END colsample_bytree=0.9, gamma=0.5, learning_rate=0.2, max_depth=3, n_estimators=300, subsample=0.6; total time=   0.7s
[CV] END colsample_bytree=0.9, gamma=0.5, learning_rate=0.2, max_depth=3, n_estimators=300, subsample=0.6; total time=   0.7s
[CV] END colsample_bytree=0.9, gamma=0.5, learning_rate=0.01, max_depth=12, n_estimators=300, subsample=0.9; total time=   1.6s
[CV] END colsample_bytree=0.9, gamma=0.5, learning_rate=0.01, max_depth=12, n_estimators=300, subsample=0.9; total time=   1.6s
[CV] END colsample_bytree=0.9, gamma=0.5, learning_rate=0.01, max_depth=12, n_estimators=300, subsample=0.9; total time=   1.6s
[CV] END colsample_bytree=0.9, gamma=0.1, learning_rate=0.2, max_depth=12, n_estimators=300, subsample=0.6; total time=   0.8s
[CV] END colsample_bytree=0.9, gamma=0.1, learning_rate=0.2, max_depth=12, n_estimators=300, subsample=0.6; total time=   0.8s
[CV] END colsample_bytree=0.9, gamma=0.1, learning_rate=0.2, max_depth=12, n_estimators=300, subsample=0.6; total time=   0.8s
[CV] END colsample_bytree=0.8, gamma=0.5, learning_rate=0.05, max_depth=7, n_estimators=500, subsample=0.8; total time=   1.3s
[CV] END colsample_bytree=0.8, gamma=0.5, learning_rate=0.05, max_depth=7, n_estimators=500, subsample=0.8; total time=   1.3s
[CV] END colsample_bytree=0.8, gamma=0.5, learning_rate=0.05, max_depth=7, n_estimators=500, subsample=0.8; total time=   1.3s
[CV] END colsample_bytree=0.5, gamma=0.1, learning_rate=0.2, max_depth=7, n_estimators=300, subsample=0.5; total time=   0.8s
[CV] END colsample_bytree=0.5, gamma=0.1, learning_rate=0.2, max_depth=7, n_estimators=300, subsample=0.5; total time=   0.8s
[CV] END colsample_bytree=0.5, gamma=0.1, learning_rate=0.2, max_depth=7, n_estimators=300, subsample=0.5; total time=   0.8s
[CV] END colsample_bytree=0.5, gamma=0.05, learning_rate=0.05, max_depth=3, n_estimators=400, subsample=1.0; total time=   1.0s
[CV] END colsample_bytree=0.5, gamma=0.05, learning_rate=0.05, max_depth=3, n_estimators=400, subsample=1.0; total time=   1.0s
[CV] END colsample_bytree=0.5, gamma=0.05, learning_rate=0.05, max_depth=3, n_estimators=400, subsample=1.0; total time=   1.0s
    │  Best CV F1-weighted : 0.999979
    │  Best params         : {'subsample': 0.5, 'n_estimators': 300, 'max_depth': 12, 'learning_rate': 0.05, 'gamma': 0.05, 'colsample_bytree': 0.5}
    │  Total tuning time   : 60.7s
    └─ Saved: models/binary_seed42_XGBoost.pkl

  [3/30] task=binary  seed=42  model=DecisionTree

    ┌─ DecisionTree [CPU]
    │  Fitting 20 candidates × 3 folds = 60 fits …
Fitting 3 folds for each of 20 candidates, totalling 60 fits
[CV] END criterion=entropy, max_depth=10, min_samples_leaf=2, min_samples_split=2, splitter=random; total time=   0.6s
[CV] END criterion=entropy, max_depth=10, min_samples_leaf=2, min_samples_split=2, splitter=random; total time=   0.6s
[CV] END criterion=entropy, max_depth=10, min_samples_leaf=2, min_samples_split=2, splitter=random; total time=   0.6s
[CV] END criterion=gini, max_depth=5, min_samples_leaf=4, min_samples_split=5, splitter=random; total time=   0.5s
[CV] END criterion=gini, max_depth=5, min_samples_leaf=4, min_samples_split=5, splitter=random; total time=   0.5s
[CV] END criterion=gini, max_depth=5, min_samples_leaf=4, min_samples_split=5, splitter=random; total time=   0.5s
[CV] END criterion=entropy, max_depth=10, min_samples_leaf=4, min_samples_split=10, splitter=best; total time=   3.6s
[CV] END criterion=entropy, max_depth=10, min_samples_leaf=4, min_samples_split=10, splitter=best; total time=   3.4s
[CV] END criterion=entropy, max_depth=10, min_samples_leaf=4, min_samples_split=10, splitter=best; total time=   3.4s
[CV] END criterion=gini, max_depth=20, min_samples_leaf=1, min_samples_split=10, splitter=random; total time=   0.7s
[CV] END criterion=gini, max_depth=20, min_samples_leaf=1, min_samples_split=10, splitter=random; total time=   0.8s
[CV] END criterion=gini, max_depth=20, min_samples_leaf=1, min_samples_split=10, splitter=random; total time=   0.8s
[CV] END criterion=gini, max_depth=10, min_samples_leaf=1, min_samples_split=10, splitter=best; total time=   4.1s
[CV] END criterion=gini, max_depth=10, min_samples_leaf=1, min_samples_split=10, splitter=best; total time=   3.8s
[CV] END criterion=gini, max_depth=10, min_samples_leaf=1, min_samples_split=10, splitter=best; total time=   4.1s
[CV] END criterion=entropy, max_depth=10, min_samples_leaf=16, min_samples_split=10, splitter=best; total time=   3.2s
[CV] END criterion=entropy, max_depth=10, min_samples_leaf=16, min_samples_split=10, splitter=best; total time=   3.1s
[CV] END criterion=entropy, max_depth=10, min_samples_leaf=16, min_samples_split=10, splitter=best; total time=   3.3s
[CV] END criterion=entropy, max_depth=10, min_samples_leaf=4, min_samples_split=20, splitter=random; total time=   0.5s
[CV] END criterion=entropy, max_depth=10, min_samples_leaf=4, min_samples_split=20, splitter=random; total time=   0.5s
[CV] END criterion=entropy, max_depth=10, min_samples_leaf=4, min_samples_split=20, splitter=random; total time=   0.5s
[CV] END criterion=gini, max_depth=10, min_samples_leaf=4, min_samples_split=10, splitter=best; total time=   4.0s
[CV] END criterion=gini, max_depth=10, min_samples_leaf=4, min_samples_split=10, splitter=best; total time=   3.8s
[CV] END criterion=gini, max_depth=10, min_samples_leaf=4, min_samples_split=10, splitter=best; total time=   4.1s
[CV] END criterion=gini, max_depth=5, min_samples_leaf=2, min_samples_split=50, splitter=best; total time=   2.4s
[CV] END criterion=gini, max_depth=5, min_samples_leaf=2, min_samples_split=50, splitter=best; total time=   2.4s
[CV] END criterion=gini, max_depth=5, min_samples_leaf=2, min_samples_split=50, splitter=best; total time=   2.5s
[CV] END criterion=entropy, max_depth=30, min_samples_leaf=1, min_samples_split=2, splitter=best; total time=   3.4s
[CV] END criterion=entropy, max_depth=30, min_samples_leaf=1, min_samples_split=2, splitter=best; total time=   3.2s
[CV] END criterion=entropy, max_depth=30, min_samples_leaf=1, min_samples_split=2, splitter=best; total time=   3.4s
[CV] END criterion=gini, max_depth=None, min_samples_leaf=1, min_samples_split=50, splitter=random; total time=   0.7s
[CV] END criterion=gini, max_depth=None, min_samples_leaf=1, min_samples_split=50, splitter=random; total time=   0.9s
[CV] END criterion=gini, max_depth=None, min_samples_leaf=1, min_samples_split=50, splitter=random; total time=   0.9s
[CV] END criterion=gini, max_depth=20, min_samples_leaf=16, min_samples_split=10, splitter=best; total time=   5.5s
[CV] END criterion=gini, max_depth=20, min_samples_leaf=16, min_samples_split=10, splitter=best; total time=   5.5s
[CV] END criterion=gini, max_depth=20, min_samples_leaf=16, min_samples_split=10, splitter=best; total time=   6.0s
[CV] END criterion=entropy, max_depth=20, min_samples_leaf=1, min_samples_split=20, splitter=best; total time=   3.4s
[CV] END criterion=entropy, max_depth=20, min_samples_leaf=1, min_samples_split=20, splitter=best; total time=   3.2s
[CV] END criterion=entropy, max_depth=20, min_samples_leaf=1, min_samples_split=20, splitter=best; total time=   3.7s
[CV] END criterion=gini, max_depth=5, min_samples_leaf=8, min_samples_split=10, splitter=best; total time=   2.5s
[CV] END criterion=gini, max_depth=5, min_samples_leaf=8, min_samples_split=10, splitter=best; total time=   2.5s
[CV] END criterion=gini, max_depth=5, min_samples_leaf=8, min_samples_split=10, splitter=best; total time=   2.5s
[CV] END criterion=entropy, max_depth=10, min_samples_leaf=4, min_samples_split=2, splitter=random; total time=   0.5s
[CV] END criterion=entropy, max_depth=10, min_samples_leaf=4, min_samples_split=2, splitter=random; total time=   0.5s
[CV] END criterion=entropy, max_depth=10, min_samples_leaf=4, min_samples_split=2, splitter=random; total time=   0.5s
[CV] END criterion=entropy, max_depth=10, min_samples_leaf=8, min_samples_split=50, splitter=best; total time=   3.4s
[CV] END criterion=entropy, max_depth=10, min_samples_leaf=8, min_samples_split=50, splitter=best; total time=   3.3s
[CV] END criterion=entropy, max_depth=10, min_samples_leaf=8, min_samples_split=50, splitter=best; total time=   3.4s
[CV] END criterion=entropy, max_depth=30, min_samples_leaf=16, min_samples_split=10, splitter=random; total time=   0.6s
[CV] END criterion=entropy, max_depth=30, min_samples_leaf=16, min_samples_split=10, splitter=random; total time=   0.4s
[CV] END criterion=entropy, max_depth=30, min_samples_leaf=16, min_samples_split=10, splitter=random; total time=   0.5s
[CV] END criterion=gini, max_depth=None, min_samples_leaf=8, min_samples_split=2, splitter=best; total time=   5.7s
[CV] END criterion=gini, max_depth=None, min_samples_leaf=8, min_samples_split=2, splitter=best; total time=   5.6s
[CV] END criterion=gini, max_depth=None, min_samples_leaf=8, min_samples_split=2, splitter=best; total time=   5.9s
[CV] END criterion=entropy, max_depth=5, min_samples_leaf=2, min_samples_split=20, splitter=best; total time=   2.7s
[CV] END criterion=entropy, max_depth=5, min_samples_leaf=2, min_samples_split=20, splitter=best; total time=   2.7s
[CV] END criterion=entropy, max_depth=5, min_samples_leaf=2, min_samples_split=20, splitter=best; total time=   2.8s
[CV] END criterion=entropy, max_depth=20, min_samples_leaf=1, min_samples_split=50, splitter=best; total time=   3.5s
[CV] END criterion=entropy, max_depth=20, min_samples_leaf=1, min_samples_split=50, splitter=best; total time=   3.3s
[CV] END criterion=entropy, max_depth=20, min_samples_leaf=1, min_samples_split=50, splitter=best; total time=   3.7s
    │  Best CV F1-weighted : 0.999847
    │  Best params         : {'splitter': 'best', 'min_samples_split': 2, 'min_samples_leaf': 1, 'max_depth': 30, 'criterion': 'entropy'}
    │  Total tuning time   : 160.7s
    └─ Saved: models/binary_seed42_DecisionTree.pkl

  ────────────────────────────────────────────────────────
  Seed 43  |  task=binary
  ────────────────────────────────────────────────────────
  Train: 334,364 samples  |  Test: 143,299 samples

  [4/30] task=binary  seed=43  model=RandomForest

    ┌─ RandomForest [CPU]
    │  Fitting 20 candidates × 3 folds = 60 fits …
Fitting 3 folds for each of 20 candidates, totalling 60 fits
[CV] END max_depth=20, max_features=0.6, min_samples_leaf=16, min_samples_split=10, n_estimators=100; total time=   9.4s
[CV] END max_depth=20, max_features=0.6, min_samples_leaf=16, min_samples_split=10, n_estimators=100; total time=   9.5s
[CV] END max_depth=20, max_features=0.6, min_samples_leaf=16, min_samples_split=10, n_estimators=100; total time=   9.6s
[CV] END max_depth=30, max_features=0.4, min_samples_leaf=4, min_samples_split=2, n_estimators=500; total time=  27.3s
[CV] END max_depth=30, max_features=0.4, min_samples_leaf=4, min_samples_split=2, n_estimators=500; total time=  26.8s
[CV] END max_depth=30, max_features=0.4, min_samples_leaf=4, min_samples_split=2, n_estimators=500; total time=  26.8s
[CV] END max_depth=30, max_features=0.4, min_samples_leaf=8, min_samples_split=2, n_estimators=100; total time=   6.4s
[CV] END max_depth=30, max_features=0.4, min_samples_leaf=8, min_samples_split=2, n_estimators=100; total time=   6.2s
[CV] END max_depth=30, max_features=0.4, min_samples_leaf=8, min_samples_split=2, n_estimators=100; total time=   6.4s
[CV] END max_depth=30, max_features=log2, min_samples_leaf=16, min_samples_split=5, n_estimators=200; total time=   3.3s
[CV] END max_depth=30, max_features=log2, min_samples_leaf=16, min_samples_split=5, n_estimators=200; total time=   3.4s
[CV] END max_depth=30, max_features=log2, min_samples_leaf=16, min_samples_split=5, n_estimators=200; total time=   3.2s
[CV] END max_depth=30, max_features=log2, min_samples_leaf=4, min_samples_split=10, n_estimators=700; total time=  10.6s
[CV] END max_depth=30, max_features=log2, min_samples_leaf=4, min_samples_split=10, n_estimators=700; total time=  10.8s
[CV] END max_depth=30, max_features=log2, min_samples_leaf=4, min_samples_split=10, n_estimators=700; total time=  10.4s
[CV] END max_depth=None, max_features=0.2, min_samples_leaf=4, min_samples_split=5, n_estimators=300; total time=   8.2s
[CV] END max_depth=None, max_features=0.2, min_samples_leaf=4, min_samples_split=5, n_estimators=300; total time=   8.2s
[CV] END max_depth=None, max_features=0.2, min_samples_leaf=4, min_samples_split=5, n_estimators=300; total time=   8.0s
[CV] END max_depth=10, max_features=sqrt, min_samples_leaf=2, min_samples_split=5, n_estimators=300; total time=   5.2s
[CV] END max_depth=10, max_features=sqrt, min_samples_leaf=2, min_samples_split=5, n_estimators=300; total time=   5.4s
[CV] END max_depth=10, max_features=sqrt, min_samples_leaf=2, min_samples_split=5, n_estimators=300; total time=   5.3s
[CV] END max_depth=10, max_features=0.6, min_samples_leaf=8, min_samples_split=10, n_estimators=200; total time=  15.5s
[CV] END max_depth=10, max_features=0.6, min_samples_leaf=8, min_samples_split=10, n_estimators=200; total time=  15.4s
[CV] END max_depth=10, max_features=0.6, min_samples_leaf=8, min_samples_split=10, n_estimators=200; total time=  15.1s
[CV] END max_depth=10, max_features=0.2, min_samples_leaf=1, min_samples_split=2, n_estimators=500; total time=  12.6s
[CV] END max_depth=10, max_features=0.2, min_samples_leaf=1, min_samples_split=2, n_estimators=500; total time=  12.7s
[CV] END max_depth=10, max_features=0.2, min_samples_leaf=1, min_samples_split=2, n_estimators=500; total time=  12.4s
[CV] END max_depth=20, max_features=log2, min_samples_leaf=4, min_samples_split=10, n_estimators=500; total time=   7.9s
[CV] END max_depth=20, max_features=log2, min_samples_leaf=4, min_samples_split=10, n_estimators=500; total time=   7.9s
[CV] END max_depth=20, max_features=log2, min_samples_leaf=4, min_samples_split=10, n_estimators=500; total time=   7.6s
[CV] END max_depth=50, max_features=0.4, min_samples_leaf=2, min_samples_split=2, n_estimators=500; total time=  27.5s
[CV] END max_depth=50, max_features=0.4, min_samples_leaf=2, min_samples_split=2, n_estimators=500; total time=  27.4s
[CV] END max_depth=50, max_features=0.4, min_samples_leaf=2, min_samples_split=2, n_estimators=500; total time=  26.7s
[CV] END max_depth=None, max_features=0.2, min_samples_leaf=4, min_samples_split=20, n_estimators=100; total time=   3.1s
[CV] END max_depth=None, max_features=0.2, min_samples_leaf=4, min_samples_split=20, n_estimators=100; total time=   3.0s
[CV] END max_depth=None, max_features=0.2, min_samples_leaf=4, min_samples_split=20, n_estimators=100; total time=   3.2s
[CV] END max_depth=10, max_features=log2, min_samples_leaf=4, min_samples_split=2, n_estimators=500; total time=   7.4s
[CV] END max_depth=10, max_features=log2, min_samples_leaf=4, min_samples_split=2, n_estimators=500; total time=   7.7s
[CV] END max_depth=10, max_features=log2, min_samples_leaf=4, min_samples_split=2, n_estimators=500; total time=   7.2s
[CV] END max_depth=None, max_features=0.4, min_samples_leaf=1, min_samples_split=2, n_estimators=700; total time=  38.0s
[CV] END max_depth=None, max_features=0.4, min_samples_leaf=1, min_samples_split=2, n_estimators=700; total time=  38.1s
[CV] END max_depth=None, max_features=0.4, min_samples_leaf=1, min_samples_split=2, n_estimators=700; total time=  37.0s
[CV] END max_depth=None, max_features=0.4, min_samples_leaf=8, min_samples_split=5, n_estimators=700; total time=  38.1s
[CV] END max_depth=None, max_features=0.4, min_samples_leaf=8, min_samples_split=5, n_estimators=700; total time=  37.4s
[CV] END max_depth=None, max_features=0.4, min_samples_leaf=8, min_samples_split=5, n_estimators=700; total time=  37.3s
[CV] END max_depth=10, max_features=0.4, min_samples_leaf=16, min_samples_split=10, n_estimators=500; total time=  24.4s
[CV] END max_depth=10, max_features=0.4, min_samples_leaf=16, min_samples_split=10, n_estimators=500; total time=  24.3s
[CV] END max_depth=10, max_features=0.4, min_samples_leaf=16, min_samples_split=10, n_estimators=500; total time=  24.0s
[CV] END max_depth=20, max_features=log2, min_samples_leaf=8, min_samples_split=20, n_estimators=500; total time=   7.7s
[CV] END max_depth=20, max_features=log2, min_samples_leaf=8, min_samples_split=20, n_estimators=500; total time=   7.9s
[CV] END max_depth=20, max_features=log2, min_samples_leaf=8, min_samples_split=20, n_estimators=500; total time=   7.7s
[CV] END max_depth=20, max_features=log2, min_samples_leaf=1, min_samples_split=15, n_estimators=200; total time=   3.4s
[CV] END max_depth=20, max_features=log2, min_samples_leaf=1, min_samples_split=15, n_estimators=200; total time=   3.4s
[CV] END max_depth=20, max_features=log2, min_samples_leaf=1, min_samples_split=15, n_estimators=200; total time=   3.3s
[CV] END max_depth=10, max_features=log2, min_samples_leaf=8, min_samples_split=15, n_estimators=500; total time=   7.2s
[CV] END max_depth=10, max_features=log2, min_samples_leaf=8, min_samples_split=15, n_estimators=500; total time=   7.4s
[CV] END max_depth=10, max_features=log2, min_samples_leaf=8, min_samples_split=15, n_estimators=500; total time=   7.3s
[CV] END max_depth=10, max_features=sqrt, min_samples_leaf=8, min_samples_split=5, n_estimators=200; total time=   3.6s
[CV] END max_depth=10, max_features=sqrt, min_samples_leaf=8, min_samples_split=5, n_estimators=200; total time=   3.7s
[CV] END max_depth=10, max_features=sqrt, min_samples_leaf=8, min_samples_split=5, n_estimators=200; total time=   3.5s
    │  Best CV F1-weighted : 0.999967
    │  Best params         : {'n_estimators': 200, 'min_samples_split': 15, 'min_samples_leaf': 1, 'max_features': 'log2', 'max_depth': 20}
    │  Total tuning time   : 801.0s
    └─ Saved: models/binary_seed43_RandomForest.pkl

  [5/30] task=binary  seed=43  model=XGBoost

    ┌─ XGBoost [GPU]
    │  Fitting 20 candidates × 3 folds = 60 fits …
Fitting 3 folds for each of 20 candidates, totalling 60 fits
[CV] END colsample_bytree=1.0, gamma=0.1, learning_rate=0.2, max_depth=3, n_estimators=500, subsample=0.9; total time=   1.1s
[CV] END colsample_bytree=1.0, gamma=0.1, learning_rate=0.2, max_depth=3, n_estimators=500, subsample=0.9; total time=   1.0s
[CV] END colsample_bytree=1.0, gamma=0.1, learning_rate=0.2, max_depth=3, n_estimators=500, subsample=0.9; total time=   0.9s
[CV] END colsample_bytree=0.6, gamma=0, learning_rate=0.1, max_depth=3, n_estimators=400, subsample=0.8; total time=   1.1s
[CV] END colsample_bytree=0.6, gamma=0, learning_rate=0.1, max_depth=3, n_estimators=400, subsample=0.8; total time=   1.0s
[CV] END colsample_bytree=0.6, gamma=0, learning_rate=0.1, max_depth=3, n_estimators=400, subsample=0.8; total time=   1.1s
[CV] END colsample_bytree=0.5, gamma=0.5, learning_rate=0.2, max_depth=7, n_estimators=100, subsample=0.9; total time=   0.4s
[CV] END colsample_bytree=0.5, gamma=0.5, learning_rate=0.2, max_depth=7, n_estimators=100, subsample=0.9; total time=   0.4s
[CV] END colsample_bytree=0.5, gamma=0.5, learning_rate=0.2, max_depth=7, n_estimators=100, subsample=0.9; total time=   0.4s
[CV] END colsample_bytree=0.8, gamma=0.1, learning_rate=0.2, max_depth=12, n_estimators=300, subsample=0.5; total time=   0.8s
[CV] END colsample_bytree=0.8, gamma=0.1, learning_rate=0.2, max_depth=12, n_estimators=300, subsample=0.5; total time=   0.9s
[CV] END colsample_bytree=0.8, gamma=0.1, learning_rate=0.2, max_depth=12, n_estimators=300, subsample=0.5; total time=   0.8s
[CV] END colsample_bytree=0.9, gamma=0.05, learning_rate=0.3, max_depth=3, n_estimators=400, subsample=0.8; total time=   0.9s
[CV] END colsample_bytree=0.9, gamma=0.05, learning_rate=0.3, max_depth=3, n_estimators=400, subsample=0.8; total time=   0.9s
[CV] END colsample_bytree=0.9, gamma=0.05, learning_rate=0.3, max_depth=3, n_estimators=400, subsample=0.8; total time=   0.8s
[CV] END colsample_bytree=1.0, gamma=0.5, learning_rate=0.01, max_depth=3, n_estimators=400, subsample=1.0; total time=   1.0s
[CV] END colsample_bytree=1.0, gamma=0.5, learning_rate=0.01, max_depth=3, n_estimators=400, subsample=1.0; total time=   1.0s
[CV] END colsample_bytree=1.0, gamma=0.5, learning_rate=0.01, max_depth=3, n_estimators=400, subsample=1.0; total time=   1.0s
[CV] END colsample_bytree=0.5, gamma=0.5, learning_rate=0.05, max_depth=7, n_estimators=300, subsample=1.0; total time=   1.0s
[CV] END colsample_bytree=0.5, gamma=0.5, learning_rate=0.05, max_depth=7, n_estimators=300, subsample=1.0; total time=   1.0s
[CV] END colsample_bytree=0.5, gamma=0.5, learning_rate=0.05, max_depth=7, n_estimators=300, subsample=1.0; total time=   1.0s
[CV] END colsample_bytree=0.8, gamma=0.5, learning_rate=0.1, max_depth=12, n_estimators=500, subsample=1.0; total time=   1.1s
[CV] END colsample_bytree=0.8, gamma=0.5, learning_rate=0.1, max_depth=12, n_estimators=500, subsample=1.0; total time=   1.1s
[CV] END colsample_bytree=0.8, gamma=0.5, learning_rate=0.1, max_depth=12, n_estimators=500, subsample=1.0; total time=   1.1s
[CV] END colsample_bytree=0.8, gamma=1.0, learning_rate=0.01, max_depth=9, n_estimators=500, subsample=1.0; total time=   2.0s
[CV] END colsample_bytree=0.8, gamma=1.0, learning_rate=0.01, max_depth=9, n_estimators=500, subsample=1.0; total time=   2.0s
[CV] END colsample_bytree=0.8, gamma=1.0, learning_rate=0.01, max_depth=9, n_estimators=500, subsample=1.0; total time=   2.1s
[CV] END colsample_bytree=0.6, gamma=0.5, learning_rate=0.1, max_depth=7, n_estimators=200, subsample=0.8; total time=   0.7s
[CV] END colsample_bytree=0.6, gamma=0.5, learning_rate=0.1, max_depth=7, n_estimators=200, subsample=0.8; total time=   0.7s
[CV] END colsample_bytree=0.6, gamma=0.5, learning_rate=0.1, max_depth=7, n_estimators=200, subsample=0.8; total time=   0.7s
[CV] END colsample_bytree=0.9, gamma=1.0, learning_rate=0.05, max_depth=12, n_estimators=500, subsample=0.9; total time=   1.3s
[CV] END colsample_bytree=0.9, gamma=1.0, learning_rate=0.05, max_depth=12, n_estimators=500, subsample=0.9; total time=   1.4s
[CV] END colsample_bytree=0.9, gamma=1.0, learning_rate=0.05, max_depth=12, n_estimators=500, subsample=0.9; total time=   1.4s
[CV] END colsample_bytree=0.8, gamma=1.0, learning_rate=0.1, max_depth=7, n_estimators=500, subsample=0.5; total time=   1.1s
[CV] END colsample_bytree=0.8, gamma=1.0, learning_rate=0.1, max_depth=7, n_estimators=500, subsample=0.5; total time=   1.1s
[CV] END colsample_bytree=0.8, gamma=1.0, learning_rate=0.1, max_depth=7, n_estimators=500, subsample=0.5; total time=   1.0s
[CV] END colsample_bytree=0.6, gamma=0.5, learning_rate=0.3, max_depth=5, n_estimators=200, subsample=1.0; total time=   0.5s
[CV] END colsample_bytree=0.6, gamma=0.5, learning_rate=0.3, max_depth=5, n_estimators=200, subsample=1.0; total time=   0.5s
[CV] END colsample_bytree=0.6, gamma=0.5, learning_rate=0.3, max_depth=5, n_estimators=200, subsample=1.0; total time=   0.5s
[CV] END colsample_bytree=0.8, gamma=0.05, learning_rate=0.01, max_depth=12, n_estimators=500, subsample=1.0; total time=   2.4s
[CV] END colsample_bytree=0.8, gamma=0.05, learning_rate=0.01, max_depth=12, n_estimators=500, subsample=1.0; total time=   2.4s
[CV] END colsample_bytree=0.8, gamma=0.05, learning_rate=0.01, max_depth=12, n_estimators=500, subsample=1.0; total time=   2.4s
[CV] END colsample_bytree=1.0, gamma=0, learning_rate=0.01, max_depth=12, n_estimators=200, subsample=0.9; total time=   1.2s
[CV] END colsample_bytree=1.0, gamma=0, learning_rate=0.01, max_depth=12, n_estimators=200, subsample=0.9; total time=   1.2s
[CV] END colsample_bytree=1.0, gamma=0, learning_rate=0.01, max_depth=12, n_estimators=200, subsample=0.9; total time=   1.2s
[CV] END colsample_bytree=1.0, gamma=0, learning_rate=0.3, max_depth=9, n_estimators=400, subsample=0.6; total time=   1.1s
[CV] END colsample_bytree=1.0, gamma=0, learning_rate=0.3, max_depth=9, n_estimators=400, subsample=0.6; total time=   1.0s
[CV] END colsample_bytree=1.0, gamma=0, learning_rate=0.3, max_depth=9, n_estimators=400, subsample=0.6; total time=   1.0s
[CV] END colsample_bytree=0.9, gamma=1.0, learning_rate=0.1, max_depth=5, n_estimators=200, subsample=1.0; total time=   0.7s
[CV] END colsample_bytree=0.9, gamma=1.0, learning_rate=0.1, max_depth=5, n_estimators=200, subsample=1.0; total time=   0.7s
[CV] END colsample_bytree=0.9, gamma=1.0, learning_rate=0.1, max_depth=5, n_estimators=200, subsample=1.0; total time=   0.6s
[CV] END colsample_bytree=0.9, gamma=0.5, learning_rate=0.2, max_depth=7, n_estimators=500, subsample=0.9; total time=   1.0s
[CV] END colsample_bytree=0.9, gamma=0.5, learning_rate=0.2, max_depth=7, n_estimators=500, subsample=0.9; total time=   1.0s
[CV] END colsample_bytree=0.9, gamma=0.5, learning_rate=0.2, max_depth=7, n_estimators=500, subsample=0.9; total time=   1.0s
[CV] END colsample_bytree=0.5, gamma=0, learning_rate=0.2, max_depth=3, n_estimators=100, subsample=1.0; total time=   0.4s
[CV] END colsample_bytree=0.5, gamma=0, learning_rate=0.2, max_depth=3, n_estimators=100, subsample=1.0; total time=   0.4s
[CV] END colsample_bytree=0.5, gamma=0, learning_rate=0.2, max_depth=3, n_estimators=100, subsample=1.0; total time=   0.4s
[CV] END colsample_bytree=1.0, gamma=0, learning_rate=0.05, max_depth=12, n_estimators=500, subsample=0.8; total time=   1.7s
[CV] END colsample_bytree=1.0, gamma=0, learning_rate=0.05, max_depth=12, n_estimators=500, subsample=0.8; total time=   1.8s
[CV] END colsample_bytree=1.0, gamma=0, learning_rate=0.05, max_depth=12, n_estimators=500, subsample=0.8; total time=   1.7s
    │  Best CV F1-weighted : 0.999973
    │  Best params         : {'subsample': 0.8, 'n_estimators': 400, 'max_depth': 3, 'learning_rate': 0.1, 'gamma': 0, 'colsample_bytree': 0.6}
    │  Total tuning time   : 66.0s
    └─ Saved: models/binary_seed43_XGBoost.pkl

  [6/30] task=binary  seed=43  model=DecisionTree

    ┌─ DecisionTree [CPU]
    │  Fitting 20 candidates × 3 folds = 60 fits …
Fitting 3 folds for each of 20 candidates, totalling 60 fits
[CV] END criterion=gini, max_depth=None, min_samples_leaf=2, min_samples_split=20, splitter=random; total time=   0.8s
[CV] END criterion=gini, max_depth=None, min_samples_leaf=2, min_samples_split=20, splitter=random; total time=   0.8s
[CV] END criterion=gini, max_depth=None, min_samples_leaf=2, min_samples_split=20, splitter=random; total time=   0.7s
[CV] END criterion=gini, max_depth=10, min_samples_leaf=4, min_samples_split=20, splitter=random; total time=   0.6s
[CV] END criterion=gini, max_depth=10, min_samples_leaf=4, min_samples_split=20, splitter=random; total time=   0.6s
[CV] END criterion=gini, max_depth=10, min_samples_leaf=4, min_samples_split=20, splitter=random; total time=   0.6s
[CV] END criterion=entropy, max_depth=10, min_samples_leaf=2, min_samples_split=5, splitter=random; total time=   0.5s
[CV] END criterion=entropy, max_depth=10, min_samples_leaf=2, min_samples_split=5, splitter=random; total time=   0.5s
[CV] END criterion=entropy, max_depth=10, min_samples_leaf=2, min_samples_split=5, splitter=random; total time=   0.6s
[CV] END criterion=gini, max_depth=5, min_samples_leaf=8, min_samples_split=5, splitter=best; total time=   2.4s
[CV] END criterion=gini, max_depth=5, min_samples_leaf=8, min_samples_split=5, splitter=best; total time=   2.5s
[CV] END criterion=gini, max_depth=5, min_samples_leaf=8, min_samples_split=5, splitter=best; total time=   2.4s
[CV] END criterion=gini, max_depth=5, min_samples_leaf=2, min_samples_split=2, splitter=best; total time=   2.4s
[CV] END criterion=gini, max_depth=5, min_samples_leaf=2, min_samples_split=2, splitter=best; total time=   2.4s
[CV] END criterion=gini, max_depth=5, min_samples_leaf=2, min_samples_split=2, splitter=best; total time=   2.4s
[CV] END criterion=entropy, max_depth=None, min_samples_leaf=1, min_samples_split=2, splitter=random; total time=   0.4s
[CV] END criterion=entropy, max_depth=None, min_samples_leaf=1, min_samples_split=2, splitter=random; total time=   0.6s
[CV] END criterion=entropy, max_depth=None, min_samples_leaf=1, min_samples_split=2, splitter=random; total time=   0.6s
[CV] END criterion=entropy, max_depth=None, min_samples_leaf=1, min_samples_split=50, splitter=best; total time=   3.5s
[CV] END criterion=entropy, max_depth=None, min_samples_leaf=1, min_samples_split=50, splitter=best; total time=   3.5s
[CV] END criterion=entropy, max_depth=None, min_samples_leaf=1, min_samples_split=50, splitter=best; total time=   3.5s
[CV] END criterion=entropy, max_depth=5, min_samples_leaf=8, min_samples_split=50, splitter=random; total time=   0.4s
[CV] END criterion=entropy, max_depth=5, min_samples_leaf=8, min_samples_split=50, splitter=random; total time=   0.4s
[CV] END criterion=entropy, max_depth=5, min_samples_leaf=8, min_samples_split=50, splitter=random; total time=   0.4s
[CV] END criterion=gini, max_depth=30, min_samples_leaf=1, min_samples_split=50, splitter=best; total time=   5.5s
[CV] END criterion=gini, max_depth=30, min_samples_leaf=1, min_samples_split=50, splitter=best; total time=   5.5s
[CV] END criterion=gini, max_depth=30, min_samples_leaf=1, min_samples_split=50, splitter=best; total time=   6.2s
[CV] END criterion=gini, max_depth=5, min_samples_leaf=2, min_samples_split=20, splitter=random; total time=   0.4s
[CV] END criterion=gini, max_depth=5, min_samples_leaf=2, min_samples_split=20, splitter=random; total time=   0.4s
[CV] END criterion=gini, max_depth=5, min_samples_leaf=2, min_samples_split=20, splitter=random; total time=   0.4s
[CV] END criterion=entropy, max_depth=20, min_samples_leaf=1, min_samples_split=5, splitter=random; total time=   0.5s
[CV] END criterion=entropy, max_depth=20, min_samples_leaf=1, min_samples_split=5, splitter=random; total time=   0.6s
[CV] END criterion=entropy, max_depth=20, min_samples_leaf=1, min_samples_split=5, splitter=random; total time=   0.5s
[CV] END criterion=entropy, max_depth=10, min_samples_leaf=16, min_samples_split=50, splitter=best; total time=   3.4s
[CV] END criterion=entropy, max_depth=10, min_samples_leaf=16, min_samples_split=50, splitter=best; total time=   3.4s
[CV] END criterion=entropy, max_depth=10, min_samples_leaf=16, min_samples_split=50, splitter=best; total time=   3.4s
[CV] END criterion=gini, max_depth=20, min_samples_leaf=8, min_samples_split=5, splitter=random; total time=   0.6s
[CV] END criterion=gini, max_depth=20, min_samples_leaf=8, min_samples_split=5, splitter=random; total time=   0.8s
[CV] END criterion=gini, max_depth=20, min_samples_leaf=8, min_samples_split=5, splitter=random; total time=   0.7s
[CV] END criterion=gini, max_depth=20, min_samples_leaf=2, min_samples_split=20, splitter=best; total time=   5.7s
[CV] END criterion=gini, max_depth=20, min_samples_leaf=2, min_samples_split=20, splitter=best; total time=   5.5s
[CV] END criterion=gini, max_depth=20, min_samples_leaf=2, min_samples_split=20, splitter=best; total time=   6.2s
[CV] END criterion=gini, max_depth=5, min_samples_leaf=2, min_samples_split=50, splitter=random; total time=   0.4s
[CV] END criterion=gini, max_depth=5, min_samples_leaf=2, min_samples_split=50, splitter=random; total time=   0.4s
[CV] END criterion=gini, max_depth=5, min_samples_leaf=2, min_samples_split=50, splitter=random; total time=   0.4s
[CV] END criterion=entropy, max_depth=20, min_samples_leaf=4, min_samples_split=2, splitter=random; total time=   0.5s
[CV] END criterion=entropy, max_depth=20, min_samples_leaf=4, min_samples_split=2, splitter=random; total time=   0.5s
[CV] END criterion=entropy, max_depth=20, min_samples_leaf=4, min_samples_split=2, splitter=random; total time=   0.6s
[CV] END criterion=entropy, max_depth=5, min_samples_leaf=4, min_samples_split=5, splitter=random; total time=   0.4s
[CV] END criterion=entropy, max_depth=5, min_samples_leaf=4, min_samples_split=5, splitter=random; total time=   0.4s
[CV] END criterion=entropy, max_depth=5, min_samples_leaf=4, min_samples_split=5, splitter=random; total time=   0.4s
[CV] END criterion=entropy, max_depth=30, min_samples_leaf=4, min_samples_split=50, splitter=random; total time=   0.6s
[CV] END criterion=entropy, max_depth=30, min_samples_leaf=4, min_samples_split=50, splitter=random; total time=   0.5s
[CV] END criterion=entropy, max_depth=30, min_samples_leaf=4, min_samples_split=50, splitter=random; total time=   0.5s
[CV] END criterion=gini, max_depth=10, min_samples_leaf=1, min_samples_split=5, splitter=random; total time=   0.6s
[CV] END criterion=gini, max_depth=10, min_samples_leaf=1, min_samples_split=5, splitter=random; total time=   0.6s
[CV] END criterion=gini, max_depth=10, min_samples_leaf=1, min_samples_split=5, splitter=random; total time=   0.7s
[CV] END criterion=entropy, max_depth=30, min_samples_leaf=4, min_samples_split=20, splitter=random; total time=   0.5s
[CV] END criterion=entropy, max_depth=30, min_samples_leaf=4, min_samples_split=20, splitter=random; total time=   0.6s
[CV] END criterion=entropy, max_depth=30, min_samples_leaf=4, min_samples_split=20, splitter=random; total time=   0.6s
    │  Best CV F1-weighted : 0.999847
    │  Best params         : {'splitter': 'random', 'min_samples_split': 2, 'min_samples_leaf': 1, 'max_depth': None, 'criterion': 'entropy'}
    │  Total tuning time   : 93.6s
    └─ Saved: models/binary_seed43_DecisionTree.pkl

  ────────────────────────────────────────────────────────
  Seed 44  |  task=binary
  ────────────────────────────────────────────────────────
  Train: 334,364 samples  |  Test: 143,299 samples

  [7/30] task=binary  seed=44  model=RandomForest

    ┌─ RandomForest [CPU]
    │  Fitting 20 candidates × 3 folds = 60 fits …
Fitting 3 folds for each of 20 candidates, totalling 60 fits
[CV] END max_depth=20, max_features=0.6, min_samples_leaf=4, min_samples_split=10, n_estimators=300; total time=  26.3s
[CV] END max_depth=20, max_features=0.6, min_samples_leaf=4, min_samples_split=10, n_estimators=300; total time=  25.6s
[CV] END max_depth=20, max_features=0.6, min_samples_leaf=4, min_samples_split=10, n_estimators=300; total time=  25.7s
[CV] END max_depth=50, max_features=0.2, min_samples_leaf=4, min_samples_split=2, n_estimators=200; total time=   5.6s
[CV] END max_depth=50, max_features=0.2, min_samples_leaf=4, min_samples_split=2, n_estimators=200; total time=   5.5s
[CV] END max_depth=50, max_features=0.2, min_samples_leaf=4, min_samples_split=2, n_estimators=200; total time=   5.6s
[CV] END max_depth=10, max_features=0.6, min_samples_leaf=4, min_samples_split=20, n_estimators=300; total time=  22.2s
[CV] END max_depth=10, max_features=0.6, min_samples_leaf=4, min_samples_split=20, n_estimators=300; total time=  21.8s
[CV] END max_depth=10, max_features=0.6, min_samples_leaf=4, min_samples_split=20, n_estimators=300; total time=  22.3s
[CV] END max_depth=None, max_features=0.6, min_samples_leaf=4, min_samples_split=20, n_estimators=200; total time=  17.6s
[CV] END max_depth=None, max_features=0.6, min_samples_leaf=4, min_samples_split=20, n_estimators=200; total time=  17.7s
[CV] END max_depth=None, max_features=0.6, min_samples_leaf=4, min_samples_split=20, n_estimators=200; total time=  17.8s
[CV] END max_depth=30, max_features=0.2, min_samples_leaf=1, min_samples_split=15, n_estimators=700; total time=  18.1s
[CV] END max_depth=30, max_features=0.2, min_samples_leaf=1, min_samples_split=15, n_estimators=700; total time=  17.8s
[CV] END max_depth=30, max_features=0.2, min_samples_leaf=1, min_samples_split=15, n_estimators=700; total time=  18.0s
[CV] END max_depth=None, max_features=sqrt, min_samples_leaf=8, min_samples_split=5, n_estimators=700; total time=  12.3s
[CV] END max_depth=None, max_features=sqrt, min_samples_leaf=8, min_samples_split=5, n_estimators=700; total time=  12.2s
[CV] END max_depth=None, max_features=sqrt, min_samples_leaf=8, min_samples_split=5, n_estimators=700; total time=  12.3s
[CV] END max_depth=50, max_features=0.4, min_samples_leaf=4, min_samples_split=20, n_estimators=300; total time=  16.2s
[CV] END max_depth=50, max_features=0.4, min_samples_leaf=4, min_samples_split=20, n_estimators=300; total time=  16.2s
[CV] END max_depth=50, max_features=0.4, min_samples_leaf=4, min_samples_split=20, n_estimators=300; total time=  16.3s
[CV] END max_depth=50, max_features=0.2, min_samples_leaf=2, min_samples_split=20, n_estimators=700; total time=  18.1s
[CV] END max_depth=50, max_features=0.2, min_samples_leaf=2, min_samples_split=20, n_estimators=700; total time=  17.9s
[CV] END max_depth=50, max_features=0.2, min_samples_leaf=2, min_samples_split=20, n_estimators=700; total time=  18.0s
[CV] END max_depth=50, max_features=0.6, min_samples_leaf=4, min_samples_split=2, n_estimators=100; total time=   9.3s
[CV] END max_depth=50, max_features=0.6, min_samples_leaf=4, min_samples_split=2, n_estimators=100; total time=   9.9s
[CV] END max_depth=50, max_features=0.6, min_samples_leaf=4, min_samples_split=2, n_estimators=100; total time=  10.0s
[CV] END max_depth=None, max_features=sqrt, min_samples_leaf=16, min_samples_split=20, n_estimators=100; total time=   2.3s
[CV] END max_depth=None, max_features=sqrt, min_samples_leaf=16, min_samples_split=20, n_estimators=100; total time=   2.0s
[CV] END max_depth=None, max_features=sqrt, min_samples_leaf=16, min_samples_split=20, n_estimators=100; total time=   2.2s
[CV] END max_depth=None, max_features=0.2, min_samples_leaf=4, min_samples_split=10, n_estimators=200; total time=   5.6s
[CV] END max_depth=None, max_features=0.2, min_samples_leaf=4, min_samples_split=10, n_estimators=200; total time=   5.5s
[CV] END max_depth=None, max_features=0.2, min_samples_leaf=4, min_samples_split=10, n_estimators=200; total time=   5.9s
[CV] END max_depth=50, max_features=0.4, min_samples_leaf=8, min_samples_split=15, n_estimators=200; total time=  11.5s
[CV] END max_depth=50, max_features=0.4, min_samples_leaf=8, min_samples_split=15, n_estimators=200; total time=  11.4s
[CV] END max_depth=50, max_features=0.4, min_samples_leaf=8, min_samples_split=15, n_estimators=200; total time=  11.5s
[CV] END max_depth=20, max_features=0.4, min_samples_leaf=16, min_samples_split=5, n_estimators=200; total time=  11.7s
[CV] END max_depth=20, max_features=0.4, min_samples_leaf=16, min_samples_split=5, n_estimators=200; total time=  11.1s
[CV] END max_depth=20, max_features=0.4, min_samples_leaf=16, min_samples_split=5, n_estimators=200; total time=  11.3s
[CV] END max_depth=None, max_features=0.6, min_samples_leaf=8, min_samples_split=2, n_estimators=700; total time= 1.0min
[CV] END max_depth=None, max_features=0.6, min_samples_leaf=8, min_samples_split=2, n_estimators=700; total time=  58.5s
[CV] END max_depth=None, max_features=0.6, min_samples_leaf=8, min_samples_split=2, n_estimators=700; total time=  59.1s
[CV] END max_depth=30, max_features=0.4, min_samples_leaf=2, min_samples_split=2, n_estimators=100; total time=   6.0s
[CV] END max_depth=30, max_features=0.4, min_samples_leaf=2, min_samples_split=2, n_estimators=100; total time=   6.2s
[CV] END max_depth=30, max_features=0.4, min_samples_leaf=2, min_samples_split=2, n_estimators=100; total time=   6.5s
[CV] END max_depth=50, max_features=0.6, min_samples_leaf=2, min_samples_split=20, n_estimators=200; total time=  17.7s
[CV] END max_depth=50, max_features=0.6, min_samples_leaf=2, min_samples_split=20, n_estimators=200; total time=  17.6s
[CV] END max_depth=50, max_features=0.6, min_samples_leaf=2, min_samples_split=20, n_estimators=200; total time=  18.0s
[CV] END max_depth=50, max_features=log2, min_samples_leaf=2, min_samples_split=10, n_estimators=100; total time=   1.8s
[CV] END max_depth=50, max_features=log2, min_samples_leaf=2, min_samples_split=10, n_estimators=100; total time=   1.9s
[CV] END max_depth=50, max_features=log2, min_samples_leaf=2, min_samples_split=10, n_estimators=100; total time=   1.9s
[CV] END max_depth=None, max_features=0.6, min_samples_leaf=1, min_samples_split=2, n_estimators=200; total time=  18.0s
[CV] END max_depth=None, max_features=0.6, min_samples_leaf=1, min_samples_split=2, n_estimators=200; total time=  17.9s
[CV] END max_depth=None, max_features=0.6, min_samples_leaf=1, min_samples_split=2, n_estimators=200; total time=  18.2s
[CV] END max_depth=30, max_features=log2, min_samples_leaf=16, min_samples_split=5, n_estimators=100; total time=   1.8s
[CV] END max_depth=30, max_features=log2, min_samples_leaf=16, min_samples_split=5, n_estimators=100; total time=   1.9s
[CV] END max_depth=30, max_features=log2, min_samples_leaf=16, min_samples_split=5, n_estimators=100; total time=   1.8s
[CV] END max_depth=20, max_features=sqrt, min_samples_leaf=2, min_samples_split=5, n_estimators=200; total time=   3.9s
[CV] END max_depth=20, max_features=sqrt, min_samples_leaf=2, min_samples_split=5, n_estimators=200; total time=   3.9s
[CV] END max_depth=20, max_features=sqrt, min_samples_leaf=2, min_samples_split=5, n_estimators=200; total time=   3.9s
    │  Best CV F1-weighted : 0.999967
    │  Best params         : {'n_estimators': 200, 'min_samples_split': 2, 'min_samples_leaf': 4, 'max_features': 0.2, 'max_depth': 50}
    │  Total tuning time   : 864.7s
    └─ Saved: models/binary_seed44_RandomForest.pkl

  [8/30] task=binary  seed=44  model=XGBoost

    ┌─ XGBoost [GPU]
    │  Fitting 20 candidates × 3 folds = 60 fits …
Fitting 3 folds for each of 20 candidates, totalling 60 fits
[CV] END colsample_bytree=1.0, gamma=0.1, learning_rate=0.1, max_depth=12, n_estimators=100, subsample=0.5; total time=   0.7s
[CV] END colsample_bytree=1.0, gamma=0.1, learning_rate=0.1, max_depth=12, n_estimators=100, subsample=0.5; total time=   0.5s
[CV] END colsample_bytree=1.0, gamma=0.1, learning_rate=0.1, max_depth=12, n_estimators=100, subsample=0.5; total time=   0.5s
[CV] END colsample_bytree=0.6, gamma=0, learning_rate=0.1, max_depth=12, n_estimators=400, subsample=0.6; total time=   1.2s
[CV] END colsample_bytree=0.6, gamma=0, learning_rate=0.1, max_depth=12, n_estimators=400, subsample=0.6; total time=   1.2s
[CV] END colsample_bytree=0.6, gamma=0, learning_rate=0.1, max_depth=12, n_estimators=400, subsample=0.6; total time=   1.3s
[CV] END colsample_bytree=0.9, gamma=0.1, learning_rate=0.1, max_depth=12, n_estimators=400, subsample=0.9; total time=   1.2s
[CV] END colsample_bytree=0.9, gamma=0.1, learning_rate=0.1, max_depth=12, n_estimators=400, subsample=0.9; total time=   1.1s
[CV] END colsample_bytree=0.9, gamma=0.1, learning_rate=0.1, max_depth=12, n_estimators=400, subsample=0.9; total time=   1.2s
[CV] END colsample_bytree=0.9, gamma=0, learning_rate=0.01, max_depth=3, n_estimators=300, subsample=1.0; total time=   0.8s
[CV] END colsample_bytree=0.9, gamma=0, learning_rate=0.01, max_depth=3, n_estimators=300, subsample=1.0; total time=   0.8s
[CV] END colsample_bytree=0.9, gamma=0, learning_rate=0.01, max_depth=3, n_estimators=300, subsample=1.0; total time=   0.8s
[CV] END colsample_bytree=0.5, gamma=0, learning_rate=0.3, max_depth=7, n_estimators=500, subsample=0.6; total time=   1.2s
[CV] END colsample_bytree=0.5, gamma=0, learning_rate=0.3, max_depth=7, n_estimators=500, subsample=0.6; total time=   1.2s
[CV] END colsample_bytree=0.5, gamma=0, learning_rate=0.3, max_depth=7, n_estimators=500, subsample=0.6; total time=   1.2s
[CV] END colsample_bytree=0.6, gamma=0.05, learning_rate=0.05, max_depth=9, n_estimators=500, subsample=0.6; total time=   1.6s
[CV] END colsample_bytree=0.6, gamma=0.05, learning_rate=0.05, max_depth=9, n_estimators=500, subsample=0.6; total time=   1.6s
[CV] END colsample_bytree=0.6, gamma=0.05, learning_rate=0.05, max_depth=9, n_estimators=500, subsample=0.6; total time=   1.6s
[CV] END colsample_bytree=0.5, gamma=0.5, learning_rate=0.1, max_depth=3, n_estimators=400, subsample=1.0; total time=   0.9s
[CV] END colsample_bytree=0.5, gamma=0.5, learning_rate=0.1, max_depth=3, n_estimators=400, subsample=1.0; total time=   0.8s
[CV] END colsample_bytree=0.5, gamma=0.5, learning_rate=0.1, max_depth=3, n_estimators=400, subsample=1.0; total time=   0.8s
[CV] END colsample_bytree=0.6, gamma=0.05, learning_rate=0.2, max_depth=7, n_estimators=200, subsample=0.5; total time=   0.7s
[CV] END colsample_bytree=0.6, gamma=0.05, learning_rate=0.2, max_depth=7, n_estimators=200, subsample=0.5; total time=   0.7s
[CV] END colsample_bytree=0.6, gamma=0.05, learning_rate=0.2, max_depth=7, n_estimators=200, subsample=0.5; total time=   0.7s
[CV] END colsample_bytree=0.5, gamma=1.0, learning_rate=0.2, max_depth=7, n_estimators=500, subsample=0.8; total time=   1.0s
[CV] END colsample_bytree=0.5, gamma=1.0, learning_rate=0.2, max_depth=7, n_estimators=500, subsample=0.8; total time=   1.0s
[CV] END colsample_bytree=0.5, gamma=1.0, learning_rate=0.2, max_depth=7, n_estimators=500, subsample=0.8; total time=   1.0s
[CV] END colsample_bytree=0.5, gamma=1.0, learning_rate=0.1, max_depth=5, n_estimators=500, subsample=1.0; total time=   1.0s
[CV] END colsample_bytree=0.5, gamma=1.0, learning_rate=0.1, max_depth=5, n_estimators=500, subsample=1.0; total time=   1.0s
[CV] END colsample_bytree=0.5, gamma=1.0, learning_rate=0.1, max_depth=5, n_estimators=500, subsample=1.0; total time=   1.0s
[CV] END colsample_bytree=0.5, gamma=1.0, learning_rate=0.3, max_depth=7, n_estimators=100, subsample=0.5; total time=   0.4s
[CV] END colsample_bytree=0.5, gamma=1.0, learning_rate=0.3, max_depth=7, n_estimators=100, subsample=0.5; total time=   0.4s
[CV] END colsample_bytree=0.5, gamma=1.0, learning_rate=0.3, max_depth=7, n_estimators=100, subsample=0.5; total time=   0.4s
[CV] END colsample_bytree=0.8, gamma=0.5, learning_rate=0.05, max_depth=7, n_estimators=300, subsample=0.8; total time=   1.1s
[CV] END colsample_bytree=0.8, gamma=0.5, learning_rate=0.05, max_depth=7, n_estimators=300, subsample=0.8; total time=   1.0s
[CV] END colsample_bytree=0.8, gamma=0.5, learning_rate=0.05, max_depth=7, n_estimators=300, subsample=0.8; total time=   1.1s
[CV] END colsample_bytree=1.0, gamma=1.0, learning_rate=0.3, max_depth=3, n_estimators=300, subsample=0.6; total time=   0.6s
[CV] END colsample_bytree=1.0, gamma=1.0, learning_rate=0.3, max_depth=3, n_estimators=300, subsample=0.6; total time=   0.6s
[CV] END colsample_bytree=1.0, gamma=1.0, learning_rate=0.3, max_depth=3, n_estimators=300, subsample=0.6; total time=   0.6s
[CV] END colsample_bytree=0.6, gamma=0.1, learning_rate=0.01, max_depth=5, n_estimators=200, subsample=0.8; total time=   0.8s
[CV] END colsample_bytree=0.6, gamma=0.1, learning_rate=0.01, max_depth=5, n_estimators=200, subsample=0.8; total time=   0.8s
[CV] END colsample_bytree=0.6, gamma=0.1, learning_rate=0.01, max_depth=5, n_estimators=200, subsample=0.8; total time=   0.8s
[CV] END colsample_bytree=1.0, gamma=1.0, learning_rate=0.1, max_depth=3, n_estimators=100, subsample=1.0; total time=   0.4s
[CV] END colsample_bytree=1.0, gamma=1.0, learning_rate=0.1, max_depth=3, n_estimators=100, subsample=1.0; total time=   0.4s
[CV] END colsample_bytree=1.0, gamma=1.0, learning_rate=0.1, max_depth=3, n_estimators=100, subsample=1.0; total time=   0.4s
[CV] END colsample_bytree=0.8, gamma=0.1, learning_rate=0.05, max_depth=3, n_estimators=400, subsample=0.6; total time=   1.1s
[CV] END colsample_bytree=0.8, gamma=0.1, learning_rate=0.05, max_depth=3, n_estimators=400, subsample=0.6; total time=   1.1s
[CV] END colsample_bytree=0.8, gamma=0.1, learning_rate=0.05, max_depth=3, n_estimators=400, subsample=0.6; total time=   1.1s
[CV] END colsample_bytree=1.0, gamma=0.1, learning_rate=0.1, max_depth=3, n_estimators=400, subsample=1.0; total time=   1.0s
[CV] END colsample_bytree=1.0, gamma=0.1, learning_rate=0.1, max_depth=3, n_estimators=400, subsample=1.0; total time=   0.9s
[CV] END colsample_bytree=1.0, gamma=0.1, learning_rate=0.1, max_depth=3, n_estimators=400, subsample=1.0; total time=   1.0s
[CV] END colsample_bytree=0.9, gamma=1.0, learning_rate=0.01, max_depth=12, n_estimators=100, subsample=0.5; total time=   0.6s
[CV] END colsample_bytree=0.9, gamma=1.0, learning_rate=0.01, max_depth=12, n_estimators=100, subsample=0.5; total time=   0.6s
[CV] END colsample_bytree=0.9, gamma=1.0, learning_rate=0.01, max_depth=12, n_estimators=100, subsample=0.5; total time=   0.6s
[CV] END colsample_bytree=0.5, gamma=0, learning_rate=0.3, max_depth=9, n_estimators=100, subsample=1.0; total time=   0.5s
[CV] END colsample_bytree=0.5, gamma=0, learning_rate=0.3, max_depth=9, n_estimators=100, subsample=1.0; total time=   0.5s
[CV] END colsample_bytree=0.5, gamma=0, learning_rate=0.3, max_depth=9, n_estimators=100, subsample=1.0; total time=   0.5s
[CV] END colsample_bytree=0.5, gamma=0.5, learning_rate=0.2, max_depth=5, n_estimators=100, subsample=0.5; total time=   0.4s
[CV] END colsample_bytree=0.5, gamma=0.5, learning_rate=0.2, max_depth=5, n_estimators=100, subsample=0.5; total time=   0.4s
[CV] END colsample_bytree=0.5, gamma=0.5, learning_rate=0.2, max_depth=5, n_estimators=100, subsample=0.5; total time=   0.4s
    │  Best CV F1-weighted : 0.999967
    │  Best params         : {'subsample': 0.6, 'n_estimators': 500, 'max_depth': 7, 'learning_rate': 0.3, 'gamma': 0, 'colsample_bytree': 0.5}
    │  Total tuning time   : 52.6s
    └─ Saved: models/binary_seed44_XGBoost.pkl

  [9/30] task=binary  seed=44  model=DecisionTree

    ┌─ DecisionTree [CPU]
    │  Fitting 20 candidates × 3 folds = 60 fits …
Fitting 3 folds for each of 20 candidates, totalling 60 fits
[CV] END criterion=gini, max_depth=5, min_samples_leaf=16, min_samples_split=2, splitter=random; total time=   0.4s
[CV] END criterion=gini, max_depth=5, min_samples_leaf=16, min_samples_split=2, splitter=random; total time=   0.4s
[CV] END criterion=gini, max_depth=5, min_samples_leaf=16, min_samples_split=2, splitter=random; total time=   0.4s
[CV] END criterion=gini, max_depth=5, min_samples_leaf=4, min_samples_split=50, splitter=best; total time=   2.5s
[CV] END criterion=gini, max_depth=5, min_samples_leaf=4, min_samples_split=50, splitter=best; total time=   2.5s
[CV] END criterion=gini, max_depth=5, min_samples_leaf=4, min_samples_split=50, splitter=best; total time=   2.6s
[CV] END criterion=entropy, max_depth=30, min_samples_leaf=4, min_samples_split=2, splitter=random; total time=   0.5s
[CV] END criterion=entropy, max_depth=30, min_samples_leaf=4, min_samples_split=2, splitter=random; total time=   0.5s
[CV] END criterion=entropy, max_depth=30, min_samples_leaf=4, min_samples_split=2, splitter=random; total time=   0.6s
[CV] END criterion=entropy, max_depth=5, min_samples_leaf=1, min_samples_split=10, splitter=best; total time=   2.8s
[CV] END criterion=entropy, max_depth=5, min_samples_leaf=1, min_samples_split=10, splitter=best; total time=   2.8s
[CV] END criterion=entropy, max_depth=5, min_samples_leaf=1, min_samples_split=10, splitter=best; total time=   2.9s
[CV] END criterion=gini, max_depth=10, min_samples_leaf=4, min_samples_split=5, splitter=best; total time=   4.4s
[CV] END criterion=gini, max_depth=10, min_samples_leaf=4, min_samples_split=5, splitter=best; total time=   4.4s
[CV] END criterion=gini, max_depth=10, min_samples_leaf=4, min_samples_split=5, splitter=best; total time=   4.3s
[CV] END criterion=gini, max_depth=30, min_samples_leaf=1, min_samples_split=10, splitter=best; total time=   5.7s
[CV] END criterion=gini, max_depth=30, min_samples_leaf=1, min_samples_split=10, splitter=best; total time=   5.6s
[CV] END criterion=gini, max_depth=30, min_samples_leaf=1, min_samples_split=10, splitter=best; total time=   6.0s
[CV] END criterion=entropy, max_depth=None, min_samples_leaf=4, min_samples_split=5, splitter=random; total time=   0.5s
[CV] END criterion=entropy, max_depth=None, min_samples_leaf=4, min_samples_split=5, splitter=random; total time=   0.5s
[CV] END criterion=entropy, max_depth=None, min_samples_leaf=4, min_samples_split=5, splitter=random; total time=   0.6s
[CV] END criterion=entropy, max_depth=30, min_samples_leaf=4, min_samples_split=10, splitter=best; total time=   3.6s
[CV] END criterion=entropy, max_depth=30, min_samples_leaf=4, min_samples_split=10, splitter=best; total time=   3.2s
[CV] END criterion=entropy, max_depth=30, min_samples_leaf=4, min_samples_split=10, splitter=best; total time=   3.8s
[CV] END criterion=entropy, max_depth=5, min_samples_leaf=4, min_samples_split=2, splitter=best; total time=   2.8s
[CV] END criterion=entropy, max_depth=5, min_samples_leaf=4, min_samples_split=2, splitter=best; total time=   2.8s
[CV] END criterion=entropy, max_depth=5, min_samples_leaf=4, min_samples_split=2, splitter=best; total time=   2.7s
[CV] END criterion=gini, max_depth=None, min_samples_leaf=16, min_samples_split=50, splitter=random; total time=   0.8s
[CV] END criterion=gini, max_depth=None, min_samples_leaf=16, min_samples_split=50, splitter=random; total time=   0.7s
[CV] END criterion=gini, max_depth=None, min_samples_leaf=16, min_samples_split=50, splitter=random; total time=   0.7s
[CV] END criterion=gini, max_depth=20, min_samples_leaf=2, min_samples_split=10, splitter=random; total time=   0.8s
[CV] END criterion=gini, max_depth=20, min_samples_leaf=2, min_samples_split=10, splitter=random; total time=   0.7s
[CV] END criterion=gini, max_depth=20, min_samples_leaf=2, min_samples_split=10, splitter=random; total time=   0.9s
[CV] END criterion=gini, max_depth=20, min_samples_leaf=4, min_samples_split=50, splitter=random; total time=   0.9s
[CV] END criterion=gini, max_depth=20, min_samples_leaf=4, min_samples_split=50, splitter=random; total time=   0.8s
[CV] END criterion=gini, max_depth=20, min_samples_leaf=4, min_samples_split=50, splitter=random; total time=   0.9s
[CV] END criterion=entropy, max_depth=10, min_samples_leaf=16, min_samples_split=2, splitter=best; total time=   3.7s
[CV] END criterion=entropy, max_depth=10, min_samples_leaf=16, min_samples_split=2, splitter=best; total time=   3.3s
[CV] END criterion=entropy, max_depth=10, min_samples_leaf=16, min_samples_split=2, splitter=best; total time=   3.9s
[CV] END criterion=gini, max_depth=10, min_samples_leaf=8, min_samples_split=20, splitter=random; total time=   0.7s
[CV] END criterion=gini, max_depth=10, min_samples_leaf=8, min_samples_split=20, splitter=random; total time=   0.6s
[CV] END criterion=gini, max_depth=10, min_samples_leaf=8, min_samples_split=20, splitter=random; total time=   0.7s
[CV] END criterion=gini, max_depth=20, min_samples_leaf=1, min_samples_split=20, splitter=random; total time=   0.9s
[CV] END criterion=gini, max_depth=20, min_samples_leaf=1, min_samples_split=20, splitter=random; total time=   1.0s
[CV] END criterion=gini, max_depth=20, min_samples_leaf=1, min_samples_split=20, splitter=random; total time=   0.8s
[CV] END criterion=gini, max_depth=10, min_samples_leaf=16, min_samples_split=10, splitter=random; total time=   0.7s
[CV] END criterion=gini, max_depth=10, min_samples_leaf=16, min_samples_split=10, splitter=random; total time=   0.7s
[CV] END criterion=gini, max_depth=10, min_samples_leaf=16, min_samples_split=10, splitter=random; total time=   0.7s
[CV] END criterion=entropy, max_depth=None, min_samples_leaf=2, min_samples_split=50, splitter=random; total time=   0.5s
[CV] END criterion=entropy, max_depth=None, min_samples_leaf=2, min_samples_split=50, splitter=random; total time=   0.6s
[CV] END criterion=entropy, max_depth=None, min_samples_leaf=2, min_samples_split=50, splitter=random; total time=   0.5s
[CV] END criterion=entropy, max_depth=None, min_samples_leaf=16, min_samples_split=2, splitter=random; total time=   0.5s
[CV] END criterion=entropy, max_depth=None, min_samples_leaf=16, min_samples_split=2, splitter=random; total time=   0.6s
[CV] END criterion=entropy, max_depth=None, min_samples_leaf=16, min_samples_split=2, splitter=random; total time=   0.6s
[CV] END criterion=gini, max_depth=30, min_samples_leaf=4, min_samples_split=10, splitter=best; total time=   5.8s
[CV] END criterion=gini, max_depth=30, min_samples_leaf=4, min_samples_split=10, splitter=best; total time=   5.9s
[CV] END criterion=gini, max_depth=30, min_samples_leaf=4, min_samples_split=10, splitter=best; total time=   5.9s
[CV] END criterion=gini, max_depth=30, min_samples_leaf=1, min_samples_split=20, splitter=best; total time=   5.9s
[CV] END criterion=gini, max_depth=30, min_samples_leaf=1, min_samples_split=20, splitter=best; total time=   5.6s
[CV] END criterion=gini, max_depth=30, min_samples_leaf=1, min_samples_split=20, splitter=best; total time=   5.9s
    │  Best CV F1-weighted : 0.999794
    │  Best params         : {'splitter': 'random', 'min_samples_split': 2, 'min_samples_leaf': 4, 'max_depth': 30, 'criterion': 'entropy'}
    │  Total tuning time   : 133.9s
    └─ Saved: models/binary_seed44_DecisionTree.pkl

  ────────────────────────────────────────────────────────
  Seed 45  |  task=binary
  ────────────────────────────────────────────────────────
  Train: 334,364 samples  |  Test: 143,299 samples

  [10/30] task=binary  seed=45  model=RandomForest

    ┌─ RandomForest [CPU]
    │  Fitting 20 candidates × 3 folds = 60 fits …
Fitting 3 folds for each of 20 candidates, totalling 60 fits
[CV] END max_depth=50, max_features=0.6, min_samples_leaf=1, min_samples_split=15, n_estimators=700; total time= 1.0min
[CV] END max_depth=50, max_features=0.6, min_samples_leaf=1, min_samples_split=15, n_estimators=700; total time= 1.0min
[CV] END max_depth=50, max_features=0.6, min_samples_leaf=1, min_samples_split=15, n_estimators=700; total time= 1.0min
[CV] END max_depth=30, max_features=0.6, min_samples_leaf=8, min_samples_split=10, n_estimators=300; total time=  26.9s
[CV] END max_depth=30, max_features=0.6, min_samples_leaf=8, min_samples_split=10, n_estimators=300; total time=  26.9s
[CV] END max_depth=30, max_features=0.6, min_samples_leaf=8, min_samples_split=10, n_estimators=300; total time=  26.9s
[CV] END max_depth=20, max_features=0.4, min_samples_leaf=2, min_samples_split=15, n_estimators=300; total time=  16.8s
[CV] END max_depth=20, max_features=0.4, min_samples_leaf=2, min_samples_split=15, n_estimators=300; total time=  16.9s
[CV] END max_depth=20, max_features=0.4, min_samples_leaf=2, min_samples_split=15, n_estimators=300; total time=  16.8s
[CV] END max_depth=30, max_features=sqrt, min_samples_leaf=2, min_samples_split=15, n_estimators=200; total time=   3.8s
[CV] END max_depth=30, max_features=sqrt, min_samples_leaf=2, min_samples_split=15, n_estimators=200; total time=   3.9s
[CV] END max_depth=30, max_features=sqrt, min_samples_leaf=2, min_samples_split=15, n_estimators=200; total time=   3.9s
[CV] END max_depth=None, max_features=0.6, min_samples_leaf=16, min_samples_split=5, n_estimators=300; total time=  26.2s
[CV] END max_depth=None, max_features=0.6, min_samples_leaf=16, min_samples_split=5, n_estimators=300; total time=  26.8s
[CV] END max_depth=None, max_features=0.6, min_samples_leaf=16, min_samples_split=5, n_estimators=300; total time=  26.2s
[CV] END max_depth=None, max_features=log2, min_samples_leaf=2, min_samples_split=10, n_estimators=500; total time=   7.6s
[CV] END max_depth=None, max_features=log2, min_samples_leaf=2, min_samples_split=10, n_estimators=500; total time=   7.7s
[CV] END max_depth=None, max_features=log2, min_samples_leaf=2, min_samples_split=10, n_estimators=500; total time=   7.7s
[CV] END max_depth=None, max_features=0.6, min_samples_leaf=8, min_samples_split=5, n_estimators=100; total time=   9.5s
[CV] END max_depth=None, max_features=0.6, min_samples_leaf=8, min_samples_split=5, n_estimators=100; total time=   9.9s
[CV] END max_depth=None, max_features=0.6, min_samples_leaf=8, min_samples_split=5, n_estimators=100; total time=   9.6s
[CV] END max_depth=None, max_features=0.4, min_samples_leaf=1, min_samples_split=2, n_estimators=300; total time=  16.8s
[CV] END max_depth=None, max_features=0.4, min_samples_leaf=1, min_samples_split=2, n_estimators=300; total time=  16.9s
[CV] END max_depth=None, max_features=0.4, min_samples_leaf=1, min_samples_split=2, n_estimators=300; total time=  17.0s
[CV] END max_depth=None, max_features=sqrt, min_samples_leaf=1, min_samples_split=15, n_estimators=100; total time=   2.1s
[CV] END max_depth=None, max_features=sqrt, min_samples_leaf=1, min_samples_split=15, n_estimators=100; total time=   2.2s
[CV] END max_depth=None, max_features=sqrt, min_samples_leaf=1, min_samples_split=15, n_estimators=100; total time=   2.3s
[CV] END max_depth=None, max_features=0.6, min_samples_leaf=8, min_samples_split=2, n_estimators=300; total time=  26.6s
[CV] END max_depth=None, max_features=0.6, min_samples_leaf=8, min_samples_split=2, n_estimators=300; total time=  27.2s
[CV] END max_depth=None, max_features=0.6, min_samples_leaf=8, min_samples_split=2, n_estimators=300; total time=  27.2s
[CV] END max_depth=None, max_features=0.4, min_samples_leaf=1, min_samples_split=20, n_estimators=500; total time=  27.5s
[CV] END max_depth=None, max_features=0.4, min_samples_leaf=1, min_samples_split=20, n_estimators=500; total time=  27.5s
[CV] END max_depth=None, max_features=0.4, min_samples_leaf=1, min_samples_split=20, n_estimators=500; total time=  27.7s
[CV] END max_depth=20, max_features=sqrt, min_samples_leaf=8, min_samples_split=5, n_estimators=500; total time=   8.8s
[CV] END max_depth=20, max_features=sqrt, min_samples_leaf=8, min_samples_split=5, n_estimators=500; total time=   8.8s
[CV] END max_depth=20, max_features=sqrt, min_samples_leaf=8, min_samples_split=5, n_estimators=500; total time=   8.8s
[CV] END max_depth=None, max_features=0.6, min_samples_leaf=4, min_samples_split=15, n_estimators=700; total time= 1.0min
[CV] END max_depth=None, max_features=0.6, min_samples_leaf=4, min_samples_split=15, n_estimators=700; total time= 1.0min
[CV] END max_depth=None, max_features=0.6, min_samples_leaf=4, min_samples_split=15, n_estimators=700; total time= 1.0min
[CV] END max_depth=30, max_features=0.4, min_samples_leaf=4, min_samples_split=10, n_estimators=300; total time=  16.8s
[CV] END max_depth=30, max_features=0.4, min_samples_leaf=4, min_samples_split=10, n_estimators=300; total time=  17.0s
[CV] END max_depth=30, max_features=0.4, min_samples_leaf=4, min_samples_split=10, n_estimators=300; total time=  17.0s
[CV] END max_depth=30, max_features=log2, min_samples_leaf=4, min_samples_split=20, n_estimators=300; total time=   4.7s
[CV] END max_depth=30, max_features=log2, min_samples_leaf=4, min_samples_split=20, n_estimators=300; total time=   4.8s
[CV] END max_depth=30, max_features=log2, min_samples_leaf=4, min_samples_split=20, n_estimators=300; total time=   4.8s
[CV] END max_depth=30, max_features=0.4, min_samples_leaf=4, min_samples_split=15, n_estimators=200; total time=  11.5s
[CV] END max_depth=30, max_features=0.4, min_samples_leaf=4, min_samples_split=15, n_estimators=200; total time=  11.3s
[CV] END max_depth=30, max_features=0.4, min_samples_leaf=4, min_samples_split=15, n_estimators=200; total time=  11.6s
[CV] END max_depth=50, max_features=0.6, min_samples_leaf=8, min_samples_split=10, n_estimators=700; total time= 1.0min
[CV] END max_depth=50, max_features=0.6, min_samples_leaf=8, min_samples_split=10, n_estimators=700; total time= 1.0min
[CV] END max_depth=50, max_features=0.6, min_samples_leaf=8, min_samples_split=10, n_estimators=700; total time= 1.0min
[CV] END max_depth=50, max_features=sqrt, min_samples_leaf=2, min_samples_split=5, n_estimators=700; total time=  12.2s
[CV] END max_depth=50, max_features=sqrt, min_samples_leaf=2, min_samples_split=5, n_estimators=700; total time=  12.3s
[CV] END max_depth=50, max_features=sqrt, min_samples_leaf=2, min_samples_split=5, n_estimators=700; total time=  12.3s
[CV] END max_depth=None, max_features=log2, min_samples_leaf=4, min_samples_split=20, n_estimators=200; total time=   3.3s
[CV] END max_depth=None, max_features=log2, min_samples_leaf=4, min_samples_split=20, n_estimators=200; total time=   3.3s
[CV] END max_depth=None, max_features=log2, min_samples_leaf=4, min_samples_split=20, n_estimators=200; total time=   3.3s
[CV] END max_depth=10, max_features=0.6, min_samples_leaf=1, min_samples_split=5, n_estimators=700; total time=  52.3s
[CV] END max_depth=10, max_features=0.6, min_samples_leaf=1, min_samples_split=5, n_estimators=700; total time=  50.8s
[CV] END max_depth=10, max_features=0.6, min_samples_leaf=1, min_samples_split=5, n_estimators=700; total time=  51.3s
    │  Best CV F1-weighted : 0.999955
    │  Best params         : {'n_estimators': 300, 'min_samples_split': 2, 'min_samples_leaf': 1, 'max_features': 0.4, 'max_depth': None}
    │  Total tuning time   : 1398.4s
    └─ Saved: models/binary_seed45_RandomForest.pkl

  [11/30] task=binary  seed=45  model=XGBoost

    ┌─ XGBoost [GPU]
    │  Fitting 20 candidates × 3 folds = 60 fits …
Fitting 3 folds for each of 20 candidates, totalling 60 fits
[CV] END colsample_bytree=0.8, gamma=0.05, learning_rate=0.05, max_depth=12, n_estimators=400, subsample=0.5; total time=   1.5s
[CV] END colsample_bytree=0.8, gamma=0.05, learning_rate=0.05, max_depth=12, n_estimators=400, subsample=0.5; total time=   1.4s
[CV] END colsample_bytree=0.8, gamma=0.05, learning_rate=0.05, max_depth=12, n_estimators=400, subsample=0.5; total time=   1.4s
[CV] END colsample_bytree=0.8, gamma=0, learning_rate=0.1, max_depth=7, n_estimators=200, subsample=0.9; total time=   0.7s
[CV] END colsample_bytree=0.8, gamma=0, learning_rate=0.1, max_depth=7, n_estimators=200, subsample=0.9; total time=   0.8s
[CV] END colsample_bytree=0.8, gamma=0, learning_rate=0.1, max_depth=7, n_estimators=200, subsample=0.9; total time=   0.8s
[CV] END colsample_bytree=1.0, gamma=0.1, learning_rate=0.05, max_depth=9, n_estimators=200, subsample=0.5; total time=   0.9s
[CV] END colsample_bytree=1.0, gamma=0.1, learning_rate=0.05, max_depth=9, n_estimators=200, subsample=0.5; total time=   0.9s
[CV] END colsample_bytree=1.0, gamma=0.1, learning_rate=0.05, max_depth=9, n_estimators=200, subsample=0.5; total time=   0.9s
[CV] END colsample_bytree=0.6, gamma=1.0, learning_rate=0.2, max_depth=3, n_estimators=300, subsample=0.8; total time=   0.6s
[CV] END colsample_bytree=0.6, gamma=1.0, learning_rate=0.2, max_depth=3, n_estimators=300, subsample=0.8; total time=   0.6s
[CV] END colsample_bytree=0.6, gamma=1.0, learning_rate=0.2, max_depth=3, n_estimators=300, subsample=0.8; total time=   0.7s
[CV] END colsample_bytree=0.9, gamma=0.5, learning_rate=0.3, max_depth=7, n_estimators=200, subsample=0.9; total time=   0.5s
[CV] END colsample_bytree=0.9, gamma=0.5, learning_rate=0.3, max_depth=7, n_estimators=200, subsample=0.9; total time=   0.5s
[CV] END colsample_bytree=0.9, gamma=0.5, learning_rate=0.3, max_depth=7, n_estimators=200, subsample=0.9; total time=   0.5s
[CV] END colsample_bytree=1.0, gamma=0, learning_rate=0.2, max_depth=3, n_estimators=500, subsample=0.5; total time=   1.1s
[CV] END colsample_bytree=1.0, gamma=0, learning_rate=0.2, max_depth=3, n_estimators=500, subsample=0.5; total time=   1.2s
[CV] END colsample_bytree=1.0, gamma=0, learning_rate=0.2, max_depth=3, n_estimators=500, subsample=0.5; total time=   1.2s
[CV] END colsample_bytree=0.5, gamma=0, learning_rate=0.05, max_depth=5, n_estimators=300, subsample=0.9; total time=   1.0s
[CV] END colsample_bytree=0.5, gamma=0, learning_rate=0.05, max_depth=5, n_estimators=300, subsample=0.9; total time=   1.0s
[CV] END colsample_bytree=0.5, gamma=0, learning_rate=0.05, max_depth=5, n_estimators=300, subsample=0.9; total time=   1.0s
[CV] END colsample_bytree=0.8, gamma=1.0, learning_rate=0.01, max_depth=3, n_estimators=500, subsample=0.8; total time=   1.3s
[CV] END colsample_bytree=0.8, gamma=1.0, learning_rate=0.01, max_depth=3, n_estimators=500, subsample=0.8; total time=   1.3s
[CV] END colsample_bytree=0.8, gamma=1.0, learning_rate=0.01, max_depth=3, n_estimators=500, subsample=0.8; total time=   1.3s
[CV] END colsample_bytree=1.0, gamma=0, learning_rate=0.05, max_depth=5, n_estimators=400, subsample=0.5; total time=   1.2s
[CV] END colsample_bytree=1.0, gamma=0, learning_rate=0.05, max_depth=5, n_estimators=400, subsample=0.5; total time=   1.3s
[CV] END colsample_bytree=1.0, gamma=0, learning_rate=0.05, max_depth=5, n_estimators=400, subsample=0.5; total time=   1.3s
[CV] END colsample_bytree=0.6, gamma=0, learning_rate=0.3, max_depth=9, n_estimators=100, subsample=1.0; total time=   0.5s
[CV] END colsample_bytree=0.6, gamma=0, learning_rate=0.3, max_depth=9, n_estimators=100, subsample=1.0; total time=   0.5s
[CV] END colsample_bytree=0.6, gamma=0, learning_rate=0.3, max_depth=9, n_estimators=100, subsample=1.0; total time=   0.5s
[CV] END colsample_bytree=0.9, gamma=1.0, learning_rate=0.2, max_depth=7, n_estimators=100, subsample=0.9; total time=   0.4s
[CV] END colsample_bytree=0.9, gamma=1.0, learning_rate=0.2, max_depth=7, n_estimators=100, subsample=0.9; total time=   0.4s
[CV] END colsample_bytree=0.9, gamma=1.0, learning_rate=0.2, max_depth=7, n_estimators=100, subsample=0.9; total time=   0.4s
[CV] END colsample_bytree=0.5, gamma=0, learning_rate=0.3, max_depth=9, n_estimators=100, subsample=0.8; total time=   0.5s
[CV] END colsample_bytree=0.5, gamma=0, learning_rate=0.3, max_depth=9, n_estimators=100, subsample=0.8; total time=   0.5s
[CV] END colsample_bytree=0.5, gamma=0, learning_rate=0.3, max_depth=9, n_estimators=100, subsample=0.8; total time=   0.5s
[CV] END colsample_bytree=0.8, gamma=0.5, learning_rate=0.2, max_depth=9, n_estimators=400, subsample=0.5; total time=   0.9s
[CV] END colsample_bytree=0.8, gamma=0.5, learning_rate=0.2, max_depth=9, n_estimators=400, subsample=0.5; total time=   0.9s
[CV] END colsample_bytree=0.8, gamma=0.5, learning_rate=0.2, max_depth=9, n_estimators=400, subsample=0.5; total time=   0.9s
[CV] END colsample_bytree=1.0, gamma=0.05, learning_rate=0.2, max_depth=12, n_estimators=500, subsample=0.6; total time=   1.2s
[CV] END colsample_bytree=1.0, gamma=0.05, learning_rate=0.2, max_depth=12, n_estimators=500, subsample=0.6; total time=   1.2s
[CV] END colsample_bytree=1.0, gamma=0.05, learning_rate=0.2, max_depth=12, n_estimators=500, subsample=0.6; total time=   1.2s
[CV] END colsample_bytree=1.0, gamma=0, learning_rate=0.1, max_depth=12, n_estimators=200, subsample=0.8; total time=   0.9s
[CV] END colsample_bytree=1.0, gamma=0, learning_rate=0.1, max_depth=12, n_estimators=200, subsample=0.8; total time=   0.8s
[CV] END colsample_bytree=1.0, gamma=0, learning_rate=0.1, max_depth=12, n_estimators=200, subsample=0.8; total time=   0.8s
[CV] END colsample_bytree=0.8, gamma=0.1, learning_rate=0.3, max_depth=7, n_estimators=100, subsample=1.0; total time=   0.4s
[CV] END colsample_bytree=0.8, gamma=0.1, learning_rate=0.3, max_depth=7, n_estimators=100, subsample=1.0; total time=   0.4s
[CV] END colsample_bytree=0.8, gamma=0.1, learning_rate=0.3, max_depth=7, n_estimators=100, subsample=1.0; total time=   0.4s
[CV] END colsample_bytree=1.0, gamma=1.0, learning_rate=0.3, max_depth=9, n_estimators=100, subsample=0.5; total time=   0.4s
[CV] END colsample_bytree=1.0, gamma=1.0, learning_rate=0.3, max_depth=9, n_estimators=100, subsample=0.5; total time=   0.4s
[CV] END colsample_bytree=1.0, gamma=1.0, learning_rate=0.3, max_depth=9, n_estimators=100, subsample=0.5; total time=   0.4s
[CV] END colsample_bytree=1.0, gamma=0.5, learning_rate=0.05, max_depth=12, n_estimators=100, subsample=0.5; total time=   0.6s
[CV] END colsample_bytree=1.0, gamma=0.5, learning_rate=0.05, max_depth=12, n_estimators=100, subsample=0.5; total time=   0.6s
[CV] END colsample_bytree=1.0, gamma=0.5, learning_rate=0.05, max_depth=12, n_estimators=100, subsample=0.5; total time=   0.6s
[CV] END colsample_bytree=0.8, gamma=0.05, learning_rate=0.2, max_depth=9, n_estimators=500, subsample=1.0; total time=   1.0s
[CV] END colsample_bytree=0.8, gamma=0.05, learning_rate=0.2, max_depth=9, n_estimators=500, subsample=1.0; total time=   1.0s
[CV] END colsample_bytree=0.8, gamma=0.05, learning_rate=0.2, max_depth=9, n_estimators=500, subsample=1.0; total time=   1.0s
[CV] END colsample_bytree=0.9, gamma=1.0, learning_rate=0.1, max_depth=7, n_estimators=400, subsample=1.0; total time=   0.9s
[CV] END colsample_bytree=0.9, gamma=1.0, learning_rate=0.1, max_depth=7, n_estimators=400, subsample=1.0; total time=   0.9s
[CV] END colsample_bytree=0.9, gamma=1.0, learning_rate=0.1, max_depth=7, n_estimators=400, subsample=1.0; total time=   0.9s
    │  Best CV F1-weighted : 0.999967
    │  Best params         : {'subsample': 0.9, 'n_estimators': 200, 'max_depth': 7, 'learning_rate': 0.1, 'gamma': 0, 'colsample_bytree': 0.8}
    │  Total tuning time   : 50.9s
    └─ Saved: models/binary_seed45_XGBoost.pkl

  [12/30] task=binary  seed=45  model=DecisionTree

    ┌─ DecisionTree [CPU]
    │  Fitting 20 candidates × 3 folds = 60 fits …
Fitting 3 folds for each of 20 candidates, totalling 60 fits
[CV] END criterion=gini, max_depth=30, min_samples_leaf=1, min_samples_split=10, splitter=best; total time=   5.5s
[CV] END criterion=gini, max_depth=30, min_samples_leaf=1, min_samples_split=10, splitter=best; total time=   5.2s
[CV] END criterion=gini, max_depth=30, min_samples_leaf=1, min_samples_split=10, splitter=best; total time=   6.0s
[CV] END criterion=entropy, max_depth=30, min_samples_leaf=8, min_samples_split=2, splitter=random; total time=   0.5s
[CV] END criterion=entropy, max_depth=30, min_samples_leaf=8, min_samples_split=2, splitter=random; total time=   0.5s
[CV] END criterion=entropy, max_depth=30, min_samples_leaf=8, min_samples_split=2, splitter=random; total time=   0.5s
[CV] END criterion=entropy, max_depth=None, min_samples_leaf=16, min_samples_split=20, splitter=best; total time=   3.5s
[CV] END criterion=entropy, max_depth=None, min_samples_leaf=16, min_samples_split=20, splitter=best; total time=   3.5s
[CV] END criterion=entropy, max_depth=None, min_samples_leaf=16, min_samples_split=20, splitter=best; total time=   3.3s
[CV] END criterion=gini, max_depth=None, min_samples_leaf=8, min_samples_split=50, splitter=best; total time=   5.4s
[CV] END criterion=gini, max_depth=None, min_samples_leaf=8, min_samples_split=50, splitter=best; total time=   5.0s
[CV] END criterion=gini, max_depth=None, min_samples_leaf=8, min_samples_split=50, splitter=best; total time=   6.2s
[CV] END criterion=entropy, max_depth=None, min_samples_leaf=16, min_samples_split=50, splitter=best; total time=   3.5s
[CV] END criterion=entropy, max_depth=None, min_samples_leaf=16, min_samples_split=50, splitter=best; total time=   3.5s
[CV] END criterion=entropy, max_depth=None, min_samples_leaf=16, min_samples_split=50, splitter=best; total time=   3.4s
[CV] END criterion=gini, max_depth=5, min_samples_leaf=2, min_samples_split=2, splitter=random; total time=   0.4s
[CV] END criterion=gini, max_depth=5, min_samples_leaf=2, min_samples_split=2, splitter=random; total time=   0.4s
[CV] END criterion=gini, max_depth=5, min_samples_leaf=2, min_samples_split=2, splitter=random; total time=   0.4s
[CV] END criterion=entropy, max_depth=10, min_samples_leaf=4, min_samples_split=2, splitter=random; total time=   0.5s
[CV] END criterion=entropy, max_depth=10, min_samples_leaf=4, min_samples_split=2, splitter=random; total time=   0.5s
[CV] END criterion=entropy, max_depth=10, min_samples_leaf=4, min_samples_split=2, splitter=random; total time=   0.5s
[CV] END criterion=entropy, max_depth=10, min_samples_leaf=2, min_samples_split=2, splitter=best; total time=   3.8s
[CV] END criterion=entropy, max_depth=10, min_samples_leaf=2, min_samples_split=2, splitter=best; total time=   3.7s
[CV] END criterion=entropy, max_depth=10, min_samples_leaf=2, min_samples_split=2, splitter=best; total time=   3.5s
[CV] END criterion=entropy, max_depth=20, min_samples_leaf=2, min_samples_split=5, splitter=random; total time=   0.5s
[CV] END criterion=entropy, max_depth=20, min_samples_leaf=2, min_samples_split=5, splitter=random; total time=   0.6s
[CV] END criterion=entropy, max_depth=20, min_samples_leaf=2, min_samples_split=5, splitter=random; total time=   0.5s
[CV] END criterion=gini, max_depth=5, min_samples_leaf=2, min_samples_split=10, splitter=best; total time=   2.5s
[CV] END criterion=gini, max_depth=5, min_samples_leaf=2, min_samples_split=10, splitter=best; total time=   2.4s
[CV] END criterion=gini, max_depth=5, min_samples_leaf=2, min_samples_split=10, splitter=best; total time=   2.5s
[CV] END criterion=entropy, max_depth=None, min_samples_leaf=8, min_samples_split=2, splitter=random; total time=   0.5s
[CV] END criterion=entropy, max_depth=None, min_samples_leaf=8, min_samples_split=2, splitter=random; total time=   0.5s
[CV] END criterion=entropy, max_depth=None, min_samples_leaf=8, min_samples_split=2, splitter=random; total time=   0.5s
[CV] END criterion=gini, max_depth=30, min_samples_leaf=1, min_samples_split=5, splitter=best; total time=   5.5s
[CV] END criterion=gini, max_depth=30, min_samples_leaf=1, min_samples_split=5, splitter=best; total time=   5.2s
[CV] END criterion=gini, max_depth=30, min_samples_leaf=1, min_samples_split=5, splitter=best; total time=   5.8s
[CV] END criterion=gini, max_depth=10, min_samples_leaf=1, min_samples_split=5, splitter=best; total time=   4.2s
[CV] END criterion=gini, max_depth=10, min_samples_leaf=1, min_samples_split=5, splitter=best; total time=   4.1s
[CV] END criterion=gini, max_depth=10, min_samples_leaf=1, min_samples_split=5, splitter=best; total time=   4.2s
[CV] END criterion=gini, max_depth=30, min_samples_leaf=2, min_samples_split=5, splitter=best; total time=   5.6s
[CV] END criterion=gini, max_depth=30, min_samples_leaf=2, min_samples_split=5, splitter=best; total time=   5.1s
[CV] END criterion=gini, max_depth=30, min_samples_leaf=2, min_samples_split=5, splitter=best; total time=   6.0s
[CV] END criterion=gini, max_depth=30, min_samples_leaf=1, min_samples_split=20, splitter=best; total time=   5.9s
[CV] END criterion=gini, max_depth=30, min_samples_leaf=1, min_samples_split=20, splitter=best; total time=   5.5s
[CV] END criterion=gini, max_depth=30, min_samples_leaf=1, min_samples_split=20, splitter=best; total time=   6.1s
[CV] END criterion=entropy, max_depth=None, min_samples_leaf=4, min_samples_split=2, splitter=random; total time=   0.7s
[CV] END criterion=entropy, max_depth=None, min_samples_leaf=4, min_samples_split=2, splitter=random; total time=   0.5s
[CV] END criterion=entropy, max_depth=None, min_samples_leaf=4, min_samples_split=2, splitter=random; total time=   0.5s
[CV] END criterion=entropy, max_depth=30, min_samples_leaf=1, min_samples_split=2, splitter=random; total time=   0.7s
[CV] END criterion=entropy, max_depth=30, min_samples_leaf=1, min_samples_split=2, splitter=random; total time=   0.7s
[CV] END criterion=entropy, max_depth=30, min_samples_leaf=1, min_samples_split=2, splitter=random; total time=   0.5s
[CV] END criterion=entropy, max_depth=30, min_samples_leaf=1, min_samples_split=5, splitter=random; total time=   0.6s
[CV] END criterion=entropy, max_depth=30, min_samples_leaf=1, min_samples_split=5, splitter=random; total time=   0.7s
[CV] END criterion=entropy, max_depth=30, min_samples_leaf=1, min_samples_split=5, splitter=random; total time=   0.5s
[CV] END criterion=gini, max_depth=5, min_samples_leaf=1, min_samples_split=2, splitter=best; total time=   2.5s
[CV] END criterion=gini, max_depth=5, min_samples_leaf=1, min_samples_split=2, splitter=best; total time=   2.7s
[CV] END criterion=gini, max_depth=5, min_samples_leaf=1, min_samples_split=2, splitter=best; total time=   2.7s
[CV] END criterion=gini, max_depth=5, min_samples_leaf=16, min_samples_split=50, splitter=random; total time=   0.5s
[CV] END criterion=gini, max_depth=5, min_samples_leaf=16, min_samples_split=50, splitter=random; total time=   0.4s
[CV] END criterion=gini, max_depth=5, min_samples_leaf=16, min_samples_split=50, splitter=random; total time=   0.4s
    │  Best CV F1-weighted : 0.999868
    │  Best params         : {'splitter': 'random', 'min_samples_split': 5, 'min_samples_leaf': 1, 'max_depth': 30, 'criterion': 'entropy'}
    │  Total tuning time   : 158.3s
    └─ Saved: models/binary_seed45_DecisionTree.pkl

  ────────────────────────────────────────────────────────
  Seed 46  |  task=binary
  ────────────────────────────────────────────────────────
  Train: 334,364 samples  |  Test: 143,299 samples

  [13/30] task=binary  seed=46  model=RandomForest

    ┌─ RandomForest [CPU]
    │  Fitting 20 candidates × 3 folds = 60 fits …
Fitting 3 folds for each of 20 candidates, totalling 60 fits
[CV] END max_depth=50, max_features=0.4, min_samples_leaf=1, min_samples_split=10, n_estimators=100; total time=   6.0s
[CV] END max_depth=50, max_features=0.4, min_samples_leaf=1, min_samples_split=10, n_estimators=100; total time=   6.2s
[CV] END max_depth=50, max_features=0.4, min_samples_leaf=1, min_samples_split=10, n_estimators=100; total time=   6.1s
[CV] END max_depth=20, max_features=0.2, min_samples_leaf=8, min_samples_split=2, n_estimators=200; total time=   5.6s
[CV] END max_depth=20, max_features=0.2, min_samples_leaf=8, min_samples_split=2, n_estimators=200; total time=   5.8s
[CV] END max_depth=20, max_features=0.2, min_samples_leaf=8, min_samples_split=2, n_estimators=200; total time=   5.8s
[CV] END max_depth=30, max_features=0.6, min_samples_leaf=16, min_samples_split=15, n_estimators=100; total time=   9.1s
[CV] END max_depth=30, max_features=0.6, min_samples_leaf=16, min_samples_split=15, n_estimators=100; total time=   9.6s
[CV] END max_depth=30, max_features=0.6, min_samples_leaf=16, min_samples_split=15, n_estimators=100; total time=   9.1s
[CV] END max_depth=30, max_features=0.6, min_samples_leaf=8, min_samples_split=2, n_estimators=200; total time=  17.8s
[CV] END max_depth=30, max_features=0.6, min_samples_leaf=8, min_samples_split=2, n_estimators=200; total time=  18.0s
[CV] END max_depth=30, max_features=0.6, min_samples_leaf=8, min_samples_split=2, n_estimators=200; total time=  17.7s
[CV] END max_depth=10, max_features=sqrt, min_samples_leaf=2, min_samples_split=5, n_estimators=500; total time=   8.5s
[CV] END max_depth=10, max_features=sqrt, min_samples_leaf=2, min_samples_split=5, n_estimators=500; total time=   8.5s
[CV] END max_depth=10, max_features=sqrt, min_samples_leaf=2, min_samples_split=5, n_estimators=500; total time=   8.4s
[CV] END max_depth=20, max_features=sqrt, min_samples_leaf=8, min_samples_split=15, n_estimators=100; total time=   2.1s
[CV] END max_depth=20, max_features=sqrt, min_samples_leaf=8, min_samples_split=15, n_estimators=100; total time=   2.1s
[CV] END max_depth=20, max_features=sqrt, min_samples_leaf=8, min_samples_split=15, n_estimators=100; total time=   2.2s
[CV] END max_depth=30, max_features=0.6, min_samples_leaf=8, min_samples_split=5, n_estimators=700; total time=  57.9s
[CV] END max_depth=30, max_features=0.6, min_samples_leaf=8, min_samples_split=5, n_estimators=700; total time=  59.3s
[CV] END max_depth=30, max_features=0.6, min_samples_leaf=8, min_samples_split=5, n_estimators=700; total time=  58.9s
[CV] END max_depth=50, max_features=0.6, min_samples_leaf=1, min_samples_split=20, n_estimators=700; total time=  57.8s
[CV] END max_depth=50, max_features=0.6, min_samples_leaf=1, min_samples_split=20, n_estimators=700; total time=  59.2s
[CV] END max_depth=50, max_features=0.6, min_samples_leaf=1, min_samples_split=20, n_estimators=700; total time=  59.0s
[CV] END max_depth=50, max_features=0.2, min_samples_leaf=2, min_samples_split=20, n_estimators=100; total time=   3.0s
[CV] END max_depth=50, max_features=0.2, min_samples_leaf=2, min_samples_split=20, n_estimators=100; total time=   3.1s
[CV] END max_depth=50, max_features=0.2, min_samples_leaf=2, min_samples_split=20, n_estimators=100; total time=   3.2s
[CV] END max_depth=50, max_features=log2, min_samples_leaf=4, min_samples_split=15, n_estimators=100; total time=   1.9s
[CV] END max_depth=50, max_features=log2, min_samples_leaf=4, min_samples_split=15, n_estimators=100; total time=   1.8s
[CV] END max_depth=50, max_features=log2, min_samples_leaf=4, min_samples_split=15, n_estimators=100; total time=   1.9s
[CV] END max_depth=None, max_features=0.6, min_samples_leaf=2, min_samples_split=15, n_estimators=700; total time=  57.7s
[CV] END max_depth=None, max_features=0.6, min_samples_leaf=2, min_samples_split=15, n_estimators=700; total time=  59.0s
[CV] END max_depth=None, max_features=0.6, min_samples_leaf=2, min_samples_split=15, n_estimators=700; total time=  58.2s
[CV] END max_depth=50, max_features=0.2, min_samples_leaf=8, min_samples_split=20, n_estimators=300; total time=   8.1s
[CV] END max_depth=50, max_features=0.2, min_samples_leaf=8, min_samples_split=20, n_estimators=300; total time=   8.0s
[CV] END max_depth=50, max_features=0.2, min_samples_leaf=8, min_samples_split=20, n_estimators=300; total time=   8.1s
[CV] END max_depth=10, max_features=log2, min_samples_leaf=4, min_samples_split=20, n_estimators=500; total time=   7.4s
[CV] END max_depth=10, max_features=log2, min_samples_leaf=4, min_samples_split=20, n_estimators=500; total time=   7.3s
[CV] END max_depth=10, max_features=log2, min_samples_leaf=4, min_samples_split=20, n_estimators=500; total time=   7.4s
[CV] END max_depth=10, max_features=log2, min_samples_leaf=2, min_samples_split=15, n_estimators=100; total time=   1.8s
[CV] END max_depth=10, max_features=log2, min_samples_leaf=2, min_samples_split=15, n_estimators=100; total time=   1.8s
[CV] END max_depth=10, max_features=log2, min_samples_leaf=2, min_samples_split=15, n_estimators=100; total time=   1.9s
[CV] END max_depth=None, max_features=0.6, min_samples_leaf=16, min_samples_split=10, n_estimators=100; total time=   8.8s
[CV] END max_depth=None, max_features=0.6, min_samples_leaf=16, min_samples_split=10, n_estimators=100; total time=   9.4s
[CV] END max_depth=None, max_features=0.6, min_samples_leaf=16, min_samples_split=10, n_estimators=100; total time=   9.4s
[CV] END max_depth=None, max_features=0.2, min_samples_leaf=8, min_samples_split=10, n_estimators=100; total time=   3.0s
[CV] END max_depth=None, max_features=0.2, min_samples_leaf=8, min_samples_split=10, n_estimators=100; total time=   3.1s
[CV] END max_depth=None, max_features=0.2, min_samples_leaf=8, min_samples_split=10, n_estimators=100; total time=   3.0s
[CV] END max_depth=20, max_features=0.6, min_samples_leaf=4, min_samples_split=20, n_estimators=300; total time=  25.4s
[CV] END max_depth=20, max_features=0.6, min_samples_leaf=4, min_samples_split=20, n_estimators=300; total time=  26.4s
[CV] END max_depth=20, max_features=0.6, min_samples_leaf=4, min_samples_split=20, n_estimators=300; total time=  25.9s
[CV] END max_depth=10, max_features=sqrt, min_samples_leaf=1, min_samples_split=15, n_estimators=300; total time=   5.3s
[CV] END max_depth=10, max_features=sqrt, min_samples_leaf=1, min_samples_split=15, n_estimators=300; total time=   5.3s
[CV] END max_depth=10, max_features=sqrt, min_samples_leaf=1, min_samples_split=15, n_estimators=300; total time=   5.3s
[CV] END max_depth=50, max_features=log2, min_samples_leaf=2, min_samples_split=20, n_estimators=700; total time=  10.7s
[CV] END max_depth=50, max_features=log2, min_samples_leaf=2, min_samples_split=20, n_estimators=700; total time=  10.8s
[CV] END max_depth=50, max_features=log2, min_samples_leaf=2, min_samples_split=20, n_estimators=700; total time=  10.9s
[CV] END max_depth=50, max_features=0.6, min_samples_leaf=1, min_samples_split=15, n_estimators=200; total time=  17.7s
[CV] END max_depth=50, max_features=0.6, min_samples_leaf=1, min_samples_split=15, n_estimators=200; total time=  18.0s
[CV] END max_depth=50, max_features=0.6, min_samples_leaf=1, min_samples_split=15, n_estimators=200; total time=  17.9s
    │  Best CV F1-weighted : 0.999979
    │  Best params         : {'n_estimators': 100, 'min_samples_split': 10, 'min_samples_leaf': 1, 'max_features': 0.4, 'max_depth': 50}
    │  Total tuning time   : 969.0s
    └─ Saved: models/binary_seed46_RandomForest.pkl

  [14/30] task=binary  seed=46  model=XGBoost

    ┌─ XGBoost [GPU]
    │  Fitting 20 candidates × 3 folds = 60 fits …
Fitting 3 folds for each of 20 candidates, totalling 60 fits
[CV] END colsample_bytree=1.0, gamma=1.0, learning_rate=0.3, max_depth=5, n_estimators=500, subsample=1.0; total time=   1.0s
[CV] END colsample_bytree=1.0, gamma=1.0, learning_rate=0.3, max_depth=5, n_estimators=500, subsample=1.0; total time=   0.8s
[CV] END colsample_bytree=1.0, gamma=1.0, learning_rate=0.3, max_depth=5, n_estimators=500, subsample=1.0; total time=   0.9s
[CV] END colsample_bytree=0.8, gamma=0.05, learning_rate=0.01, max_depth=12, n_estimators=200, subsample=0.6; total time=   1.1s
[CV] END colsample_bytree=0.8, gamma=0.05, learning_rate=0.01, max_depth=12, n_estimators=200, subsample=0.6; total time=   1.1s
[CV] END colsample_bytree=0.8, gamma=0.05, learning_rate=0.01, max_depth=12, n_estimators=200, subsample=0.6; total time=   1.1s
[CV] END colsample_bytree=1.0, gamma=0.1, learning_rate=0.01, max_depth=12, n_estimators=300, subsample=1.0; total time=   1.7s
[CV] END colsample_bytree=1.0, gamma=0.1, learning_rate=0.01, max_depth=12, n_estimators=300, subsample=1.0; total time=   1.7s
[CV] END colsample_bytree=1.0, gamma=0.1, learning_rate=0.01, max_depth=12, n_estimators=300, subsample=1.0; total time=   1.6s
[CV] END colsample_bytree=0.8, gamma=0.1, learning_rate=0.01, max_depth=5, n_estimators=400, subsample=0.5; total time=   1.3s
[CV] END colsample_bytree=0.8, gamma=0.1, learning_rate=0.01, max_depth=5, n_estimators=400, subsample=0.5; total time=   1.3s
[CV] END colsample_bytree=0.8, gamma=0.1, learning_rate=0.01, max_depth=5, n_estimators=400, subsample=0.5; total time=   1.3s
[CV] END colsample_bytree=0.5, gamma=0.5, learning_rate=0.3, max_depth=12, n_estimators=400, subsample=0.5; total time=   0.8s
[CV] END colsample_bytree=0.5, gamma=0.5, learning_rate=0.3, max_depth=12, n_estimators=400, subsample=0.5; total time=   0.8s
[CV] END colsample_bytree=0.5, gamma=0.5, learning_rate=0.3, max_depth=12, n_estimators=400, subsample=0.5; total time=   0.9s
[CV] END colsample_bytree=0.5, gamma=0.5, learning_rate=0.3, max_depth=9, n_estimators=100, subsample=0.6; total time=   0.4s
[CV] END colsample_bytree=0.5, gamma=0.5, learning_rate=0.3, max_depth=9, n_estimators=100, subsample=0.6; total time=   0.4s
[CV] END colsample_bytree=0.5, gamma=0.5, learning_rate=0.3, max_depth=9, n_estimators=100, subsample=0.6; total time=   0.4s
[CV] END colsample_bytree=0.5, gamma=0.05, learning_rate=0.01, max_depth=5, n_estimators=200, subsample=0.9; total time=   0.8s
[CV] END colsample_bytree=0.5, gamma=0.05, learning_rate=0.01, max_depth=5, n_estimators=200, subsample=0.9; total time=   0.7s
[CV] END colsample_bytree=0.5, gamma=0.05, learning_rate=0.01, max_depth=5, n_estimators=200, subsample=0.9; total time=   0.8s
[CV] END colsample_bytree=0.6, gamma=0.05, learning_rate=0.01, max_depth=5, n_estimators=300, subsample=0.8; total time=   1.0s
[CV] END colsample_bytree=0.6, gamma=0.05, learning_rate=0.01, max_depth=5, n_estimators=300, subsample=0.8; total time=   1.0s
[CV] END colsample_bytree=0.6, gamma=0.05, learning_rate=0.01, max_depth=5, n_estimators=300, subsample=0.8; total time=   1.0s
[CV] END colsample_bytree=0.6, gamma=0.05, learning_rate=0.05, max_depth=7, n_estimators=200, subsample=0.9; total time=   0.8s
[CV] END colsample_bytree=0.6, gamma=0.05, learning_rate=0.05, max_depth=7, n_estimators=200, subsample=0.9; total time=   0.8s
[CV] END colsample_bytree=0.6, gamma=0.05, learning_rate=0.05, max_depth=7, n_estimators=200, subsample=0.9; total time=   0.9s
[CV] END colsample_bytree=0.6, gamma=0.5, learning_rate=0.2, max_depth=7, n_estimators=300, subsample=0.6; total time=   0.7s
[CV] END colsample_bytree=0.6, gamma=0.5, learning_rate=0.2, max_depth=7, n_estimators=300, subsample=0.6; total time=   0.7s
[CV] END colsample_bytree=0.6, gamma=0.5, learning_rate=0.2, max_depth=7, n_estimators=300, subsample=0.6; total time=   0.7s
[CV] END colsample_bytree=0.5, gamma=0.5, learning_rate=0.3, max_depth=9, n_estimators=200, subsample=1.0; total time=   0.5s
[CV] END colsample_bytree=0.5, gamma=0.5, learning_rate=0.3, max_depth=9, n_estimators=200, subsample=1.0; total time=   0.5s
[CV] END colsample_bytree=0.5, gamma=0.5, learning_rate=0.3, max_depth=9, n_estimators=200, subsample=1.0; total time=   0.5s
[CV] END colsample_bytree=0.8, gamma=0.05, learning_rate=0.05, max_depth=12, n_estimators=500, subsample=0.5; total time=   1.6s
[CV] END colsample_bytree=0.8, gamma=0.05, learning_rate=0.05, max_depth=12, n_estimators=500, subsample=0.5; total time=   1.6s
[CV] END colsample_bytree=0.8, gamma=0.05, learning_rate=0.05, max_depth=12, n_estimators=500, subsample=0.5; total time=   1.6s
[CV] END colsample_bytree=1.0, gamma=1.0, learning_rate=0.01, max_depth=9, n_estimators=200, subsample=0.9; total time=   1.0s
[CV] END colsample_bytree=1.0, gamma=1.0, learning_rate=0.01, max_depth=9, n_estimators=200, subsample=0.9; total time=   1.0s
[CV] END colsample_bytree=1.0, gamma=1.0, learning_rate=0.01, max_depth=9, n_estimators=200, subsample=0.9; total time=   1.0s
[CV] END colsample_bytree=0.9, gamma=0.1, learning_rate=0.1, max_depth=3, n_estimators=200, subsample=0.8; total time=   0.6s
[CV] END colsample_bytree=0.9, gamma=0.1, learning_rate=0.1, max_depth=3, n_estimators=200, subsample=0.8; total time=   0.6s
[CV] END colsample_bytree=0.9, gamma=0.1, learning_rate=0.1, max_depth=3, n_estimators=200, subsample=0.8; total time=   0.6s
[CV] END colsample_bytree=0.9, gamma=0.5, learning_rate=0.01, max_depth=9, n_estimators=300, subsample=0.6; total time=   1.4s
[CV] END colsample_bytree=0.9, gamma=0.5, learning_rate=0.01, max_depth=9, n_estimators=300, subsample=0.6; total time=   1.4s
[CV] END colsample_bytree=0.9, gamma=0.5, learning_rate=0.01, max_depth=9, n_estimators=300, subsample=0.6; total time=   1.4s
[CV] END colsample_bytree=0.5, gamma=0, learning_rate=0.3, max_depth=5, n_estimators=400, subsample=1.0; total time=   1.0s
[CV] END colsample_bytree=0.5, gamma=0, learning_rate=0.3, max_depth=5, n_estimators=400, subsample=1.0; total time=   1.0s
[CV] END colsample_bytree=0.5, gamma=0, learning_rate=0.3, max_depth=5, n_estimators=400, subsample=1.0; total time=   1.0s
[CV] END colsample_bytree=0.9, gamma=0.1, learning_rate=0.2, max_depth=5, n_estimators=300, subsample=1.0; total time=   0.7s
[CV] END colsample_bytree=0.9, gamma=0.1, learning_rate=0.2, max_depth=5, n_estimators=300, subsample=1.0; total time=   0.7s
[CV] END colsample_bytree=0.9, gamma=0.1, learning_rate=0.2, max_depth=5, n_estimators=300, subsample=1.0; total time=   0.7s
[CV] END colsample_bytree=1.0, gamma=0, learning_rate=0.3, max_depth=12, n_estimators=300, subsample=0.6; total time=   0.8s
[CV] END colsample_bytree=1.0, gamma=0, learning_rate=0.3, max_depth=12, n_estimators=300, subsample=0.6; total time=   0.8s
[CV] END colsample_bytree=1.0, gamma=0, learning_rate=0.3, max_depth=12, n_estimators=300, subsample=0.6; total time=   0.8s
[CV] END colsample_bytree=0.8, gamma=1.0, learning_rate=0.05, max_depth=12, n_estimators=200, subsample=0.8; total time=   0.9s
[CV] END colsample_bytree=0.8, gamma=1.0, learning_rate=0.05, max_depth=12, n_estimators=200, subsample=0.8; total time=   0.9s
[CV] END colsample_bytree=0.8, gamma=1.0, learning_rate=0.05, max_depth=12, n_estimators=200, subsample=0.8; total time=   0.9s
[CV] END colsample_bytree=0.8, gamma=1.0, learning_rate=0.01, max_depth=7, n_estimators=100, subsample=0.8; total time=   0.5s
[CV] END colsample_bytree=0.8, gamma=1.0, learning_rate=0.01, max_depth=7, n_estimators=100, subsample=0.8; total time=   0.5s
[CV] END colsample_bytree=0.8, gamma=1.0, learning_rate=0.01, max_depth=7, n_estimators=100, subsample=0.8; total time=   0.5s
    │  Best CV F1-weighted : 0.999988
    │  Best params         : {'subsample': 1.0, 'n_estimators': 200, 'max_depth': 9, 'learning_rate': 0.3, 'gamma': 0.5, 'colsample_bytree': 0.5}
    │  Total tuning time   : 56.7s
    └─ Saved: models/binary_seed46_XGBoost.pkl

  [15/30] task=binary  seed=46  model=DecisionTree

    ┌─ DecisionTree [CPU]
    │  Fitting 20 candidates × 3 folds = 60 fits …
Fitting 3 folds for each of 20 candidates, totalling 60 fits
[CV] END criterion=gini, max_depth=20, min_samples_leaf=1, min_samples_split=5, splitter=random; total time=   0.7s
[CV] END criterion=gini, max_depth=20, min_samples_leaf=1, min_samples_split=5, splitter=random; total time=   0.8s
[CV] END criterion=gini, max_depth=20, min_samples_leaf=1, min_samples_split=5, splitter=random; total time=   0.6s
[CV] END criterion=gini, max_depth=30, min_samples_leaf=4, min_samples_split=10, splitter=best; total time=   5.4s
[CV] END criterion=gini, max_depth=30, min_samples_leaf=4, min_samples_split=10, splitter=best; total time=   5.0s
[CV] END criterion=gini, max_depth=30, min_samples_leaf=4, min_samples_split=10, splitter=best; total time=   5.5s
[CV] END criterion=gini, max_depth=10, min_samples_leaf=1, min_samples_split=50, splitter=best; total time=   3.7s
[CV] END criterion=gini, max_depth=10, min_samples_leaf=1, min_samples_split=50, splitter=best; total time=   3.9s
[CV] END criterion=gini, max_depth=10, min_samples_leaf=1, min_samples_split=50, splitter=best; total time=   4.0s
[CV] END criterion=gini, max_depth=30, min_samples_leaf=16, min_samples_split=20, splitter=random; total time=   0.7s
[CV] END criterion=gini, max_depth=30, min_samples_leaf=16, min_samples_split=20, splitter=random; total time=   0.8s
[CV] END criterion=gini, max_depth=30, min_samples_leaf=16, min_samples_split=20, splitter=random; total time=   0.7s
[CV] END criterion=gini, max_depth=20, min_samples_leaf=2, min_samples_split=10, splitter=random; total time=   0.7s
[CV] END criterion=gini, max_depth=20, min_samples_leaf=2, min_samples_split=10, splitter=random; total time=   0.9s
[CV] END criterion=gini, max_depth=20, min_samples_leaf=2, min_samples_split=10, splitter=random; total time=   0.9s
[CV] END criterion=entropy, max_depth=5, min_samples_leaf=1, min_samples_split=10, splitter=random; total time=   0.4s
[CV] END criterion=entropy, max_depth=5, min_samples_leaf=1, min_samples_split=10, splitter=random; total time=   0.4s
[CV] END criterion=entropy, max_depth=5, min_samples_leaf=1, min_samples_split=10, splitter=random; total time=   0.4s
[CV] END criterion=entropy, max_depth=10, min_samples_leaf=8, min_samples_split=5, splitter=best; total time=   3.0s
[CV] END criterion=entropy, max_depth=10, min_samples_leaf=8, min_samples_split=5, splitter=best; total time=   3.1s
[CV] END criterion=entropy, max_depth=10, min_samples_leaf=8, min_samples_split=5, splitter=best; total time=   3.0s
[CV] END criterion=gini, max_depth=None, min_samples_leaf=2, min_samples_split=2, splitter=best; total time=   5.2s
[CV] END criterion=gini, max_depth=None, min_samples_leaf=2, min_samples_split=2, splitter=best; total time=   4.8s
[CV] END criterion=gini, max_depth=None, min_samples_leaf=2, min_samples_split=2, splitter=best; total time=   5.4s
[CV] END criterion=gini, max_depth=5, min_samples_leaf=1, min_samples_split=20, splitter=best; total time=   2.3s
[CV] END criterion=gini, max_depth=5, min_samples_leaf=1, min_samples_split=20, splitter=best; total time=   2.3s
[CV] END criterion=gini, max_depth=5, min_samples_leaf=1, min_samples_split=20, splitter=best; total time=   2.4s
[CV] END criterion=gini, max_depth=5, min_samples_leaf=1, min_samples_split=10, splitter=random; total time=   0.4s
[CV] END criterion=gini, max_depth=5, min_samples_leaf=1, min_samples_split=10, splitter=random; total time=   0.4s
[CV] END criterion=gini, max_depth=5, min_samples_leaf=1, min_samples_split=10, splitter=random; total time=   0.4s
[CV] END criterion=entropy, max_depth=5, min_samples_leaf=1, min_samples_split=50, splitter=best; total time=   2.6s
[CV] END criterion=entropy, max_depth=5, min_samples_leaf=1, min_samples_split=50, splitter=best; total time=   2.6s
[CV] END criterion=entropy, max_depth=5, min_samples_leaf=1, min_samples_split=50, splitter=best; total time=   2.6s
[CV] END criterion=entropy, max_depth=None, min_samples_leaf=8, min_samples_split=5, splitter=best; total time=   3.0s
[CV] END criterion=entropy, max_depth=None, min_samples_leaf=8, min_samples_split=5, splitter=best; total time=   3.0s
[CV] END criterion=entropy, max_depth=None, min_samples_leaf=8, min_samples_split=5, splitter=best; total time=   2.9s
[CV] END criterion=gini, max_depth=10, min_samples_leaf=8, min_samples_split=5, splitter=best; total time=   4.1s
[CV] END criterion=gini, max_depth=10, min_samples_leaf=8, min_samples_split=5, splitter=best; total time=   4.0s
[CV] END criterion=gini, max_depth=10, min_samples_leaf=8, min_samples_split=5, splitter=best; total time=   4.1s
[CV] END criterion=gini, max_depth=10, min_samples_leaf=16, min_samples_split=5, splitter=random; total time=   0.6s
[CV] END criterion=gini, max_depth=10, min_samples_leaf=16, min_samples_split=5, splitter=random; total time=   0.6s
[CV] END criterion=gini, max_depth=10, min_samples_leaf=16, min_samples_split=5, splitter=random; total time=   0.7s
[CV] END criterion=entropy, max_depth=10, min_samples_leaf=1, min_samples_split=5, splitter=random; total time=   0.5s
[CV] END criterion=entropy, max_depth=10, min_samples_leaf=1, min_samples_split=5, splitter=random; total time=   0.6s
[CV] END criterion=entropy, max_depth=10, min_samples_leaf=1, min_samples_split=5, splitter=random; total time=   0.6s
[CV] END criterion=gini, max_depth=5, min_samples_leaf=4, min_samples_split=20, splitter=random; total time=   0.4s
[CV] END criterion=gini, max_depth=5, min_samples_leaf=4, min_samples_split=20, splitter=random; total time=   0.4s
[CV] END criterion=gini, max_depth=5, min_samples_leaf=4, min_samples_split=20, splitter=random; total time=   0.4s
[CV] END criterion=entropy, max_depth=10, min_samples_leaf=4, min_samples_split=50, splitter=best; total time=   3.0s
[CV] END criterion=entropy, max_depth=10, min_samples_leaf=4, min_samples_split=50, splitter=best; total time=   3.0s
[CV] END criterion=entropy, max_depth=10, min_samples_leaf=4, min_samples_split=50, splitter=best; total time=   2.9s
[CV] END criterion=entropy, max_depth=5, min_samples_leaf=1, min_samples_split=10, splitter=best; total time=   2.6s
[CV] END criterion=entropy, max_depth=5, min_samples_leaf=1, min_samples_split=10, splitter=best; total time=   2.6s
[CV] END criterion=entropy, max_depth=5, min_samples_leaf=1, min_samples_split=10, splitter=best; total time=   2.6s
[CV] END criterion=entropy, max_depth=10, min_samples_leaf=16, min_samples_split=5, splitter=best; total time=   3.0s
[CV] END criterion=entropy, max_depth=10, min_samples_leaf=16, min_samples_split=5, splitter=best; total time=   3.0s
[CV] END criterion=entropy, max_depth=10, min_samples_leaf=16, min_samples_split=5, splitter=best; total time=   2.8s
[CV] END criterion=entropy, max_depth=None, min_samples_leaf=4, min_samples_split=10, splitter=random; total time=   0.6s
[CV] END criterion=entropy, max_depth=None, min_samples_leaf=4, min_samples_split=10, splitter=random; total time=   0.5s
[CV] END criterion=entropy, max_depth=None, min_samples_leaf=4, min_samples_split=10, splitter=random; total time=   0.5s
    │  Best CV F1-weighted : 0.999797
    │  Best params         : {'splitter': 'random', 'min_samples_split': 5, 'min_samples_leaf': 1, 'max_depth': 20, 'criterion': 'gini'}
    │  Total tuning time   : 130.6s
    └─ Saved: models/binary_seed46_DecisionTree.pkl

================================================================
  TASK: MULTICLASS
================================================================

  ────────────────────────────────────────────────────────
  Seed 42  |  task=multiclass
  ────────────────────────────────────────────────────────
  Train: 334,364 samples  |  Test: 143,299 samples

  [16/30] task=multiclass  seed=42  model=RandomForest

    ┌─ RandomForest [CPU]
    │  Fitting 20 candidates × 3 folds = 60 fits …
Fitting 3 folds for each of 20 candidates, totalling 60 fits
[CV] END max_depth=10, max_features=log2, min_samples_leaf=16, min_samples_split=10, n_estimators=100; total time=   2.0s
[CV] END max_depth=10, max_features=log2, min_samples_leaf=16, min_samples_split=10, n_estimators=100; total time=   1.9s
[CV] END max_depth=10, max_features=log2, min_samples_leaf=16, min_samples_split=10, n_estimators=100; total time=   2.0s
[CV] END max_depth=20, max_features=sqrt, min_samples_leaf=2, min_samples_split=15, n_estimators=700; total time=  13.1s
[CV] END max_depth=20, max_features=sqrt, min_samples_leaf=2, min_samples_split=15, n_estimators=700; total time=  13.3s
[CV] END max_depth=20, max_features=sqrt, min_samples_leaf=2, min_samples_split=15, n_estimators=700; total time=  13.4s
[CV] END max_depth=10, max_features=0.6, min_samples_leaf=1, min_samples_split=5, n_estimators=100; total time=   8.2s
[CV] END max_depth=10, max_features=0.6, min_samples_leaf=1, min_samples_split=5, n_estimators=100; total time=   8.3s
[CV] END max_depth=10, max_features=0.6, min_samples_leaf=1, min_samples_split=5, n_estimators=100; total time=   8.2s
[CV] END max_depth=10, max_features=0.4, min_samples_leaf=8, min_samples_split=20, n_estimators=100; total time=   5.6s
[CV] END max_depth=10, max_features=0.4, min_samples_leaf=8, min_samples_split=20, n_estimators=100; total time=   5.7s
[CV] END max_depth=10, max_features=0.4, min_samples_leaf=8, min_samples_split=20, n_estimators=100; total time=   5.6s
[CV] END max_depth=50, max_features=0.6, min_samples_leaf=8, min_samples_split=15, n_estimators=300; total time=  28.4s
[CV] END max_depth=50, max_features=0.6, min_samples_leaf=8, min_samples_split=15, n_estimators=300; total time=  28.9s
[CV] END max_depth=50, max_features=0.6, min_samples_leaf=8, min_samples_split=15, n_estimators=300; total time=  29.3s
[CV] END max_depth=20, max_features=0.4, min_samples_leaf=1, min_samples_split=10, n_estimators=500; total time=  28.4s
[CV] END max_depth=20, max_features=0.4, min_samples_leaf=1, min_samples_split=10, n_estimators=500; total time=  29.3s
[CV] END max_depth=20, max_features=0.4, min_samples_leaf=1, min_samples_split=10, n_estimators=500; total time=  28.6s
[CV] END max_depth=30, max_features=0.2, min_samples_leaf=2, min_samples_split=15, n_estimators=700; total time=  19.2s
[CV] END max_depth=30, max_features=0.2, min_samples_leaf=2, min_samples_split=15, n_estimators=700; total time=  19.2s
[CV] END max_depth=30, max_features=0.2, min_samples_leaf=2, min_samples_split=15, n_estimators=700; total time=  19.3s
[CV] END max_depth=None, max_features=0.4, min_samples_leaf=8, min_samples_split=15, n_estimators=200; total time=  11.9s
[CV] END max_depth=None, max_features=0.4, min_samples_leaf=8, min_samples_split=15, n_estimators=200; total time=  12.0s
[CV] END max_depth=None, max_features=0.4, min_samples_leaf=8, min_samples_split=15, n_estimators=200; total time=  12.1s
[CV] END max_depth=10, max_features=0.6, min_samples_leaf=16, min_samples_split=10, n_estimators=500; total time=  38.2s
[CV] END max_depth=10, max_features=0.6, min_samples_leaf=16, min_samples_split=10, n_estimators=500; total time=  38.1s
[CV] END max_depth=10, max_features=0.6, min_samples_leaf=16, min_samples_split=10, n_estimators=500; total time=  38.3s
[CV] END max_depth=None, max_features=0.2, min_samples_leaf=8, min_samples_split=5, n_estimators=100; total time=   3.3s
[CV] END max_depth=None, max_features=0.2, min_samples_leaf=8, min_samples_split=5, n_estimators=100; total time=   3.3s
[CV] END max_depth=None, max_features=0.2, min_samples_leaf=8, min_samples_split=5, n_estimators=100; total time=   3.4s
[CV] END max_depth=20, max_features=log2, min_samples_leaf=16, min_samples_split=5, n_estimators=300; total time=   5.0s
[CV] END max_depth=20, max_features=log2, min_samples_leaf=16, min_samples_split=5, n_estimators=300; total time=   5.0s
[CV] END max_depth=20, max_features=log2, min_samples_leaf=16, min_samples_split=5, n_estimators=300; total time=   5.1s
[CV] END max_depth=30, max_features=0.2, min_samples_leaf=1, min_samples_split=10, n_estimators=100; total time=   3.3s
[CV] END max_depth=30, max_features=0.2, min_samples_leaf=1, min_samples_split=10, n_estimators=100; total time=   3.4s
[CV] END max_depth=30, max_features=0.2, min_samples_leaf=1, min_samples_split=10, n_estimators=100; total time=   3.3s
[CV] END max_depth=50, max_features=0.4, min_samples_leaf=2, min_samples_split=15, n_estimators=700; total time=  39.9s
[CV] END max_depth=50, max_features=0.4, min_samples_leaf=2, min_samples_split=15, n_estimators=700; total time=  39.6s
[CV] END max_depth=50, max_features=0.4, min_samples_leaf=2, min_samples_split=15, n_estimators=700; total time=  39.9s
[CV] END max_depth=None, max_features=log2, min_samples_leaf=1, min_samples_split=5, n_estimators=100; total time=   1.9s
[CV] END max_depth=None, max_features=log2, min_samples_leaf=1, min_samples_split=5, n_estimators=100; total time=   2.0s
[CV] END max_depth=None, max_features=log2, min_samples_leaf=1, min_samples_split=5, n_estimators=100; total time=   2.1s
[CV] END max_depth=20, max_features=0.4, min_samples_leaf=4, min_samples_split=10, n_estimators=100; total time=   6.3s
[CV] END max_depth=20, max_features=0.4, min_samples_leaf=4, min_samples_split=10, n_estimators=100; total time=   6.6s
[CV] END max_depth=20, max_features=0.4, min_samples_leaf=4, min_samples_split=10, n_estimators=100; total time=   6.8s
[CV] END max_depth=10, max_features=log2, min_samples_leaf=1, min_samples_split=15, n_estimators=700; total time=  11.0s
[CV] END max_depth=10, max_features=log2, min_samples_leaf=1, min_samples_split=15, n_estimators=700; total time=  11.0s
[CV] END max_depth=10, max_features=log2, min_samples_leaf=1, min_samples_split=15, n_estimators=700; total time=  11.0s
[CV] END max_depth=30, max_features=0.6, min_samples_leaf=1, min_samples_split=15, n_estimators=200; total time=  19.7s
[CV] END max_depth=30, max_features=0.6, min_samples_leaf=1, min_samples_split=15, n_estimators=200; total time=  19.7s
[CV] END max_depth=30, max_features=0.6, min_samples_leaf=1, min_samples_split=15, n_estimators=200; total time=  20.0s
[CV] END max_depth=20, max_features=0.2, min_samples_leaf=1, min_samples_split=15, n_estimators=100; total time=   3.2s
[CV] END max_depth=20, max_features=0.2, min_samples_leaf=1, min_samples_split=15, n_estimators=100; total time=   3.3s
[CV] END max_depth=20, max_features=0.2, min_samples_leaf=1, min_samples_split=15, n_estimators=100; total time=   3.3s
[CV] END max_depth=50, max_features=0.2, min_samples_leaf=16, min_samples_split=2, n_estimators=500; total time=  13.8s
[CV] END max_depth=50, max_features=0.2, min_samples_leaf=16, min_samples_split=2, n_estimators=500; total time=  14.1s
[CV] END max_depth=50, max_features=0.2, min_samples_leaf=16, min_samples_split=2, n_estimators=500; total time=  13.9s
[CV] END max_depth=30, max_features=0.6, min_samples_leaf=4, min_samples_split=5, n_estimators=500; total time=  45.8s
[CV] END max_depth=30, max_features=0.6, min_samples_leaf=4, min_samples_split=5, n_estimators=500; total time=  46.6s
[CV] END max_depth=30, max_features=0.6, min_samples_leaf=4, min_samples_split=5, n_estimators=500; total time=  46.3s
    │  Best CV F1-weighted : 0.999919
    │  Best params         : {'n_estimators': 100, 'min_samples_split': 5, 'min_samples_leaf': 1, 'max_features': 'log2', 'max_depth': None}
    │  Total tuning time   : 934.9s
    └─ Saved: models/multiclass_seed42_RandomForest.pkl

  [17/30] task=multiclass  seed=42  model=XGBoost

    ┌─ XGBoost [GPU]
    │  Fitting 20 candidates × 3 folds = 60 fits …
Fitting 3 folds for each of 20 candidates, totalling 60 fits
[CV] END colsample_bytree=0.8, gamma=0.05, learning_rate=0.2, max_depth=3, n_estimators=500, subsample=0.5; total time=   4.4s
[CV] END colsample_bytree=0.8, gamma=0.05, learning_rate=0.2, max_depth=3, n_estimators=500, subsample=0.5; total time=   4.2s
[CV] END colsample_bytree=0.8, gamma=0.05, learning_rate=0.2, max_depth=3, n_estimators=500, subsample=0.5; total time=   4.3s
[CV] END colsample_bytree=0.5, gamma=0.05, learning_rate=0.05, max_depth=12, n_estimators=300, subsample=0.5; total time=   4.6s
[CV] END colsample_bytree=0.5, gamma=0.05, learning_rate=0.05, max_depth=12, n_estimators=300, subsample=0.5; total time=   4.7s
[CV] END colsample_bytree=0.5, gamma=0.05, learning_rate=0.05, max_depth=12, n_estimators=300, subsample=0.5; total time=   4.8s
[CV] END colsample_bytree=0.6, gamma=0.5, learning_rate=0.2, max_depth=3, n_estimators=400, subsample=0.5; total time=   3.3s
[CV] END colsample_bytree=0.6, gamma=0.5, learning_rate=0.2, max_depth=3, n_estimators=400, subsample=0.5; total time=   3.3s
[CV] END colsample_bytree=0.6, gamma=0.5, learning_rate=0.2, max_depth=3, n_estimators=400, subsample=0.5; total time=   3.4s
[CV] END colsample_bytree=1.0, gamma=0.05, learning_rate=0.1, max_depth=5, n_estimators=400, subsample=0.9; total time=   4.0s
[CV] END colsample_bytree=1.0, gamma=0.05, learning_rate=0.1, max_depth=5, n_estimators=400, subsample=0.9; total time=   4.1s
[CV] END colsample_bytree=1.0, gamma=0.05, learning_rate=0.1, max_depth=5, n_estimators=400, subsample=0.9; total time=   4.1s
[CV] END colsample_bytree=0.6, gamma=0.5, learning_rate=0.05, max_depth=7, n_estimators=400, subsample=0.6; total time=   4.7s
[CV] END colsample_bytree=0.6, gamma=0.5, learning_rate=0.05, max_depth=7, n_estimators=400, subsample=0.6; total time=   4.7s
[CV] END colsample_bytree=0.6, gamma=0.5, learning_rate=0.05, max_depth=7, n_estimators=400, subsample=0.6; total time=   4.7s
[CV] END colsample_bytree=0.9, gamma=1.0, learning_rate=0.01, max_depth=9, n_estimators=300, subsample=1.0; total time=   5.2s
[CV] END colsample_bytree=0.9, gamma=1.0, learning_rate=0.01, max_depth=9, n_estimators=300, subsample=1.0; total time=   5.2s
[CV] END colsample_bytree=0.9, gamma=1.0, learning_rate=0.01, max_depth=9, n_estimators=300, subsample=1.0; total time=   5.2s
[CV] END colsample_bytree=0.9, gamma=0.5, learning_rate=0.01, max_depth=5, n_estimators=200, subsample=1.0; total time=   2.9s
[CV] END colsample_bytree=0.9, gamma=0.5, learning_rate=0.01, max_depth=5, n_estimators=200, subsample=1.0; total time=   2.9s
[CV] END colsample_bytree=0.9, gamma=0.5, learning_rate=0.01, max_depth=5, n_estimators=200, subsample=1.0; total time=   2.9s
[CV] END colsample_bytree=0.6, gamma=1.0, learning_rate=0.01, max_depth=12, n_estimators=200, subsample=1.0; total time=   3.7s
[CV] END colsample_bytree=0.6, gamma=1.0, learning_rate=0.01, max_depth=12, n_estimators=200, subsample=1.0; total time=   3.6s
[CV] END colsample_bytree=0.6, gamma=1.0, learning_rate=0.01, max_depth=12, n_estimators=200, subsample=1.0; total time=   3.7s
[CV] END colsample_bytree=0.8, gamma=0, learning_rate=0.01, max_depth=3, n_estimators=400, subsample=0.5; total time=   4.8s
[CV] END colsample_bytree=0.8, gamma=0, learning_rate=0.01, max_depth=3, n_estimators=400, subsample=0.5; total time=   4.8s
[CV] END colsample_bytree=0.8, gamma=0, learning_rate=0.01, max_depth=3, n_estimators=400, subsample=0.5; total time=   4.8s
[CV] END colsample_bytree=0.5, gamma=0, learning_rate=0.2, max_depth=9, n_estimators=400, subsample=0.6; total time=   4.5s
[CV] END colsample_bytree=0.5, gamma=0, learning_rate=0.2, max_depth=9, n_estimators=400, subsample=0.6; total time=   4.5s
[CV] END colsample_bytree=0.5, gamma=0, learning_rate=0.2, max_depth=9, n_estimators=400, subsample=0.6; total time=   4.6s
[CV] END colsample_bytree=1.0, gamma=0.05, learning_rate=0.2, max_depth=5, n_estimators=100, subsample=0.6; total time=   1.4s
[CV] END colsample_bytree=1.0, gamma=0.05, learning_rate=0.2, max_depth=5, n_estimators=100, subsample=0.6; total time=   1.5s
[CV] END colsample_bytree=1.0, gamma=0.05, learning_rate=0.2, max_depth=5, n_estimators=100, subsample=0.6; total time=   1.5s
[CV] END colsample_bytree=0.6, gamma=0.1, learning_rate=0.01, max_depth=7, n_estimators=100, subsample=0.6; total time=   1.8s
[CV] END colsample_bytree=0.6, gamma=0.1, learning_rate=0.01, max_depth=7, n_estimators=100, subsample=0.6; total time=   1.8s
[CV] END colsample_bytree=0.6, gamma=0.1, learning_rate=0.01, max_depth=7, n_estimators=100, subsample=0.6; total time=   1.8s
[CV] END colsample_bytree=0.6, gamma=0.5, learning_rate=0.3, max_depth=9, n_estimators=100, subsample=0.9; total time=   1.1s
[CV] END colsample_bytree=0.6, gamma=0.5, learning_rate=0.3, max_depth=9, n_estimators=100, subsample=0.9; total time=   1.2s
[CV] END colsample_bytree=0.6, gamma=0.5, learning_rate=0.3, max_depth=9, n_estimators=100, subsample=0.9; total time=   1.2s
[CV] END colsample_bytree=1.0, gamma=0.5, learning_rate=0.01, max_depth=5, n_estimators=500, subsample=0.9; total time=   7.2s
[CV] END colsample_bytree=1.0, gamma=0.5, learning_rate=0.01, max_depth=5, n_estimators=500, subsample=0.9; total time=   7.2s
[CV] END colsample_bytree=1.0, gamma=0.5, learning_rate=0.01, max_depth=5, n_estimators=500, subsample=0.9; total time=   7.4s
[CV] END colsample_bytree=0.9, gamma=0.5, learning_rate=0.2, max_depth=3, n_estimators=300, subsample=0.6; total time=   2.6s
[CV] END colsample_bytree=0.9, gamma=0.5, learning_rate=0.2, max_depth=3, n_estimators=300, subsample=0.6; total time=   2.6s
[CV] END colsample_bytree=0.9, gamma=0.5, learning_rate=0.2, max_depth=3, n_estimators=300, subsample=0.6; total time=   2.6s
[CV] END colsample_bytree=0.9, gamma=0.5, learning_rate=0.01, max_depth=12, n_estimators=300, subsample=0.9; total time=   5.6s
[CV] END colsample_bytree=0.9, gamma=0.5, learning_rate=0.01, max_depth=12, n_estimators=300, subsample=0.9; total time=   5.6s
[CV] END colsample_bytree=0.9, gamma=0.5, learning_rate=0.01, max_depth=12, n_estimators=300, subsample=0.9; total time=   5.6s
[CV] END colsample_bytree=0.9, gamma=0.1, learning_rate=0.2, max_depth=12, n_estimators=300, subsample=0.6; total time=   2.9s
[CV] END colsample_bytree=0.9, gamma=0.1, learning_rate=0.2, max_depth=12, n_estimators=300, subsample=0.6; total time=   2.9s
[CV] END colsample_bytree=0.9, gamma=0.1, learning_rate=0.2, max_depth=12, n_estimators=300, subsample=0.6; total time=   3.0s
[CV] END colsample_bytree=0.8, gamma=0.5, learning_rate=0.05, max_depth=7, n_estimators=500, subsample=0.8; total time=   5.2s
[CV] END colsample_bytree=0.8, gamma=0.5, learning_rate=0.05, max_depth=7, n_estimators=500, subsample=0.8; total time=   5.2s
[CV] END colsample_bytree=0.8, gamma=0.5, learning_rate=0.05, max_depth=7, n_estimators=500, subsample=0.8; total time=   5.2s
[CV] END colsample_bytree=0.5, gamma=0.1, learning_rate=0.2, max_depth=7, n_estimators=300, subsample=0.5; total time=   3.0s
[CV] END colsample_bytree=0.5, gamma=0.1, learning_rate=0.2, max_depth=7, n_estimators=300, subsample=0.5; total time=   2.9s
[CV] END colsample_bytree=0.5, gamma=0.1, learning_rate=0.2, max_depth=7, n_estimators=300, subsample=0.5; total time=   3.0s
[CV] END colsample_bytree=0.5, gamma=0.05, learning_rate=0.05, max_depth=3, n_estimators=400, subsample=1.0; total time=   4.6s
[CV] END colsample_bytree=0.5, gamma=0.05, learning_rate=0.05, max_depth=3, n_estimators=400, subsample=1.0; total time=   4.7s
[CV] END colsample_bytree=0.5, gamma=0.05, learning_rate=0.05, max_depth=3, n_estimators=400, subsample=1.0; total time=   4.7s
    │  Best CV F1-weighted : 0.999952
    │  Best params         : {'subsample': 1.0, 'n_estimators': 400, 'max_depth': 3, 'learning_rate': 0.05, 'gamma': 0.05, 'colsample_bytree': 0.5}
    │  Total tuning time   : 241.1s
    └─ Saved: models/multiclass_seed42_XGBoost.pkl

  [18/30] task=multiclass  seed=42  model=DecisionTree

    ┌─ DecisionTree [CPU]
    │  Fitting 20 candidates × 3 folds = 60 fits …
Fitting 3 folds for each of 20 candidates, totalling 60 fits
[CV] END criterion=entropy, max_depth=10, min_samples_leaf=2, min_samples_split=2, splitter=random; total time=   0.5s
[CV] END criterion=entropy, max_depth=10, min_samples_leaf=2, min_samples_split=2, splitter=random; total time=   0.6s
[CV] END criterion=entropy, max_depth=10, min_samples_leaf=2, min_samples_split=2, splitter=random; total time=   0.6s
[CV] END criterion=gini, max_depth=5, min_samples_leaf=4, min_samples_split=5, splitter=random; total time=   0.4s
[CV] END criterion=gini, max_depth=5, min_samples_leaf=4, min_samples_split=5, splitter=random; total time=   0.5s
[CV] END criterion=gini, max_depth=5, min_samples_leaf=4, min_samples_split=5, splitter=random; total time=   0.5s
[CV] END criterion=entropy, max_depth=10, min_samples_leaf=4, min_samples_split=10, splitter=best; total time=   4.6s
[CV] END criterion=entropy, max_depth=10, min_samples_leaf=4, min_samples_split=10, splitter=best; total time=   4.5s
[CV] END criterion=entropy, max_depth=10, min_samples_leaf=4, min_samples_split=10, splitter=best; total time=   4.5s
[CV] END criterion=gini, max_depth=20, min_samples_leaf=1, min_samples_split=10, splitter=random; total time=   0.9s
[CV] END criterion=gini, max_depth=20, min_samples_leaf=1, min_samples_split=10, splitter=random; total time=   0.8s
[CV] END criterion=gini, max_depth=20, min_samples_leaf=1, min_samples_split=10, splitter=random; total time=   1.0s
[CV] END criterion=gini, max_depth=10, min_samples_leaf=1, min_samples_split=10, splitter=best; total time=   4.6s
[CV] END criterion=gini, max_depth=10, min_samples_leaf=1, min_samples_split=10, splitter=best; total time=   4.5s
[CV] END criterion=gini, max_depth=10, min_samples_leaf=1, min_samples_split=10, splitter=best; total time=   4.6s
[CV] END criterion=entropy, max_depth=10, min_samples_leaf=16, min_samples_split=10, splitter=best; total time=   4.5s
[CV] END criterion=entropy, max_depth=10, min_samples_leaf=16, min_samples_split=10, splitter=best; total time=   4.7s
[CV] END criterion=entropy, max_depth=10, min_samples_leaf=16, min_samples_split=10, splitter=best; total time=   4.5s
[CV] END criterion=entropy, max_depth=10, min_samples_leaf=4, min_samples_split=20, splitter=random; total time=   0.6s
[CV] END criterion=entropy, max_depth=10, min_samples_leaf=4, min_samples_split=20, splitter=random; total time=   0.7s
[CV] END criterion=entropy, max_depth=10, min_samples_leaf=4, min_samples_split=20, splitter=random; total time=   0.6s
[CV] END criterion=gini, max_depth=10, min_samples_leaf=4, min_samples_split=10, splitter=best; total time=   4.7s
[CV] END criterion=gini, max_depth=10, min_samples_leaf=4, min_samples_split=10, splitter=best; total time=   4.5s
[CV] END criterion=gini, max_depth=10, min_samples_leaf=4, min_samples_split=10, splitter=best; total time=   4.5s
[CV] END criterion=gini, max_depth=5, min_samples_leaf=2, min_samples_split=50, splitter=best; total time=   2.7s
[CV] END criterion=gini, max_depth=5, min_samples_leaf=2, min_samples_split=50, splitter=best; total time=   2.8s
[CV] END criterion=gini, max_depth=5, min_samples_leaf=2, min_samples_split=50, splitter=best; total time=   2.7s
[CV] END criterion=entropy, max_depth=30, min_samples_leaf=1, min_samples_split=2, splitter=best; total time=   4.4s
[CV] END criterion=entropy, max_depth=30, min_samples_leaf=1, min_samples_split=2, splitter=best; total time=   4.7s
[CV] END criterion=entropy, max_depth=30, min_samples_leaf=1, min_samples_split=2, splitter=best; total time=   4.5s
[CV] END criterion=gini, max_depth=None, min_samples_leaf=1, min_samples_split=50, splitter=random; total time=   0.9s
[CV] END criterion=gini, max_depth=None, min_samples_leaf=1, min_samples_split=50, splitter=random; total time=   0.7s
[CV] END criterion=gini, max_depth=None, min_samples_leaf=1, min_samples_split=50, splitter=random; total time=   0.8s
[CV] END criterion=gini, max_depth=20, min_samples_leaf=16, min_samples_split=10, splitter=best; total time=   6.5s
[CV] END criterion=gini, max_depth=20, min_samples_leaf=16, min_samples_split=10, splitter=best; total time=   6.2s
[CV] END criterion=gini, max_depth=20, min_samples_leaf=16, min_samples_split=10, splitter=best; total time=   6.0s
[CV] END criterion=entropy, max_depth=20, min_samples_leaf=1, min_samples_split=20, splitter=best; total time=   4.0s
[CV] END criterion=entropy, max_depth=20, min_samples_leaf=1, min_samples_split=20, splitter=best; total time=   4.4s
[CV] END criterion=entropy, max_depth=20, min_samples_leaf=1, min_samples_split=20, splitter=best; total time=   4.2s
[CV] END criterion=gini, max_depth=5, min_samples_leaf=8, min_samples_split=10, splitter=best; total time=   2.6s
[CV] END criterion=gini, max_depth=5, min_samples_leaf=8, min_samples_split=10, splitter=best; total time=   2.6s
[CV] END criterion=gini, max_depth=5, min_samples_leaf=8, min_samples_split=10, splitter=best; total time=   2.5s
[CV] END criterion=entropy, max_depth=10, min_samples_leaf=4, min_samples_split=2, splitter=random; total time=   0.5s
[CV] END criterion=entropy, max_depth=10, min_samples_leaf=4, min_samples_split=2, splitter=random; total time=   0.6s
[CV] END criterion=entropy, max_depth=10, min_samples_leaf=4, min_samples_split=2, splitter=random; total time=   0.6s
[CV] END criterion=entropy, max_depth=10, min_samples_leaf=8, min_samples_split=50, splitter=best; total time=   4.1s
[CV] END criterion=entropy, max_depth=10, min_samples_leaf=8, min_samples_split=50, splitter=best; total time=   4.5s
[CV] END criterion=entropy, max_depth=10, min_samples_leaf=8, min_samples_split=50, splitter=best; total time=   4.5s
[CV] END criterion=entropy, max_depth=30, min_samples_leaf=16, min_samples_split=10, splitter=random; total time=   0.7s
[CV] END criterion=entropy, max_depth=30, min_samples_leaf=16, min_samples_split=10, splitter=random; total time=   0.6s
[CV] END criterion=entropy, max_depth=30, min_samples_leaf=16, min_samples_split=10, splitter=random; total time=   0.7s
[CV] END criterion=gini, max_depth=None, min_samples_leaf=8, min_samples_split=2, splitter=best; total time=   6.9s
[CV] END criterion=gini, max_depth=None, min_samples_leaf=8, min_samples_split=2, splitter=best; total time=   6.5s
[CV] END criterion=gini, max_depth=None, min_samples_leaf=8, min_samples_split=2, splitter=best; total time=   6.4s
[CV] END criterion=entropy, max_depth=5, min_samples_leaf=2, min_samples_split=20, splitter=best; total time=   3.4s
[CV] END criterion=entropy, max_depth=5, min_samples_leaf=2, min_samples_split=20, splitter=best; total time=   3.4s
[CV] END criterion=entropy, max_depth=5, min_samples_leaf=2, min_samples_split=20, splitter=best; total time=   3.4s
[CV] END criterion=entropy, max_depth=20, min_samples_leaf=1, min_samples_split=50, splitter=best; total time=   4.4s
[CV] END criterion=entropy, max_depth=20, min_samples_leaf=1, min_samples_split=50, splitter=best; total time=   4.6s
[CV] END criterion=entropy, max_depth=20, min_samples_leaf=1, min_samples_split=50, splitter=best; total time=   4.4s
    │  Best CV F1-weighted : 0.999644
    │  Best params         : {'splitter': 'best', 'min_samples_split': 2, 'min_samples_leaf': 1, 'max_depth': 30, 'criterion': 'entropy'}
    │  Total tuning time   : 192.5s
    └─ Saved: models/multiclass_seed42_DecisionTree.pkl

  ────────────────────────────────────────────────────────
  Seed 43  |  task=multiclass
  ────────────────────────────────────────────────────────
  Train: 334,364 samples  |  Test: 143,299 samples

  [19/30] task=multiclass  seed=43  model=RandomForest

    ┌─ RandomForest [CPU]
    │  Fitting 20 candidates × 3 folds = 60 fits …
Fitting 3 folds for each of 20 candidates, totalling 60 fits
[CV] END max_depth=20, max_features=0.6, min_samples_leaf=16, min_samples_split=10, n_estimators=100; total time=  10.1s
[CV] END max_depth=20, max_features=0.6, min_samples_leaf=16, min_samples_split=10, n_estimators=100; total time=  10.9s
[CV] END max_depth=20, max_features=0.6, min_samples_leaf=16, min_samples_split=10, n_estimators=100; total time=  10.5s
[CV] END max_depth=30, max_features=0.4, min_samples_leaf=4, min_samples_split=2, n_estimators=500; total time=  28.9s
[CV] END max_depth=30, max_features=0.4, min_samples_leaf=4, min_samples_split=2, n_estimators=500; total time=  28.8s
[CV] END max_depth=30, max_features=0.4, min_samples_leaf=4, min_samples_split=2, n_estimators=500; total time=  28.6s
[CV] END max_depth=30, max_features=0.4, min_samples_leaf=8, min_samples_split=2, n_estimators=100; total time=   6.8s
[CV] END max_depth=30, max_features=0.4, min_samples_leaf=8, min_samples_split=2, n_estimators=100; total time=   6.7s
[CV] END max_depth=30, max_features=0.4, min_samples_leaf=8, min_samples_split=2, n_estimators=100; total time=   6.6s
[CV] END max_depth=30, max_features=log2, min_samples_leaf=16, min_samples_split=5, n_estimators=200; total time=   3.5s
[CV] END max_depth=30, max_features=log2, min_samples_leaf=16, min_samples_split=5, n_estimators=200; total time=   3.5s
[CV] END max_depth=30, max_features=log2, min_samples_leaf=16, min_samples_split=5, n_estimators=200; total time=   3.6s
[CV] END max_depth=30, max_features=log2, min_samples_leaf=4, min_samples_split=10, n_estimators=700; total time=  11.4s
[CV] END max_depth=30, max_features=log2, min_samples_leaf=4, min_samples_split=10, n_estimators=700; total time=  11.5s
[CV] END max_depth=30, max_features=log2, min_samples_leaf=4, min_samples_split=10, n_estimators=700; total time=  11.4s
[CV] END max_depth=None, max_features=0.2, min_samples_leaf=4, min_samples_split=5, n_estimators=300; total time=   8.8s
[CV] END max_depth=None, max_features=0.2, min_samples_leaf=4, min_samples_split=5, n_estimators=300; total time=   8.7s
[CV] END max_depth=None, max_features=0.2, min_samples_leaf=4, min_samples_split=5, n_estimators=300; total time=   8.7s
[CV] END max_depth=10, max_features=sqrt, min_samples_leaf=2, min_samples_split=5, n_estimators=300; total time=   5.5s
[CV] END max_depth=10, max_features=sqrt, min_samples_leaf=2, min_samples_split=5, n_estimators=300; total time=   5.7s
[CV] END max_depth=10, max_features=sqrt, min_samples_leaf=2, min_samples_split=5, n_estimators=300; total time=   5.7s
[CV] END max_depth=10, max_features=0.6, min_samples_leaf=8, min_samples_split=10, n_estimators=200; total time=  16.0s
[CV] END max_depth=10, max_features=0.6, min_samples_leaf=8, min_samples_split=10, n_estimators=200; total time=  15.8s
[CV] END max_depth=10, max_features=0.6, min_samples_leaf=8, min_samples_split=10, n_estimators=200; total time=  15.5s
[CV] END max_depth=10, max_features=0.2, min_samples_leaf=1, min_samples_split=2, n_estimators=500; total time=  13.2s
[CV] END max_depth=10, max_features=0.2, min_samples_leaf=1, min_samples_split=2, n_estimators=500; total time=  13.4s
[CV] END max_depth=10, max_features=0.2, min_samples_leaf=1, min_samples_split=2, n_estimators=500; total time=  13.4s
[CV] END max_depth=20, max_features=log2, min_samples_leaf=4, min_samples_split=10, n_estimators=500; total time=   8.4s
[CV] END max_depth=20, max_features=log2, min_samples_leaf=4, min_samples_split=10, n_estimators=500; total time=   8.4s
[CV] END max_depth=20, max_features=log2, min_samples_leaf=4, min_samples_split=10, n_estimators=500; total time=   8.3s
[CV] END max_depth=50, max_features=0.4, min_samples_leaf=2, min_samples_split=2, n_estimators=500; total time=  28.8s
[CV] END max_depth=50, max_features=0.4, min_samples_leaf=2, min_samples_split=2, n_estimators=500; total time=  28.8s
[CV] END max_depth=50, max_features=0.4, min_samples_leaf=2, min_samples_split=2, n_estimators=500; total time=  28.8s
[CV] END max_depth=None, max_features=0.2, min_samples_leaf=4, min_samples_split=20, n_estimators=100; total time=   3.2s
[CV] END max_depth=None, max_features=0.2, min_samples_leaf=4, min_samples_split=20, n_estimators=100; total time=   3.2s
[CV] END max_depth=None, max_features=0.2, min_samples_leaf=4, min_samples_split=20, n_estimators=100; total time=   3.3s
[CV] END max_depth=10, max_features=log2, min_samples_leaf=4, min_samples_split=2, n_estimators=500; total time=   7.9s
[CV] END max_depth=10, max_features=log2, min_samples_leaf=4, min_samples_split=2, n_estimators=500; total time=   7.9s
[CV] END max_depth=10, max_features=log2, min_samples_leaf=4, min_samples_split=2, n_estimators=500; total time=   7.9s
[CV] END max_depth=None, max_features=0.4, min_samples_leaf=1, min_samples_split=2, n_estimators=700; total time=  39.9s
[CV] END max_depth=None, max_features=0.4, min_samples_leaf=1, min_samples_split=2, n_estimators=700; total time=  39.9s
[CV] END max_depth=None, max_features=0.4, min_samples_leaf=1, min_samples_split=2, n_estimators=700; total time=  39.6s
[CV] END max_depth=None, max_features=0.4, min_samples_leaf=8, min_samples_split=5, n_estimators=700; total time=  40.4s
[CV] END max_depth=None, max_features=0.4, min_samples_leaf=8, min_samples_split=5, n_estimators=700; total time=  39.8s
[CV] END max_depth=None, max_features=0.4, min_samples_leaf=8, min_samples_split=5, n_estimators=700; total time=  39.9s
[CV] END max_depth=10, max_features=0.4, min_samples_leaf=16, min_samples_split=10, n_estimators=500; total time=  25.6s
[CV] END max_depth=10, max_features=0.4, min_samples_leaf=16, min_samples_split=10, n_estimators=500; total time=  25.4s
[CV] END max_depth=10, max_features=0.4, min_samples_leaf=16, min_samples_split=10, n_estimators=500; total time=  25.1s
[CV] END max_depth=20, max_features=log2, min_samples_leaf=8, min_samples_split=20, n_estimators=500; total time=   8.2s
[CV] END max_depth=20, max_features=log2, min_samples_leaf=8, min_samples_split=20, n_estimators=500; total time=   8.3s
[CV] END max_depth=20, max_features=log2, min_samples_leaf=8, min_samples_split=20, n_estimators=500; total time=   8.3s
[CV] END max_depth=20, max_features=log2, min_samples_leaf=1, min_samples_split=15, n_estimators=200; total time=   3.5s
[CV] END max_depth=20, max_features=log2, min_samples_leaf=1, min_samples_split=15, n_estimators=200; total time=   3.5s
[CV] END max_depth=20, max_features=log2, min_samples_leaf=1, min_samples_split=15, n_estimators=200; total time=   3.5s
[CV] END max_depth=10, max_features=log2, min_samples_leaf=8, min_samples_split=15, n_estimators=500; total time=   7.9s
[CV] END max_depth=10, max_features=log2, min_samples_leaf=8, min_samples_split=15, n_estimators=500; total time=   7.9s
[CV] END max_depth=10, max_features=log2, min_samples_leaf=8, min_samples_split=15, n_estimators=500; total time=   7.9s
[CV] END max_depth=10, max_features=sqrt, min_samples_leaf=8, min_samples_split=5, n_estimators=200; total time=   3.9s
[CV] END max_depth=10, max_features=sqrt, min_samples_leaf=8, min_samples_split=5, n_estimators=200; total time=   3.9s
[CV] END max_depth=10, max_features=sqrt, min_samples_leaf=8, min_samples_split=5, n_estimators=200; total time=   3.8s
    │  Best CV F1-weighted : 0.999931
    │  Best params         : {'n_estimators': 700, 'min_samples_split': 2, 'min_samples_leaf': 1, 'max_features': 0.4, 'max_depth': None}
    │  Total tuning time   : 911.4s
    └─ Saved: models/multiclass_seed43_RandomForest.pkl

  [20/30] task=multiclass  seed=43  model=XGBoost

    ┌─ XGBoost [GPU]
    │  Fitting 20 candidates × 3 folds = 60 fits …
Fitting 3 folds for each of 20 candidates, totalling 60 fits
[CV] END colsample_bytree=1.0, gamma=0.1, learning_rate=0.2, max_depth=3, n_estimators=500, subsample=0.9; total time=   3.8s
[CV] END colsample_bytree=1.0, gamma=0.1, learning_rate=0.2, max_depth=3, n_estimators=500, subsample=0.9; total time=   3.7s
[CV] END colsample_bytree=1.0, gamma=0.1, learning_rate=0.2, max_depth=3, n_estimators=500, subsample=0.9; total time=   3.7s
[CV] END colsample_bytree=0.6, gamma=0, learning_rate=0.1, max_depth=3, n_estimators=400, subsample=0.8; total time=   4.4s
[CV] END colsample_bytree=0.6, gamma=0, learning_rate=0.1, max_depth=3, n_estimators=400, subsample=0.8; total time=   4.5s
[CV] END colsample_bytree=0.6, gamma=0, learning_rate=0.1, max_depth=3, n_estimators=400, subsample=0.8; total time=   4.5s
[CV] END colsample_bytree=0.5, gamma=0.5, learning_rate=0.2, max_depth=7, n_estimators=100, subsample=0.9; total time=   1.2s
[CV] END colsample_bytree=0.5, gamma=0.5, learning_rate=0.2, max_depth=7, n_estimators=100, subsample=0.9; total time=   1.2s
[CV] END colsample_bytree=0.5, gamma=0.5, learning_rate=0.2, max_depth=7, n_estimators=100, subsample=0.9; total time=   1.2s
[CV] END colsample_bytree=0.8, gamma=0.1, learning_rate=0.2, max_depth=12, n_estimators=300, subsample=0.5; total time=   2.9s
[CV] END colsample_bytree=0.8, gamma=0.1, learning_rate=0.2, max_depth=12, n_estimators=300, subsample=0.5; total time=   3.0s
[CV] END colsample_bytree=0.8, gamma=0.1, learning_rate=0.2, max_depth=12, n_estimators=300, subsample=0.5; total time=   3.0s
[CV] END colsample_bytree=0.9, gamma=0.05, learning_rate=0.3, max_depth=3, n_estimators=400, subsample=0.8; total time=   3.3s
[CV] END colsample_bytree=0.9, gamma=0.05, learning_rate=0.3, max_depth=3, n_estimators=400, subsample=0.8; total time=   3.3s
[CV] END colsample_bytree=0.9, gamma=0.05, learning_rate=0.3, max_depth=3, n_estimators=400, subsample=0.8; total time=   3.3s
[CV] END colsample_bytree=1.0, gamma=0.5, learning_rate=0.01, max_depth=3, n_estimators=400, subsample=1.0; total time=   4.4s
[CV] END colsample_bytree=1.0, gamma=0.5, learning_rate=0.01, max_depth=3, n_estimators=400, subsample=1.0; total time=   4.5s
[CV] END colsample_bytree=1.0, gamma=0.5, learning_rate=0.01, max_depth=3, n_estimators=400, subsample=1.0; total time=   4.5s
[CV] END colsample_bytree=0.5, gamma=0.5, learning_rate=0.05, max_depth=7, n_estimators=300, subsample=1.0; total time=   3.6s
[CV] END colsample_bytree=0.5, gamma=0.5, learning_rate=0.05, max_depth=7, n_estimators=300, subsample=1.0; total time=   3.7s
[CV] END colsample_bytree=0.5, gamma=0.5, learning_rate=0.05, max_depth=7, n_estimators=300, subsample=1.0; total time=   3.7s
[CV] END colsample_bytree=0.8, gamma=0.5, learning_rate=0.1, max_depth=12, n_estimators=500, subsample=1.0; total time=   4.4s
[CV] END colsample_bytree=0.8, gamma=0.5, learning_rate=0.1, max_depth=12, n_estimators=500, subsample=1.0; total time=   4.5s
[CV] END colsample_bytree=0.8, gamma=0.5, learning_rate=0.1, max_depth=12, n_estimators=500, subsample=1.0; total time=   4.5s
[CV] END colsample_bytree=0.8, gamma=1.0, learning_rate=0.01, max_depth=9, n_estimators=500, subsample=1.0; total time=   7.8s
[CV] END colsample_bytree=0.8, gamma=1.0, learning_rate=0.01, max_depth=9, n_estimators=500, subsample=1.0; total time=   7.9s
[CV] END colsample_bytree=0.8, gamma=1.0, learning_rate=0.01, max_depth=9, n_estimators=500, subsample=1.0; total time=   7.9s
[CV] END colsample_bytree=0.6, gamma=0.5, learning_rate=0.1, max_depth=7, n_estimators=200, subsample=0.8; total time=   2.3s
[CV] END colsample_bytree=0.6, gamma=0.5, learning_rate=0.1, max_depth=7, n_estimators=200, subsample=0.8; total time=   2.3s
[CV] END colsample_bytree=0.6, gamma=0.5, learning_rate=0.1, max_depth=7, n_estimators=200, subsample=0.8; total time=   2.3s
[CV] END colsample_bytree=0.9, gamma=1.0, learning_rate=0.05, max_depth=12, n_estimators=500, subsample=0.9; total time=   5.1s
[CV] END colsample_bytree=0.9, gamma=1.0, learning_rate=0.05, max_depth=12, n_estimators=500, subsample=0.9; total time=   5.1s
[CV] END colsample_bytree=0.9, gamma=1.0, learning_rate=0.05, max_depth=12, n_estimators=500, subsample=0.9; total time=   5.1s
[CV] END colsample_bytree=0.8, gamma=1.0, learning_rate=0.1, max_depth=7, n_estimators=500, subsample=0.5; total time=   4.3s
[CV] END colsample_bytree=0.8, gamma=1.0, learning_rate=0.1, max_depth=7, n_estimators=500, subsample=0.5; total time=   4.3s
[CV] END colsample_bytree=0.8, gamma=1.0, learning_rate=0.1, max_depth=7, n_estimators=500, subsample=0.5; total time=   4.3s
[CV] END colsample_bytree=0.6, gamma=0.5, learning_rate=0.3, max_depth=5, n_estimators=200, subsample=1.0; total time=   1.8s
[CV] END colsample_bytree=0.6, gamma=0.5, learning_rate=0.3, max_depth=5, n_estimators=200, subsample=1.0; total time=   1.8s
[CV] END colsample_bytree=0.6, gamma=0.5, learning_rate=0.3, max_depth=5, n_estimators=200, subsample=1.0; total time=   1.7s
[CV] END colsample_bytree=0.8, gamma=0.05, learning_rate=0.01, max_depth=12, n_estimators=500, subsample=1.0; total time=   9.1s
[CV] END colsample_bytree=0.8, gamma=0.05, learning_rate=0.01, max_depth=12, n_estimators=500, subsample=1.0; total time=   9.1s
[CV] END colsample_bytree=0.8, gamma=0.05, learning_rate=0.01, max_depth=12, n_estimators=500, subsample=1.0; total time=   9.2s
[CV] END colsample_bytree=1.0, gamma=0, learning_rate=0.01, max_depth=12, n_estimators=200, subsample=0.9; total time=   4.0s
[CV] END colsample_bytree=1.0, gamma=0, learning_rate=0.01, max_depth=12, n_estimators=200, subsample=0.9; total time=   4.0s
[CV] END colsample_bytree=1.0, gamma=0, learning_rate=0.01, max_depth=12, n_estimators=200, subsample=0.9; total time=   4.1s
[CV] END colsample_bytree=1.0, gamma=0, learning_rate=0.3, max_depth=9, n_estimators=400, subsample=0.6; total time=   3.7s
[CV] END colsample_bytree=1.0, gamma=0, learning_rate=0.3, max_depth=9, n_estimators=400, subsample=0.6; total time=   3.7s
[CV] END colsample_bytree=1.0, gamma=0, learning_rate=0.3, max_depth=9, n_estimators=400, subsample=0.6; total time=   3.7s
[CV] END colsample_bytree=0.9, gamma=1.0, learning_rate=0.1, max_depth=5, n_estimators=200, subsample=1.0; total time=   2.0s
[CV] END colsample_bytree=0.9, gamma=1.0, learning_rate=0.1, max_depth=5, n_estimators=200, subsample=1.0; total time=   2.0s
[CV] END colsample_bytree=0.9, gamma=1.0, learning_rate=0.1, max_depth=5, n_estimators=200, subsample=1.0; total time=   2.0s
[CV] END colsample_bytree=0.9, gamma=0.5, learning_rate=0.2, max_depth=7, n_estimators=500, subsample=0.9; total time=   3.9s
[CV] END colsample_bytree=0.9, gamma=0.5, learning_rate=0.2, max_depth=7, n_estimators=500, subsample=0.9; total time=   3.9s
[CV] END colsample_bytree=0.9, gamma=0.5, learning_rate=0.2, max_depth=7, n_estimators=500, subsample=0.9; total time=   3.9s
[CV] END colsample_bytree=0.5, gamma=0, learning_rate=0.2, max_depth=3, n_estimators=100, subsample=1.0; total time=   1.3s
[CV] END colsample_bytree=0.5, gamma=0, learning_rate=0.2, max_depth=3, n_estimators=100, subsample=1.0; total time=   1.3s
[CV] END colsample_bytree=0.5, gamma=0, learning_rate=0.2, max_depth=3, n_estimators=100, subsample=1.0; total time=   1.3s
[CV] END colsample_bytree=1.0, gamma=0, learning_rate=0.05, max_depth=12, n_estimators=500, subsample=0.8; total time=   6.8s
[CV] END colsample_bytree=1.0, gamma=0, learning_rate=0.05, max_depth=12, n_estimators=500, subsample=0.8; total time=   6.8s
[CV] END colsample_bytree=1.0, gamma=0, learning_rate=0.05, max_depth=12, n_estimators=500, subsample=0.8; total time=   6.9s
    │  Best CV F1-weighted : 0.999958
    │  Best params         : {'subsample': 0.8, 'n_estimators': 400, 'max_depth': 3, 'learning_rate': 0.1, 'gamma': 0, 'colsample_bytree': 0.6}
    │  Total tuning time   : 248.8s
    └─ Saved: models/multiclass_seed43_XGBoost.pkl

  [21/30] task=multiclass  seed=43  model=DecisionTree

    ┌─ DecisionTree [CPU]
    │  Fitting 20 candidates × 3 folds = 60 fits …
Fitting 3 folds for each of 20 candidates, totalling 60 fits
[CV] END criterion=gini, max_depth=None, min_samples_leaf=2, min_samples_split=20, splitter=random; total time=   0.7s
[CV] END criterion=gini, max_depth=None, min_samples_leaf=2, min_samples_split=20, splitter=random; total time=   0.6s
[CV] END criterion=gini, max_depth=None, min_samples_leaf=2, min_samples_split=20, splitter=random; total time=   0.7s
[CV] END criterion=gini, max_depth=10, min_samples_leaf=4, min_samples_split=20, splitter=random; total time=   0.6s
[CV] END criterion=gini, max_depth=10, min_samples_leaf=4, min_samples_split=20, splitter=random; total time=   0.5s
[CV] END criterion=gini, max_depth=10, min_samples_leaf=4, min_samples_split=20, splitter=random; total time=   0.6s
[CV] END criterion=entropy, max_depth=10, min_samples_leaf=2, min_samples_split=5, splitter=random; total time=   0.5s
[CV] END criterion=entropy, max_depth=10, min_samples_leaf=2, min_samples_split=5, splitter=random; total time=   0.4s
[CV] END criterion=entropy, max_depth=10, min_samples_leaf=2, min_samples_split=5, splitter=random; total time=   0.4s
[CV] END criterion=gini, max_depth=5, min_samples_leaf=8, min_samples_split=5, splitter=best; total time=   2.3s
[CV] END criterion=gini, max_depth=5, min_samples_leaf=8, min_samples_split=5, splitter=best; total time=   2.4s
[CV] END criterion=gini, max_depth=5, min_samples_leaf=8, min_samples_split=5, splitter=best; total time=   2.3s
[CV] END criterion=gini, max_depth=5, min_samples_leaf=2, min_samples_split=2, splitter=best; total time=   2.3s
[CV] END criterion=gini, max_depth=5, min_samples_leaf=2, min_samples_split=2, splitter=best; total time=   2.3s
[CV] END criterion=gini, max_depth=5, min_samples_leaf=2, min_samples_split=2, splitter=best; total time=   2.4s
[CV] END criterion=entropy, max_depth=None, min_samples_leaf=1, min_samples_split=2, splitter=random; total time=   0.5s
[CV] END criterion=entropy, max_depth=None, min_samples_leaf=1, min_samples_split=2, splitter=random; total time=   0.5s
[CV] END criterion=entropy, max_depth=None, min_samples_leaf=1, min_samples_split=2, splitter=random; total time=   0.5s
[CV] END criterion=entropy, max_depth=None, min_samples_leaf=1, min_samples_split=50, splitter=best; total time=   4.0s
[CV] END criterion=entropy, max_depth=None, min_samples_leaf=1, min_samples_split=50, splitter=best; total time=   3.7s
[CV] END criterion=entropy, max_depth=None, min_samples_leaf=1, min_samples_split=50, splitter=best; total time=   3.7s
[CV] END criterion=entropy, max_depth=5, min_samples_leaf=8, min_samples_split=50, splitter=random; total time=   0.4s
[CV] END criterion=entropy, max_depth=5, min_samples_leaf=8, min_samples_split=50, splitter=random; total time=   0.3s
[CV] END criterion=entropy, max_depth=5, min_samples_leaf=8, min_samples_split=50, splitter=random; total time=   0.4s
[CV] END criterion=gini, max_depth=30, min_samples_leaf=1, min_samples_split=50, splitter=best; total time=   5.0s
[CV] END criterion=gini, max_depth=30, min_samples_leaf=1, min_samples_split=50, splitter=best; total time=   5.2s
[CV] END criterion=gini, max_depth=30, min_samples_leaf=1, min_samples_split=50, splitter=best; total time=   5.5s
[CV] END criterion=gini, max_depth=5, min_samples_leaf=2, min_samples_split=20, splitter=random; total time=   0.4s
[CV] END criterion=gini, max_depth=5, min_samples_leaf=2, min_samples_split=20, splitter=random; total time=   0.4s
[CV] END criterion=gini, max_depth=5, min_samples_leaf=2, min_samples_split=20, splitter=random; total time=   0.4s
[CV] END criterion=entropy, max_depth=20, min_samples_leaf=1, min_samples_split=5, splitter=random; total time=   0.5s
[CV] END criterion=entropy, max_depth=20, min_samples_leaf=1, min_samples_split=5, splitter=random; total time=   0.4s
[CV] END criterion=entropy, max_depth=20, min_samples_leaf=1, min_samples_split=5, splitter=random; total time=   0.5s
[CV] END criterion=entropy, max_depth=10, min_samples_leaf=16, min_samples_split=50, splitter=best; total time=   4.2s
[CV] END criterion=entropy, max_depth=10, min_samples_leaf=16, min_samples_split=50, splitter=best; total time=   3.7s
[CV] END criterion=entropy, max_depth=10, min_samples_leaf=16, min_samples_split=50, splitter=best; total time=   3.8s
[CV] END criterion=gini, max_depth=20, min_samples_leaf=8, min_samples_split=5, splitter=random; total time=   0.6s
[CV] END criterion=gini, max_depth=20, min_samples_leaf=8, min_samples_split=5, splitter=random; total time=   0.5s
[CV] END criterion=gini, max_depth=20, min_samples_leaf=8, min_samples_split=5, splitter=random; total time=   0.6s
[CV] END criterion=gini, max_depth=20, min_samples_leaf=2, min_samples_split=20, splitter=best; total time=   5.2s
[CV] END criterion=gini, max_depth=20, min_samples_leaf=2, min_samples_split=20, splitter=best; total time=   5.2s
[CV] END criterion=gini, max_depth=20, min_samples_leaf=2, min_samples_split=20, splitter=best; total time=   5.4s
[CV] END criterion=gini, max_depth=5, min_samples_leaf=2, min_samples_split=50, splitter=random; total time=   0.4s
[CV] END criterion=gini, max_depth=5, min_samples_leaf=2, min_samples_split=50, splitter=random; total time=   0.4s
[CV] END criterion=gini, max_depth=5, min_samples_leaf=2, min_samples_split=50, splitter=random; total time=   0.4s
[CV] END criterion=entropy, max_depth=20, min_samples_leaf=4, min_samples_split=2, splitter=random; total time=   0.6s
[CV] END criterion=entropy, max_depth=20, min_samples_leaf=4, min_samples_split=2, splitter=random; total time=   0.5s
[CV] END criterion=entropy, max_depth=20, min_samples_leaf=4, min_samples_split=2, splitter=random; total time=   0.5s
[CV] END criterion=entropy, max_depth=5, min_samples_leaf=4, min_samples_split=5, splitter=random; total time=   0.4s
[CV] END criterion=entropy, max_depth=5, min_samples_leaf=4, min_samples_split=5, splitter=random; total time=   0.3s
[CV] END criterion=entropy, max_depth=5, min_samples_leaf=4, min_samples_split=5, splitter=random; total time=   0.4s
[CV] END criterion=entropy, max_depth=30, min_samples_leaf=4, min_samples_split=50, splitter=random; total time=   0.6s
[CV] END criterion=entropy, max_depth=30, min_samples_leaf=4, min_samples_split=50, splitter=random; total time=   0.6s
[CV] END criterion=entropy, max_depth=30, min_samples_leaf=4, min_samples_split=50, splitter=random; total time=   0.5s
[CV] END criterion=gini, max_depth=10, min_samples_leaf=1, min_samples_split=5, splitter=random; total time=   0.6s
[CV] END criterion=gini, max_depth=10, min_samples_leaf=1, min_samples_split=5, splitter=random; total time=   0.6s
[CV] END criterion=gini, max_depth=10, min_samples_leaf=1, min_samples_split=5, splitter=random; total time=   0.6s
[CV] END criterion=entropy, max_depth=30, min_samples_leaf=4, min_samples_split=20, splitter=random; total time=   0.6s
[CV] END criterion=entropy, max_depth=30, min_samples_leaf=4, min_samples_split=20, splitter=random; total time=   0.5s
[CV] END criterion=entropy, max_depth=30, min_samples_leaf=4, min_samples_split=20, splitter=random; total time=   0.5s
    │  Best CV F1-weighted : 0.999743
    │  Best params         : {'splitter': 'random', 'min_samples_split': 5, 'min_samples_leaf': 1, 'max_depth': 20, 'criterion': 'entropy'}
    │  Total tuning time   : 90.3s
    └─ Saved: models/multiclass_seed43_DecisionTree.pkl

  ────────────────────────────────────────────────────────
  Seed 44  |  task=multiclass
  ────────────────────────────────────────────────────────
  Train: 334,364 samples  |  Test: 143,299 samples

  [22/30] task=multiclass  seed=44  model=RandomForest

    ┌─ RandomForest [CPU]
    │  Fitting 20 candidates × 3 folds = 60 fits …
Fitting 3 folds for each of 20 candidates, totalling 60 fits
[CV] END max_depth=20, max_features=0.6, min_samples_leaf=4, min_samples_split=10, n_estimators=300; total time=  28.2s
[CV] END max_depth=20, max_features=0.6, min_samples_leaf=4, min_samples_split=10, n_estimators=300; total time=  28.0s
[CV] END max_depth=20, max_features=0.6, min_samples_leaf=4, min_samples_split=10, n_estimators=300; total time=  29.5s
[CV] END max_depth=50, max_features=0.2, min_samples_leaf=4, min_samples_split=2, n_estimators=200; total time=   6.0s
[CV] END max_depth=50, max_features=0.2, min_samples_leaf=4, min_samples_split=2, n_estimators=200; total time=   6.0s
[CV] END max_depth=50, max_features=0.2, min_samples_leaf=4, min_samples_split=2, n_estimators=200; total time=   6.1s
[CV] END max_depth=10, max_features=0.6, min_samples_leaf=4, min_samples_split=20, n_estimators=300; total time=  22.6s
[CV] END max_depth=10, max_features=0.6, min_samples_leaf=4, min_samples_split=20, n_estimators=300; total time=  22.7s
[CV] END max_depth=10, max_features=0.6, min_samples_leaf=4, min_samples_split=20, n_estimators=300; total time=  23.1s
[CV] END max_depth=None, max_features=0.6, min_samples_leaf=4, min_samples_split=20, n_estimators=200; total time=  19.2s
[CV] END max_depth=None, max_features=0.6, min_samples_leaf=4, min_samples_split=20, n_estimators=200; total time=  19.4s
[CV] END max_depth=None, max_features=0.6, min_samples_leaf=4, min_samples_split=20, n_estimators=200; total time=  19.6s
[CV] END max_depth=30, max_features=0.2, min_samples_leaf=1, min_samples_split=15, n_estimators=700; total time=  19.5s
[CV] END max_depth=30, max_features=0.2, min_samples_leaf=1, min_samples_split=15, n_estimators=700; total time=  19.3s
[CV] END max_depth=30, max_features=0.2, min_samples_leaf=1, min_samples_split=15, n_estimators=700; total time=  19.4s
[CV] END max_depth=None, max_features=sqrt, min_samples_leaf=8, min_samples_split=5, n_estimators=700; total time=  13.5s
[CV] END max_depth=None, max_features=sqrt, min_samples_leaf=8, min_samples_split=5, n_estimators=700; total time=  13.3s
[CV] END max_depth=None, max_features=sqrt, min_samples_leaf=8, min_samples_split=5, n_estimators=700; total time=  13.5s
[CV] END max_depth=50, max_features=0.4, min_samples_leaf=4, min_samples_split=20, n_estimators=300; total time=  17.6s
[CV] END max_depth=50, max_features=0.4, min_samples_leaf=4, min_samples_split=20, n_estimators=300; total time=  17.8s
[CV] END max_depth=50, max_features=0.4, min_samples_leaf=4, min_samples_split=20, n_estimators=300; total time=  17.9s
[CV] END max_depth=50, max_features=0.2, min_samples_leaf=2, min_samples_split=20, n_estimators=700; total time=  19.2s
[CV] END max_depth=50, max_features=0.2, min_samples_leaf=2, min_samples_split=20, n_estimators=700; total time=  19.0s
[CV] END max_depth=50, max_features=0.2, min_samples_leaf=2, min_samples_split=20, n_estimators=700; total time=  19.3s
[CV] END max_depth=50, max_features=0.6, min_samples_leaf=4, min_samples_split=2, n_estimators=100; total time=   9.9s
[CV] END max_depth=50, max_features=0.6, min_samples_leaf=4, min_samples_split=2, n_estimators=100; total time=  10.4s
[CV] END max_depth=50, max_features=0.6, min_samples_leaf=4, min_samples_split=2, n_estimators=100; total time=  10.3s
[CV] END max_depth=None, max_features=sqrt, min_samples_leaf=16, min_samples_split=20, n_estimators=100; total time=   2.2s
[CV] END max_depth=None, max_features=sqrt, min_samples_leaf=16, min_samples_split=20, n_estimators=100; total time=   2.2s
[CV] END max_depth=None, max_features=sqrt, min_samples_leaf=16, min_samples_split=20, n_estimators=100; total time=   2.2s
[CV] END max_depth=None, max_features=0.2, min_samples_leaf=4, min_samples_split=10, n_estimators=200; total time=   5.9s
[CV] END max_depth=None, max_features=0.2, min_samples_leaf=4, min_samples_split=10, n_estimators=200; total time=   5.9s
[CV] END max_depth=None, max_features=0.2, min_samples_leaf=4, min_samples_split=10, n_estimators=200; total time=   6.0s
[CV] END max_depth=50, max_features=0.4, min_samples_leaf=8, min_samples_split=15, n_estimators=200; total time=  11.9s
[CV] END max_depth=50, max_features=0.4, min_samples_leaf=8, min_samples_split=15, n_estimators=200; total time=  12.3s
[CV] END max_depth=50, max_features=0.4, min_samples_leaf=8, min_samples_split=15, n_estimators=200; total time=  12.5s
[CV] END max_depth=20, max_features=0.4, min_samples_leaf=16, min_samples_split=5, n_estimators=200; total time=  11.9s
[CV] END max_depth=20, max_features=0.4, min_samples_leaf=16, min_samples_split=5, n_estimators=200; total time=  12.1s
[CV] END max_depth=20, max_features=0.4, min_samples_leaf=16, min_samples_split=5, n_estimators=200; total time=  12.3s
[CV] END max_depth=None, max_features=0.6, min_samples_leaf=8, min_samples_split=2, n_estimators=700; total time= 1.1min
[CV] END max_depth=None, max_features=0.6, min_samples_leaf=8, min_samples_split=2, n_estimators=700; total time= 1.1min
[CV] END max_depth=None, max_features=0.6, min_samples_leaf=8, min_samples_split=2, n_estimators=700; total time= 1.1min
[CV] END max_depth=30, max_features=0.4, min_samples_leaf=2, min_samples_split=2, n_estimators=100; total time=   6.5s
[CV] END max_depth=30, max_features=0.4, min_samples_leaf=2, min_samples_split=2, n_estimators=100; total time=   6.4s
[CV] END max_depth=30, max_features=0.4, min_samples_leaf=2, min_samples_split=2, n_estimators=100; total time=   6.8s
[CV] END max_depth=50, max_features=0.6, min_samples_leaf=2, min_samples_split=20, n_estimators=200; total time=  19.1s
[CV] END max_depth=50, max_features=0.6, min_samples_leaf=2, min_samples_split=20, n_estimators=200; total time=  19.0s
[CV] END max_depth=50, max_features=0.6, min_samples_leaf=2, min_samples_split=20, n_estimators=200; total time=  19.4s
[CV] END max_depth=50, max_features=log2, min_samples_leaf=2, min_samples_split=10, n_estimators=100; total time=   2.1s
[CV] END max_depth=50, max_features=log2, min_samples_leaf=2, min_samples_split=10, n_estimators=100; total time=   2.0s
[CV] END max_depth=50, max_features=log2, min_samples_leaf=2, min_samples_split=10, n_estimators=100; total time=   2.1s
[CV] END max_depth=None, max_features=0.6, min_samples_leaf=1, min_samples_split=2, n_estimators=200; total time=  19.7s
[CV] END max_depth=None, max_features=0.6, min_samples_leaf=1, min_samples_split=2, n_estimators=200; total time=  19.2s
[CV] END max_depth=None, max_features=0.6, min_samples_leaf=1, min_samples_split=2, n_estimators=200; total time=  19.7s
[CV] END max_depth=30, max_features=log2, min_samples_leaf=16, min_samples_split=5, n_estimators=100; total time=   1.9s
[CV] END max_depth=30, max_features=log2, min_samples_leaf=16, min_samples_split=5, n_estimators=100; total time=   2.0s
[CV] END max_depth=30, max_features=log2, min_samples_leaf=16, min_samples_split=5, n_estimators=100; total time=   1.9s
[CV] END max_depth=20, max_features=sqrt, min_samples_leaf=2, min_samples_split=5, n_estimators=200; total time=   4.3s
[CV] END max_depth=20, max_features=sqrt, min_samples_leaf=2, min_samples_split=5, n_estimators=200; total time=   4.0s
[CV] END max_depth=20, max_features=sqrt, min_samples_leaf=2, min_samples_split=5, n_estimators=200; total time=   4.3s
    │  Best CV F1-weighted : 0.999913
    │  Best params         : {'n_estimators': 700, 'min_samples_split': 15, 'min_samples_leaf': 1, 'max_features': 0.2, 'max_depth': 30}
    │  Total tuning time   : 954.7s
    └─ Saved: models/multiclass_seed44_RandomForest.pkl

  [23/30] task=multiclass  seed=44  model=XGBoost

    ┌─ XGBoost [GPU]
    │  Fitting 20 candidates × 3 folds = 60 fits …
Fitting 3 folds for each of 20 candidates, totalling 60 fits
[CV] END colsample_bytree=1.0, gamma=0.1, learning_rate=0.1, max_depth=12, n_estimators=100, subsample=0.5; total time=   2.0s
[CV] END colsample_bytree=1.0, gamma=0.1, learning_rate=0.1, max_depth=12, n_estimators=100, subsample=0.5; total time=   1.7s
[CV] END colsample_bytree=1.0, gamma=0.1, learning_rate=0.1, max_depth=12, n_estimators=100, subsample=0.5; total time=   1.7s
[CV] END colsample_bytree=0.6, gamma=0, learning_rate=0.1, max_depth=12, n_estimators=400, subsample=0.6; total time=   5.2s
[CV] END colsample_bytree=0.6, gamma=0, learning_rate=0.1, max_depth=12, n_estimators=400, subsample=0.6; total time=   5.2s
[CV] END colsample_bytree=0.6, gamma=0, learning_rate=0.1, max_depth=12, n_estimators=400, subsample=0.6; total time=   5.2s
[CV] END colsample_bytree=0.9, gamma=0.1, learning_rate=0.1, max_depth=12, n_estimators=400, subsample=0.9; total time=   4.3s
[CV] END colsample_bytree=0.9, gamma=0.1, learning_rate=0.1, max_depth=12, n_estimators=400, subsample=0.9; total time=   4.4s
[CV] END colsample_bytree=0.9, gamma=0.1, learning_rate=0.1, max_depth=12, n_estimators=400, subsample=0.9; total time=   4.4s
[CV] END colsample_bytree=0.9, gamma=0, learning_rate=0.01, max_depth=3, n_estimators=300, subsample=1.0; total time=   3.5s
[CV] END colsample_bytree=0.9, gamma=0, learning_rate=0.01, max_depth=3, n_estimators=300, subsample=1.0; total time=   3.6s
[CV] END colsample_bytree=0.9, gamma=0, learning_rate=0.01, max_depth=3, n_estimators=300, subsample=1.0; total time=   3.5s
[CV] END colsample_bytree=0.5, gamma=0, learning_rate=0.3, max_depth=7, n_estimators=500, subsample=0.6; total time=   5.0s
[CV] END colsample_bytree=0.5, gamma=0, learning_rate=0.3, max_depth=7, n_estimators=500, subsample=0.6; total time=   4.9s
[CV] END colsample_bytree=0.5, gamma=0, learning_rate=0.3, max_depth=7, n_estimators=500, subsample=0.6; total time=   4.9s
[CV] END colsample_bytree=0.6, gamma=0.05, learning_rate=0.05, max_depth=9, n_estimators=500, subsample=0.6; total time=   6.8s
[CV] END colsample_bytree=0.6, gamma=0.05, learning_rate=0.05, max_depth=9, n_estimators=500, subsample=0.6; total time=   6.6s
[CV] END colsample_bytree=0.6, gamma=0.05, learning_rate=0.05, max_depth=9, n_estimators=500, subsample=0.6; total time=   6.7s
[CV] END colsample_bytree=0.5, gamma=0.5, learning_rate=0.1, max_depth=3, n_estimators=400, subsample=1.0; total time=   3.4s
[CV] END colsample_bytree=0.5, gamma=0.5, learning_rate=0.1, max_depth=3, n_estimators=400, subsample=1.0; total time=   3.6s
[CV] END colsample_bytree=0.5, gamma=0.5, learning_rate=0.1, max_depth=3, n_estimators=400, subsample=1.0; total time=   3.4s
[CV] END colsample_bytree=0.6, gamma=0.05, learning_rate=0.2, max_depth=7, n_estimators=200, subsample=0.5; total time=   2.5s
[CV] END colsample_bytree=0.6, gamma=0.05, learning_rate=0.2, max_depth=7, n_estimators=200, subsample=0.5; total time=   2.4s
[CV] END colsample_bytree=0.6, gamma=0.05, learning_rate=0.2, max_depth=7, n_estimators=200, subsample=0.5; total time=   2.4s
[CV] END colsample_bytree=0.5, gamma=1.0, learning_rate=0.2, max_depth=7, n_estimators=500, subsample=0.8; total time=   4.2s
[CV] END colsample_bytree=0.5, gamma=1.0, learning_rate=0.2, max_depth=7, n_estimators=500, subsample=0.8; total time=   4.2s
[CV] END colsample_bytree=0.5, gamma=1.0, learning_rate=0.2, max_depth=7, n_estimators=500, subsample=0.8; total time=   4.0s
[CV] END colsample_bytree=0.5, gamma=1.0, learning_rate=0.1, max_depth=5, n_estimators=500, subsample=1.0; total time=   4.1s
[CV] END colsample_bytree=0.5, gamma=1.0, learning_rate=0.1, max_depth=5, n_estimators=500, subsample=1.0; total time=   4.2s
[CV] END colsample_bytree=0.5, gamma=1.0, learning_rate=0.1, max_depth=5, n_estimators=500, subsample=1.0; total time=   4.0s
[CV] END colsample_bytree=0.5, gamma=1.0, learning_rate=0.3, max_depth=7, n_estimators=100, subsample=0.5; total time=   1.1s
[CV] END colsample_bytree=0.5, gamma=1.0, learning_rate=0.3, max_depth=7, n_estimators=100, subsample=0.5; total time=   1.2s
[CV] END colsample_bytree=0.5, gamma=1.0, learning_rate=0.3, max_depth=7, n_estimators=100, subsample=0.5; total time=   1.2s
[CV] END colsample_bytree=0.8, gamma=0.5, learning_rate=0.05, max_depth=7, n_estimators=300, subsample=0.8; total time=   3.8s
[CV] END colsample_bytree=0.8, gamma=0.5, learning_rate=0.05, max_depth=7, n_estimators=300, subsample=0.8; total time=   3.8s
[CV] END colsample_bytree=0.8, gamma=0.5, learning_rate=0.05, max_depth=7, n_estimators=300, subsample=0.8; total time=   3.7s
[CV] END colsample_bytree=1.0, gamma=1.0, learning_rate=0.3, max_depth=3, n_estimators=300, subsample=0.6; total time=   2.4s
[CV] END colsample_bytree=1.0, gamma=1.0, learning_rate=0.3, max_depth=3, n_estimators=300, subsample=0.6; total time=   2.4s
[CV] END colsample_bytree=1.0, gamma=1.0, learning_rate=0.3, max_depth=3, n_estimators=300, subsample=0.6; total time=   2.3s
[CV] END colsample_bytree=0.6, gamma=0.1, learning_rate=0.01, max_depth=5, n_estimators=200, subsample=0.8; total time=   2.9s
[CV] END colsample_bytree=0.6, gamma=0.1, learning_rate=0.01, max_depth=5, n_estimators=200, subsample=0.8; total time=   3.0s
[CV] END colsample_bytree=0.6, gamma=0.1, learning_rate=0.01, max_depth=5, n_estimators=200, subsample=0.8; total time=   2.9s
[CV] END colsample_bytree=1.0, gamma=1.0, learning_rate=0.1, max_depth=3, n_estimators=100, subsample=1.0; total time=   1.2s
[CV] END colsample_bytree=1.0, gamma=1.0, learning_rate=0.1, max_depth=3, n_estimators=100, subsample=1.0; total time=   1.3s
[CV] END colsample_bytree=1.0, gamma=1.0, learning_rate=0.1, max_depth=3, n_estimators=100, subsample=1.0; total time=   1.2s
[CV] END colsample_bytree=0.8, gamma=0.1, learning_rate=0.05, max_depth=3, n_estimators=400, subsample=0.6; total time=   4.6s
[CV] END colsample_bytree=0.8, gamma=0.1, learning_rate=0.05, max_depth=3, n_estimators=400, subsample=0.6; total time=   4.8s
[CV] END colsample_bytree=0.8, gamma=0.1, learning_rate=0.05, max_depth=3, n_estimators=400, subsample=0.6; total time=   4.6s
[CV] END colsample_bytree=1.0, gamma=0.1, learning_rate=0.1, max_depth=3, n_estimators=400, subsample=1.0; total time=   3.5s
[CV] END colsample_bytree=1.0, gamma=0.1, learning_rate=0.1, max_depth=3, n_estimators=400, subsample=1.0; total time=   3.6s
[CV] END colsample_bytree=1.0, gamma=0.1, learning_rate=0.1, max_depth=3, n_estimators=400, subsample=1.0; total time=   3.5s
[CV] END colsample_bytree=0.9, gamma=1.0, learning_rate=0.01, max_depth=12, n_estimators=100, subsample=0.5; total time=   1.8s
[CV] END colsample_bytree=0.9, gamma=1.0, learning_rate=0.01, max_depth=12, n_estimators=100, subsample=0.5; total time=   1.9s
[CV] END colsample_bytree=0.9, gamma=1.0, learning_rate=0.01, max_depth=12, n_estimators=100, subsample=0.5; total time=   1.8s
[CV] END colsample_bytree=0.5, gamma=0, learning_rate=0.3, max_depth=9, n_estimators=100, subsample=1.0; total time=   1.5s
[CV] END colsample_bytree=0.5, gamma=0, learning_rate=0.3, max_depth=9, n_estimators=100, subsample=1.0; total time=   1.5s
[CV] END colsample_bytree=0.5, gamma=0, learning_rate=0.3, max_depth=9, n_estimators=100, subsample=1.0; total time=   1.5s
[CV] END colsample_bytree=0.5, gamma=0.5, learning_rate=0.2, max_depth=5, n_estimators=100, subsample=0.5; total time=   1.2s
[CV] END colsample_bytree=0.5, gamma=0.5, learning_rate=0.2, max_depth=5, n_estimators=100, subsample=0.5; total time=   1.3s
[CV] END colsample_bytree=0.5, gamma=0.5, learning_rate=0.2, max_depth=5, n_estimators=100, subsample=0.5; total time=   1.2s
    │  Best CV F1-weighted : 0.999922
    │  Best params         : {'subsample': 0.6, 'n_estimators': 500, 'max_depth': 9, 'learning_rate': 0.05, 'gamma': 0.05, 'colsample_bytree': 0.6}
    │  Total tuning time   : 205.1s
    └─ Saved: models/multiclass_seed44_XGBoost.pkl

  [24/30] task=multiclass  seed=44  model=DecisionTree

    ┌─ DecisionTree [CPU]
    │  Fitting 20 candidates × 3 folds = 60 fits …
Fitting 3 folds for each of 20 candidates, totalling 60 fits
[CV] END criterion=gini, max_depth=5, min_samples_leaf=16, min_samples_split=2, splitter=random; total time=   0.4s
[CV] END criterion=gini, max_depth=5, min_samples_leaf=16, min_samples_split=2, splitter=random; total time=   0.4s
[CV] END criterion=gini, max_depth=5, min_samples_leaf=16, min_samples_split=2, splitter=random; total time=   0.4s
[CV] END criterion=gini, max_depth=5, min_samples_leaf=4, min_samples_split=50, splitter=best; total time=   2.4s
[CV] END criterion=gini, max_depth=5, min_samples_leaf=4, min_samples_split=50, splitter=best; total time=   2.4s
[CV] END criterion=gini, max_depth=5, min_samples_leaf=4, min_samples_split=50, splitter=best; total time=   2.4s
[CV] END criterion=entropy, max_depth=30, min_samples_leaf=4, min_samples_split=2, splitter=random; total time=   0.7s
[CV] END criterion=entropy, max_depth=30, min_samples_leaf=4, min_samples_split=2, splitter=random; total time=   0.6s
[CV] END criterion=entropy, max_depth=30, min_samples_leaf=4, min_samples_split=2, splitter=random; total time=   0.5s
[CV] END criterion=entropy, max_depth=5, min_samples_leaf=1, min_samples_split=10, splitter=best; total time=   2.9s
[CV] END criterion=entropy, max_depth=5, min_samples_leaf=1, min_samples_split=10, splitter=best; total time=   3.0s
[CV] END criterion=entropy, max_depth=5, min_samples_leaf=1, min_samples_split=10, splitter=best; total time=   3.1s
[CV] END criterion=gini, max_depth=10, min_samples_leaf=4, min_samples_split=5, splitter=best; total time=   3.9s
[CV] END criterion=gini, max_depth=10, min_samples_leaf=4, min_samples_split=5, splitter=best; total time=   4.0s
[CV] END criterion=gini, max_depth=10, min_samples_leaf=4, min_samples_split=5, splitter=best; total time=   4.5s
[CV] END criterion=gini, max_depth=30, min_samples_leaf=1, min_samples_split=10, splitter=best; total time=   5.5s
[CV] END criterion=gini, max_depth=30, min_samples_leaf=1, min_samples_split=10, splitter=best; total time=   6.2s
[CV] END criterion=gini, max_depth=30, min_samples_leaf=1, min_samples_split=10, splitter=best; total time=   6.1s
[CV] END criterion=entropy, max_depth=None, min_samples_leaf=4, min_samples_split=5, splitter=random; total time=   0.7s
[CV] END criterion=entropy, max_depth=None, min_samples_leaf=4, min_samples_split=5, splitter=random; total time=   0.7s
[CV] END criterion=entropy, max_depth=None, min_samples_leaf=4, min_samples_split=5, splitter=random; total time=   0.5s
[CV] END criterion=entropy, max_depth=30, min_samples_leaf=4, min_samples_split=10, splitter=best; total time=   4.3s
[CV] END criterion=entropy, max_depth=30, min_samples_leaf=4, min_samples_split=10, splitter=best; total time=   3.9s
[CV] END criterion=entropy, max_depth=30, min_samples_leaf=4, min_samples_split=10, splitter=best; total time=   4.5s
[CV] END criterion=entropy, max_depth=5, min_samples_leaf=4, min_samples_split=2, splitter=best; total time=   3.2s
[CV] END criterion=entropy, max_depth=5, min_samples_leaf=4, min_samples_split=2, splitter=best; total time=   3.2s
[CV] END criterion=entropy, max_depth=5, min_samples_leaf=4, min_samples_split=2, splitter=best; total time=   3.3s
[CV] END criterion=gini, max_depth=None, min_samples_leaf=16, min_samples_split=50, splitter=random; total time=   0.7s
[CV] END criterion=gini, max_depth=None, min_samples_leaf=16, min_samples_split=50, splitter=random; total time=   0.8s
[CV] END criterion=gini, max_depth=None, min_samples_leaf=16, min_samples_split=50, splitter=random; total time=   0.8s
[CV] END criterion=gini, max_depth=20, min_samples_leaf=2, min_samples_split=10, splitter=random; total time=   0.8s
[CV] END criterion=gini, max_depth=20, min_samples_leaf=2, min_samples_split=10, splitter=random; total time=   0.7s
[CV] END criterion=gini, max_depth=20, min_samples_leaf=2, min_samples_split=10, splitter=random; total time=   0.8s
[CV] END criterion=gini, max_depth=20, min_samples_leaf=4, min_samples_split=50, splitter=random; total time=   0.9s
[CV] END criterion=gini, max_depth=20, min_samples_leaf=4, min_samples_split=50, splitter=random; total time=   0.8s
[CV] END criterion=gini, max_depth=20, min_samples_leaf=4, min_samples_split=50, splitter=random; total time=   0.8s
[CV] END criterion=entropy, max_depth=10, min_samples_leaf=16, min_samples_split=2, splitter=best; total time=   4.2s
[CV] END criterion=entropy, max_depth=10, min_samples_leaf=16, min_samples_split=2, splitter=best; total time=   4.0s
[CV] END criterion=entropy, max_depth=10, min_samples_leaf=16, min_samples_split=2, splitter=best; total time=   4.4s
[CV] END criterion=gini, max_depth=10, min_samples_leaf=8, min_samples_split=20, splitter=random; total time=   0.8s
[CV] END criterion=gini, max_depth=10, min_samples_leaf=8, min_samples_split=20, splitter=random; total time=   0.7s
[CV] END criterion=gini, max_depth=10, min_samples_leaf=8, min_samples_split=20, splitter=random; total time=   0.7s
[CV] END criterion=gini, max_depth=20, min_samples_leaf=1, min_samples_split=20, splitter=random; total time=   0.7s
[CV] END criterion=gini, max_depth=20, min_samples_leaf=1, min_samples_split=20, splitter=random; total time=   1.0s
[CV] END criterion=gini, max_depth=20, min_samples_leaf=1, min_samples_split=20, splitter=random; total time=   0.7s
[CV] END criterion=gini, max_depth=10, min_samples_leaf=16, min_samples_split=10, splitter=random; total time=   0.7s
[CV] END criterion=gini, max_depth=10, min_samples_leaf=16, min_samples_split=10, splitter=random; total time=   0.7s
[CV] END criterion=gini, max_depth=10, min_samples_leaf=16, min_samples_split=10, splitter=random; total time=   0.7s
[CV] END criterion=entropy, max_depth=None, min_samples_leaf=2, min_samples_split=50, splitter=random; total time=   0.6s
[CV] END criterion=entropy, max_depth=None, min_samples_leaf=2, min_samples_split=50, splitter=random; total time=   0.6s
[CV] END criterion=entropy, max_depth=None, min_samples_leaf=2, min_samples_split=50, splitter=random; total time=   0.5s
[CV] END criterion=entropy, max_depth=None, min_samples_leaf=16, min_samples_split=2, splitter=random; total time=   0.7s
[CV] END criterion=entropy, max_depth=None, min_samples_leaf=16, min_samples_split=2, splitter=random; total time=   0.7s
[CV] END criterion=entropy, max_depth=None, min_samples_leaf=16, min_samples_split=2, splitter=random; total time=   0.6s
[CV] END criterion=gini, max_depth=30, min_samples_leaf=4, min_samples_split=10, splitter=best; total time=   5.5s
[CV] END criterion=gini, max_depth=30, min_samples_leaf=4, min_samples_split=10, splitter=best; total time=   5.9s
[CV] END criterion=gini, max_depth=30, min_samples_leaf=4, min_samples_split=10, splitter=best; total time=   5.8s
[CV] END criterion=gini, max_depth=30, min_samples_leaf=1, min_samples_split=20, splitter=best; total time=   5.1s
[CV] END criterion=gini, max_depth=30, min_samples_leaf=1, min_samples_split=20, splitter=best; total time=   5.8s
[CV] END criterion=gini, max_depth=30, min_samples_leaf=1, min_samples_split=20, splitter=best; total time=   5.6s
    │  Best CV F1-weighted : 0.999617
    │  Best params         : {'splitter': 'best', 'min_samples_split': 10, 'min_samples_leaf': 1, 'max_depth': 30, 'criterion': 'gini'}
    │  Total tuning time   : 147.1s
    └─ Saved: models/multiclass_seed44_DecisionTree.pkl

  ────────────────────────────────────────────────────────
  Seed 45  |  task=multiclass
  ────────────────────────────────────────────────────────
  Train: 334,364 samples  |  Test: 143,299 samples

  [25/30] task=multiclass  seed=45  model=RandomForest

    ┌─ RandomForest [CPU]
    │  Fitting 20 candidates × 3 folds = 60 fits …
Fitting 3 folds for each of 20 candidates, totalling 60 fits
[CV] END max_depth=50, max_features=0.6, min_samples_leaf=1, min_samples_split=15, n_estimators=700; total time= 1.1min
[CV] END max_depth=50, max_features=0.6, min_samples_leaf=1, min_samples_split=15, n_estimators=700; total time= 1.1min
[CV] END max_depth=50, max_features=0.6, min_samples_leaf=1, min_samples_split=15, n_estimators=700; total time= 1.1min
[CV] END max_depth=30, max_features=0.6, min_samples_leaf=8, min_samples_split=10, n_estimators=300; total time=  29.4s
[CV] END max_depth=30, max_features=0.6, min_samples_leaf=8, min_samples_split=10, n_estimators=300; total time=  28.3s
[CV] END max_depth=30, max_features=0.6, min_samples_leaf=8, min_samples_split=10, n_estimators=300; total time=  28.9s
[CV] END max_depth=20, max_features=0.4, min_samples_leaf=2, min_samples_split=15, n_estimators=300; total time=  18.3s
[CV] END max_depth=20, max_features=0.4, min_samples_leaf=2, min_samples_split=15, n_estimators=300; total time=  18.1s
[CV] END max_depth=20, max_features=0.4, min_samples_leaf=2, min_samples_split=15, n_estimators=300; total time=  18.6s
[CV] END max_depth=30, max_features=sqrt, min_samples_leaf=2, min_samples_split=15, n_estimators=200; total time=   4.3s
[CV] END max_depth=30, max_features=sqrt, min_samples_leaf=2, min_samples_split=15, n_estimators=200; total time=   4.2s
[CV] END max_depth=30, max_features=sqrt, min_samples_leaf=2, min_samples_split=15, n_estimators=200; total time=   4.2s
[CV] END max_depth=None, max_features=0.6, min_samples_leaf=16, min_samples_split=5, n_estimators=300; total time=  29.8s
[CV] END max_depth=None, max_features=0.6, min_samples_leaf=16, min_samples_split=5, n_estimators=300; total time=  29.4s
[CV] END max_depth=None, max_features=0.6, min_samples_leaf=16, min_samples_split=5, n_estimators=300; total time=  29.0s
[CV] END max_depth=None, max_features=log2, min_samples_leaf=2, min_samples_split=10, n_estimators=500; total time=   8.5s
[CV] END max_depth=None, max_features=log2, min_samples_leaf=2, min_samples_split=10, n_estimators=500; total time=   8.5s
[CV] END max_depth=None, max_features=log2, min_samples_leaf=2, min_samples_split=10, n_estimators=500; total time=   8.5s
[CV] END max_depth=None, max_features=0.6, min_samples_leaf=8, min_samples_split=5, n_estimators=100; total time=  10.6s
[CV] END max_depth=None, max_features=0.6, min_samples_leaf=8, min_samples_split=5, n_estimators=100; total time=  10.6s
[CV] END max_depth=None, max_features=0.6, min_samples_leaf=8, min_samples_split=5, n_estimators=100; total time=  10.1s
[CV] END max_depth=None, max_features=0.4, min_samples_leaf=1, min_samples_split=2, n_estimators=300; total time=  18.0s
[CV] END max_depth=None, max_features=0.4, min_samples_leaf=1, min_samples_split=2, n_estimators=300; total time=  18.0s
[CV] END max_depth=None, max_features=0.4, min_samples_leaf=1, min_samples_split=2, n_estimators=300; total time=  18.2s
[CV] END max_depth=None, max_features=sqrt, min_samples_leaf=1, min_samples_split=15, n_estimators=100; total time=   2.3s
[CV] END max_depth=None, max_features=sqrt, min_samples_leaf=1, min_samples_split=15, n_estimators=100; total time=   2.3s
[CV] END max_depth=None, max_features=sqrt, min_samples_leaf=1, min_samples_split=15, n_estimators=100; total time=   2.5s
[CV] END max_depth=None, max_features=0.6, min_samples_leaf=8, min_samples_split=2, n_estimators=300; total time=  29.6s
[CV] END max_depth=None, max_features=0.6, min_samples_leaf=8, min_samples_split=2, n_estimators=300; total time=  28.6s
[CV] END max_depth=None, max_features=0.6, min_samples_leaf=8, min_samples_split=2, n_estimators=300; total time=  28.8s
[CV] END max_depth=None, max_features=0.4, min_samples_leaf=1, min_samples_split=20, n_estimators=500; total time=  29.4s
[CV] END max_depth=None, max_features=0.4, min_samples_leaf=1, min_samples_split=20, n_estimators=500; total time=  29.5s
[CV] END max_depth=None, max_features=0.4, min_samples_leaf=1, min_samples_split=20, n_estimators=500; total time=  29.5s
[CV] END max_depth=20, max_features=sqrt, min_samples_leaf=8, min_samples_split=5, n_estimators=500; total time=   9.7s
[CV] END max_depth=20, max_features=sqrt, min_samples_leaf=8, min_samples_split=5, n_estimators=500; total time=   9.8s
[CV] END max_depth=20, max_features=sqrt, min_samples_leaf=8, min_samples_split=5, n_estimators=500; total time=   9.7s
[CV] END max_depth=None, max_features=0.6, min_samples_leaf=4, min_samples_split=15, n_estimators=700; total time= 1.1min
[CV] END max_depth=None, max_features=0.6, min_samples_leaf=4, min_samples_split=15, n_estimators=700; total time= 1.1min
[CV] END max_depth=None, max_features=0.6, min_samples_leaf=4, min_samples_split=15, n_estimators=700; total time= 1.1min
[CV] END max_depth=30, max_features=0.4, min_samples_leaf=4, min_samples_split=10, n_estimators=300; total time=  17.9s
[CV] END max_depth=30, max_features=0.4, min_samples_leaf=4, min_samples_split=10, n_estimators=300; total time=  18.0s
[CV] END max_depth=30, max_features=0.4, min_samples_leaf=4, min_samples_split=10, n_estimators=300; total time=  18.1s
[CV] END max_depth=30, max_features=log2, min_samples_leaf=4, min_samples_split=20, n_estimators=300; total time=   5.2s
[CV] END max_depth=30, max_features=log2, min_samples_leaf=4, min_samples_split=20, n_estimators=300; total time=   5.2s
[CV] END max_depth=30, max_features=log2, min_samples_leaf=4, min_samples_split=20, n_estimators=300; total time=   5.2s
[CV] END max_depth=30, max_features=0.4, min_samples_leaf=4, min_samples_split=15, n_estimators=200; total time=  12.6s
[CV] END max_depth=30, max_features=0.4, min_samples_leaf=4, min_samples_split=15, n_estimators=200; total time=  12.7s
[CV] END max_depth=30, max_features=0.4, min_samples_leaf=4, min_samples_split=15, n_estimators=200; total time=  12.6s
[CV] END max_depth=50, max_features=0.6, min_samples_leaf=8, min_samples_split=10, n_estimators=700; total time= 1.1min
[CV] END max_depth=50, max_features=0.6, min_samples_leaf=8, min_samples_split=10, n_estimators=700; total time= 1.1min
[CV] END max_depth=50, max_features=0.6, min_samples_leaf=8, min_samples_split=10, n_estimators=700; total time= 1.1min
[CV] END max_depth=50, max_features=sqrt, min_samples_leaf=2, min_samples_split=5, n_estimators=700; total time=  13.3s
[CV] END max_depth=50, max_features=sqrt, min_samples_leaf=2, min_samples_split=5, n_estimators=700; total time=  13.4s
[CV] END max_depth=50, max_features=sqrt, min_samples_leaf=2, min_samples_split=5, n_estimators=700; total time=  13.4s
[CV] END max_depth=None, max_features=log2, min_samples_leaf=4, min_samples_split=20, n_estimators=200; total time=   3.6s
[CV] END max_depth=None, max_features=log2, min_samples_leaf=4, min_samples_split=20, n_estimators=200; total time=   3.6s
[CV] END max_depth=None, max_features=log2, min_samples_leaf=4, min_samples_split=20, n_estimators=200; total time=   3.6s
[CV] END max_depth=10, max_features=0.6, min_samples_leaf=1, min_samples_split=5, n_estimators=700; total time=  52.5s
[CV] END max_depth=10, max_features=0.6, min_samples_leaf=1, min_samples_split=5, n_estimators=700; total time=  52.1s
[CV] END max_depth=10, max_features=0.6, min_samples_leaf=1, min_samples_split=5, n_estimators=700; total time=  51.8s
    │  Best CV F1-weighted : 0.999922
    │  Best params         : {'n_estimators': 300, 'min_samples_split': 2, 'min_samples_leaf': 1, 'max_features': 0.4, 'max_depth': None}
    │  Total tuning time   : 1503.3s
    └─ Saved: models/multiclass_seed45_RandomForest.pkl

  [26/30] task=multiclass  seed=45  model=XGBoost

    ┌─ XGBoost [GPU]
    │  Fitting 20 candidates × 3 folds = 60 fits …
Fitting 3 folds for each of 20 candidates, totalling 60 fits
[CV] END colsample_bytree=0.8, gamma=0.05, learning_rate=0.05, max_depth=12, n_estimators=400, subsample=0.5; total time=   5.8s
[CV] END colsample_bytree=0.8, gamma=0.05, learning_rate=0.05, max_depth=12, n_estimators=400, subsample=0.5; total time=   5.7s
[CV] END colsample_bytree=0.8, gamma=0.05, learning_rate=0.05, max_depth=12, n_estimators=400, subsample=0.5; total time=   5.3s
[CV] END colsample_bytree=0.8, gamma=0, learning_rate=0.1, max_depth=7, n_estimators=200, subsample=0.9; total time=   3.0s
[CV] END colsample_bytree=0.8, gamma=0, learning_rate=0.1, max_depth=7, n_estimators=200, subsample=0.9; total time=   3.0s
[CV] END colsample_bytree=0.8, gamma=0, learning_rate=0.1, max_depth=7, n_estimators=200, subsample=0.9; total time=   2.9s
[CV] END colsample_bytree=1.0, gamma=0.1, learning_rate=0.05, max_depth=9, n_estimators=200, subsample=0.5; total time=   3.2s
[CV] END colsample_bytree=1.0, gamma=0.1, learning_rate=0.05, max_depth=9, n_estimators=200, subsample=0.5; total time=   3.3s
[CV] END colsample_bytree=1.0, gamma=0.1, learning_rate=0.05, max_depth=9, n_estimators=200, subsample=0.5; total time=   3.2s
[CV] END colsample_bytree=0.6, gamma=1.0, learning_rate=0.2, max_depth=3, n_estimators=300, subsample=0.8; total time=   2.4s
[CV] END colsample_bytree=0.6, gamma=1.0, learning_rate=0.2, max_depth=3, n_estimators=300, subsample=0.8; total time=   2.5s
[CV] END colsample_bytree=0.6, gamma=1.0, learning_rate=0.2, max_depth=3, n_estimators=300, subsample=0.8; total time=   2.5s
[CV] END colsample_bytree=0.9, gamma=0.5, learning_rate=0.3, max_depth=7, n_estimators=200, subsample=0.9; total time=   1.8s
[CV] END colsample_bytree=0.9, gamma=0.5, learning_rate=0.3, max_depth=7, n_estimators=200, subsample=0.9; total time=   1.9s
[CV] END colsample_bytree=0.9, gamma=0.5, learning_rate=0.3, max_depth=7, n_estimators=200, subsample=0.9; total time=   1.8s
[CV] END colsample_bytree=1.0, gamma=0, learning_rate=0.2, max_depth=3, n_estimators=500, subsample=0.5; total time=   4.7s
[CV] END colsample_bytree=1.0, gamma=0, learning_rate=0.2, max_depth=3, n_estimators=500, subsample=0.5; total time=   5.0s
[CV] END colsample_bytree=1.0, gamma=0, learning_rate=0.2, max_depth=3, n_estimators=500, subsample=0.5; total time=   4.7s
[CV] END colsample_bytree=0.5, gamma=0, learning_rate=0.05, max_depth=5, n_estimators=300, subsample=0.9; total time=   4.5s
[CV] END colsample_bytree=0.5, gamma=0, learning_rate=0.05, max_depth=5, n_estimators=300, subsample=0.9; total time=   4.6s
[CV] END colsample_bytree=0.5, gamma=0, learning_rate=0.05, max_depth=5, n_estimators=300, subsample=0.9; total time=   4.4s
[CV] END colsample_bytree=0.8, gamma=1.0, learning_rate=0.01, max_depth=3, n_estimators=500, subsample=0.8; total time=   5.8s
[CV] END colsample_bytree=0.8, gamma=1.0, learning_rate=0.01, max_depth=3, n_estimators=500, subsample=0.8; total time=   6.1s
[CV] END colsample_bytree=0.8, gamma=1.0, learning_rate=0.01, max_depth=3, n_estimators=500, subsample=0.8; total time=   5.9s
[CV] END colsample_bytree=1.0, gamma=0, learning_rate=0.05, max_depth=5, n_estimators=400, subsample=0.5; total time=   5.3s
[CV] END colsample_bytree=1.0, gamma=0, learning_rate=0.05, max_depth=5, n_estimators=400, subsample=0.5; total time=   5.6s
[CV] END colsample_bytree=1.0, gamma=0, learning_rate=0.05, max_depth=5, n_estimators=400, subsample=0.5; total time=   5.2s
[CV] END colsample_bytree=0.6, gamma=0, learning_rate=0.3, max_depth=9, n_estimators=100, subsample=1.0; total time=   1.5s
[CV] END colsample_bytree=0.6, gamma=0, learning_rate=0.3, max_depth=9, n_estimators=100, subsample=1.0; total time=   1.5s
[CV] END colsample_bytree=0.6, gamma=0, learning_rate=0.3, max_depth=9, n_estimators=100, subsample=1.0; total time=   1.5s
[CV] END colsample_bytree=0.9, gamma=1.0, learning_rate=0.2, max_depth=7, n_estimators=100, subsample=0.9; total time=   1.2s
[CV] END colsample_bytree=0.9, gamma=1.0, learning_rate=0.2, max_depth=7, n_estimators=100, subsample=0.9; total time=   1.2s
[CV] END colsample_bytree=0.9, gamma=1.0, learning_rate=0.2, max_depth=7, n_estimators=100, subsample=0.9; total time=   1.2s
[CV] END colsample_bytree=0.5, gamma=0, learning_rate=0.3, max_depth=9, n_estimators=100, subsample=0.8; total time=   1.6s
[CV] END colsample_bytree=0.5, gamma=0, learning_rate=0.3, max_depth=9, n_estimators=100, subsample=0.8; total time=   1.5s
[CV] END colsample_bytree=0.5, gamma=0, learning_rate=0.3, max_depth=9, n_estimators=100, subsample=0.8; total time=   1.5s
[CV] END colsample_bytree=0.8, gamma=0.5, learning_rate=0.2, max_depth=9, n_estimators=400, subsample=0.5; total time=   3.4s
[CV] END colsample_bytree=0.8, gamma=0.5, learning_rate=0.2, max_depth=9, n_estimators=400, subsample=0.5; total time=   3.5s
[CV] END colsample_bytree=0.8, gamma=0.5, learning_rate=0.2, max_depth=9, n_estimators=400, subsample=0.5; total time=   3.4s
[CV] END colsample_bytree=1.0, gamma=0.05, learning_rate=0.2, max_depth=12, n_estimators=500, subsample=0.6; total time=   4.5s
[CV] END colsample_bytree=1.0, gamma=0.05, learning_rate=0.2, max_depth=12, n_estimators=500, subsample=0.6; total time=   4.6s
[CV] END colsample_bytree=1.0, gamma=0.05, learning_rate=0.2, max_depth=12, n_estimators=500, subsample=0.6; total time=   4.4s
[CV] END colsample_bytree=1.0, gamma=0, learning_rate=0.1, max_depth=12, n_estimators=200, subsample=0.8; total time=   3.1s
[CV] END colsample_bytree=1.0, gamma=0, learning_rate=0.1, max_depth=12, n_estimators=200, subsample=0.8; total time=   3.2s
[CV] END colsample_bytree=1.0, gamma=0, learning_rate=0.1, max_depth=12, n_estimators=200, subsample=0.8; total time=   3.1s
[CV] END colsample_bytree=0.8, gamma=0.1, learning_rate=0.3, max_depth=7, n_estimators=100, subsample=1.0; total time=   1.2s
[CV] END colsample_bytree=0.8, gamma=0.1, learning_rate=0.3, max_depth=7, n_estimators=100, subsample=1.0; total time=   1.2s
[CV] END colsample_bytree=0.8, gamma=0.1, learning_rate=0.3, max_depth=7, n_estimators=100, subsample=1.0; total time=   1.1s
[CV] END colsample_bytree=1.0, gamma=1.0, learning_rate=0.3, max_depth=9, n_estimators=100, subsample=0.5; total time=   1.1s
[CV] END colsample_bytree=1.0, gamma=1.0, learning_rate=0.3, max_depth=9, n_estimators=100, subsample=0.5; total time=   1.1s
[CV] END colsample_bytree=1.0, gamma=1.0, learning_rate=0.3, max_depth=9, n_estimators=100, subsample=0.5; total time=   1.1s
[CV] END colsample_bytree=1.0, gamma=0.5, learning_rate=0.05, max_depth=12, n_estimators=100, subsample=0.5; total time=   1.8s
[CV] END colsample_bytree=1.0, gamma=0.5, learning_rate=0.05, max_depth=12, n_estimators=100, subsample=0.5; total time=   1.8s
[CV] END colsample_bytree=1.0, gamma=0.5, learning_rate=0.05, max_depth=12, n_estimators=100, subsample=0.5; total time=   1.8s
[CV] END colsample_bytree=0.8, gamma=0.05, learning_rate=0.2, max_depth=9, n_estimators=500, subsample=1.0; total time=   4.1s
[CV] END colsample_bytree=0.8, gamma=0.05, learning_rate=0.2, max_depth=9, n_estimators=500, subsample=1.0; total time=   4.3s
[CV] END colsample_bytree=0.8, gamma=0.05, learning_rate=0.2, max_depth=9, n_estimators=500, subsample=1.0; total time=   4.1s
[CV] END colsample_bytree=0.9, gamma=1.0, learning_rate=0.1, max_depth=7, n_estimators=400, subsample=1.0; total time=   3.4s
[CV] END colsample_bytree=0.9, gamma=1.0, learning_rate=0.1, max_depth=7, n_estimators=400, subsample=1.0; total time=   3.5s
[CV] END colsample_bytree=0.9, gamma=1.0, learning_rate=0.1, max_depth=7, n_estimators=400, subsample=1.0; total time=   3.4s
    │  Best CV F1-weighted : 0.999928
    │  Best params         : {'subsample': 0.5, 'n_estimators': 500, 'max_depth': 3, 'learning_rate': 0.2, 'gamma': 0, 'colsample_bytree': 1.0}
    │  Total tuning time   : 198.7s
    └─ Saved: models/multiclass_seed45_XGBoost.pkl

  [27/30] task=multiclass  seed=45  model=DecisionTree

    ┌─ DecisionTree [CPU]
    │  Fitting 20 candidates × 3 folds = 60 fits …
Fitting 3 folds for each of 20 candidates, totalling 60 fits
[CV] END criterion=gini, max_depth=30, min_samples_leaf=1, min_samples_split=10, splitter=best; total time=   6.1s
[CV] END criterion=gini, max_depth=30, min_samples_leaf=1, min_samples_split=10, splitter=best; total time=   5.7s
[CV] END criterion=gini, max_depth=30, min_samples_leaf=1, min_samples_split=10, splitter=best; total time=   5.6s
[CV] END criterion=entropy, max_depth=30, min_samples_leaf=8, min_samples_split=2, splitter=random; total time=   0.6s
[CV] END criterion=entropy, max_depth=30, min_samples_leaf=8, min_samples_split=2, splitter=random; total time=   0.5s
[CV] END criterion=entropy, max_depth=30, min_samples_leaf=8, min_samples_split=2, splitter=random; total time=   0.6s
[CV] END criterion=entropy, max_depth=None, min_samples_leaf=16, min_samples_split=20, splitter=best; total time=   4.4s
[CV] END criterion=entropy, max_depth=None, min_samples_leaf=16, min_samples_split=20, splitter=best; total time=   4.0s
[CV] END criterion=entropy, max_depth=None, min_samples_leaf=16, min_samples_split=20, splitter=best; total time=   4.2s
[CV] END criterion=gini, max_depth=None, min_samples_leaf=8, min_samples_split=50, splitter=best; total time=   6.2s
[CV] END criterion=gini, max_depth=None, min_samples_leaf=8, min_samples_split=50, splitter=best; total time=   5.7s
[CV] END criterion=gini, max_depth=None, min_samples_leaf=8, min_samples_split=50, splitter=best; total time=   5.7s
[CV] END criterion=entropy, max_depth=None, min_samples_leaf=16, min_samples_split=50, splitter=best; total time=   4.4s
[CV] END criterion=entropy, max_depth=None, min_samples_leaf=16, min_samples_split=50, splitter=best; total time=   4.0s
[CV] END criterion=entropy, max_depth=None, min_samples_leaf=16, min_samples_split=50, splitter=best; total time=   4.4s
[CV] END criterion=gini, max_depth=5, min_samples_leaf=2, min_samples_split=2, splitter=random; total time=   0.4s
[CV] END criterion=gini, max_depth=5, min_samples_leaf=2, min_samples_split=2, splitter=random; total time=   0.4s
[CV] END criterion=gini, max_depth=5, min_samples_leaf=2, min_samples_split=2, splitter=random; total time=   0.4s
[CV] END criterion=entropy, max_depth=10, min_samples_leaf=4, min_samples_split=2, splitter=random; total time=   0.5s
[CV] END criterion=entropy, max_depth=10, min_samples_leaf=4, min_samples_split=2, splitter=random; total time=   0.5s
[CV] END criterion=entropy, max_depth=10, min_samples_leaf=4, min_samples_split=2, splitter=random; total time=   0.5s
[CV] END criterion=entropy, max_depth=10, min_samples_leaf=2, min_samples_split=2, splitter=best; total time=   4.5s
[CV] END criterion=entropy, max_depth=10, min_samples_leaf=2, min_samples_split=2, splitter=best; total time=   3.9s
[CV] END criterion=entropy, max_depth=10, min_samples_leaf=2, min_samples_split=2, splitter=best; total time=   4.0s
[CV] END criterion=entropy, max_depth=20, min_samples_leaf=2, min_samples_split=5, splitter=random; total time=   0.6s
[CV] END criterion=entropy, max_depth=20, min_samples_leaf=2, min_samples_split=5, splitter=random; total time=   0.6s
[CV] END criterion=entropy, max_depth=20, min_samples_leaf=2, min_samples_split=5, splitter=random; total time=   0.6s
[CV] END criterion=gini, max_depth=5, min_samples_leaf=2, min_samples_split=10, splitter=best; total time=   2.4s
[CV] END criterion=gini, max_depth=5, min_samples_leaf=2, min_samples_split=10, splitter=best; total time=   2.4s
[CV] END criterion=gini, max_depth=5, min_samples_leaf=2, min_samples_split=10, splitter=best; total time=   2.5s
[CV] END criterion=entropy, max_depth=None, min_samples_leaf=8, min_samples_split=2, splitter=random; total time=   0.6s
[CV] END criterion=entropy, max_depth=None, min_samples_leaf=8, min_samples_split=2, splitter=random; total time=   0.5s
[CV] END criterion=entropy, max_depth=None, min_samples_leaf=8, min_samples_split=2, splitter=random; total time=   0.6s
[CV] END criterion=gini, max_depth=30, min_samples_leaf=1, min_samples_split=5, splitter=best; total time=   6.3s
[CV] END criterion=gini, max_depth=30, min_samples_leaf=1, min_samples_split=5, splitter=best; total time=   6.0s
[CV] END criterion=gini, max_depth=30, min_samples_leaf=1, min_samples_split=5, splitter=best; total time=   5.8s
[CV] END criterion=gini, max_depth=10, min_samples_leaf=1, min_samples_split=5, splitter=best; total time=   4.3s
[CV] END criterion=gini, max_depth=10, min_samples_leaf=1, min_samples_split=5, splitter=best; total time=   4.0s
[CV] END criterion=gini, max_depth=10, min_samples_leaf=1, min_samples_split=5, splitter=best; total time=   3.9s
[CV] END criterion=gini, max_depth=30, min_samples_leaf=2, min_samples_split=5, splitter=best; total time=   6.1s
[CV] END criterion=gini, max_depth=30, min_samples_leaf=2, min_samples_split=5, splitter=best; total time=   5.7s
[CV] END criterion=gini, max_depth=30, min_samples_leaf=2, min_samples_split=5, splitter=best; total time=   5.7s
[CV] END criterion=gini, max_depth=30, min_samples_leaf=1, min_samples_split=20, splitter=best; total time=   6.3s
[CV] END criterion=gini, max_depth=30, min_samples_leaf=1, min_samples_split=20, splitter=best; total time=   5.8s
[CV] END criterion=gini, max_depth=30, min_samples_leaf=1, min_samples_split=20, splitter=best; total time=   5.7s
[CV] END criterion=entropy, max_depth=None, min_samples_leaf=4, min_samples_split=2, splitter=random; total time=   0.5s
[CV] END criterion=entropy, max_depth=None, min_samples_leaf=4, min_samples_split=2, splitter=random; total time=   0.5s
[CV] END criterion=entropy, max_depth=None, min_samples_leaf=4, min_samples_split=2, splitter=random; total time=   0.5s
[CV] END criterion=entropy, max_depth=30, min_samples_leaf=1, min_samples_split=2, splitter=random; total time=   0.5s
[CV] END criterion=entropy, max_depth=30, min_samples_leaf=1, min_samples_split=2, splitter=random; total time=   0.5s
[CV] END criterion=entropy, max_depth=30, min_samples_leaf=1, min_samples_split=2, splitter=random; total time=   0.5s
[CV] END criterion=entropy, max_depth=30, min_samples_leaf=1, min_samples_split=5, splitter=random; total time=   0.6s
[CV] END criterion=entropy, max_depth=30, min_samples_leaf=1, min_samples_split=5, splitter=random; total time=   0.5s
[CV] END criterion=entropy, max_depth=30, min_samples_leaf=1, min_samples_split=5, splitter=random; total time=   0.5s
[CV] END criterion=gini, max_depth=5, min_samples_leaf=1, min_samples_split=2, splitter=best; total time=   2.4s
[CV] END criterion=gini, max_depth=5, min_samples_leaf=1, min_samples_split=2, splitter=best; total time=   2.4s
[CV] END criterion=gini, max_depth=5, min_samples_leaf=1, min_samples_split=2, splitter=best; total time=   2.5s
[CV] END criterion=gini, max_depth=5, min_samples_leaf=16, min_samples_split=50, splitter=random; total time=   0.4s
[CV] END criterion=gini, max_depth=5, min_samples_leaf=16, min_samples_split=50, splitter=random; total time=   0.4s
[CV] END criterion=gini, max_depth=5, min_samples_leaf=16, min_samples_split=50, splitter=random; total time=   0.4s
    │  Best CV F1-weighted : 0.999695
    │  Best params         : {'splitter': 'random', 'min_samples_split': 5, 'min_samples_leaf': 2, 'max_depth': 20, 'criterion': 'entropy'}
    │  Total tuning time   : 167.8s
    └─ Saved: models/multiclass_seed45_DecisionTree.pkl

  ────────────────────────────────────────────────────────
  Seed 46  |  task=multiclass
  ────────────────────────────────────────────────────────
  Train: 334,364 samples  |  Test: 143,299 samples

  [28/30] task=multiclass  seed=46  model=RandomForest

    ┌─ RandomForest [CPU]
    │  Fitting 20 candidates × 3 folds = 60 fits …
Fitting 3 folds for each of 20 candidates, totalling 60 fits
[CV] END max_depth=50, max_features=0.4, min_samples_leaf=1, min_samples_split=10, n_estimators=100; total time=   6.4s
[CV] END max_depth=50, max_features=0.4, min_samples_leaf=1, min_samples_split=10, n_estimators=100; total time=   7.0s
[CV] END max_depth=50, max_features=0.4, min_samples_leaf=1, min_samples_split=10, n_estimators=100; total time=   6.6s
[CV] END max_depth=20, max_features=0.2, min_samples_leaf=8, min_samples_split=2, n_estimators=200; total time=   5.9s
[CV] END max_depth=20, max_features=0.2, min_samples_leaf=8, min_samples_split=2, n_estimators=200; total time=   6.2s
[CV] END max_depth=20, max_features=0.2, min_samples_leaf=8, min_samples_split=2, n_estimators=200; total time=   6.0s
[CV] END max_depth=30, max_features=0.6, min_samples_leaf=16, min_samples_split=15, n_estimators=100; total time=  10.6s
[CV] END max_depth=30, max_features=0.6, min_samples_leaf=16, min_samples_split=15, n_estimators=100; total time=  10.8s
[CV] END max_depth=30, max_features=0.6, min_samples_leaf=16, min_samples_split=15, n_estimators=100; total time=  10.9s
[CV] END max_depth=30, max_features=0.6, min_samples_leaf=8, min_samples_split=2, n_estimators=200; total time=  19.5s
[CV] END max_depth=30, max_features=0.6, min_samples_leaf=8, min_samples_split=2, n_estimators=200; total time=  20.0s
[CV] END max_depth=30, max_features=0.6, min_samples_leaf=8, min_samples_split=2, n_estimators=200; total time=  20.1s
[CV] END max_depth=10, max_features=sqrt, min_samples_leaf=2, min_samples_split=5, n_estimators=500; total time=   9.1s
[CV] END max_depth=10, max_features=sqrt, min_samples_leaf=2, min_samples_split=5, n_estimators=500; total time=   9.4s
[CV] END max_depth=10, max_features=sqrt, min_samples_leaf=2, min_samples_split=5, n_estimators=500; total time=   9.3s
[CV] END max_depth=20, max_features=sqrt, min_samples_leaf=8, min_samples_split=15, n_estimators=100; total time=   2.4s
[CV] END max_depth=20, max_features=sqrt, min_samples_leaf=8, min_samples_split=15, n_estimators=100; total time=   2.3s
[CV] END max_depth=20, max_features=sqrt, min_samples_leaf=8, min_samples_split=15, n_estimators=100; total time=   2.5s
[CV] END max_depth=30, max_features=0.6, min_samples_leaf=8, min_samples_split=5, n_estimators=700; total time= 1.1min
[CV] END max_depth=30, max_features=0.6, min_samples_leaf=8, min_samples_split=5, n_estimators=700; total time= 1.1min
[CV] END max_depth=30, max_features=0.6, min_samples_leaf=8, min_samples_split=5, n_estimators=700; total time= 1.1min
[CV] END max_depth=50, max_features=0.6, min_samples_leaf=1, min_samples_split=20, n_estimators=700; total time= 1.1min
[CV] END max_depth=50, max_features=0.6, min_samples_leaf=1, min_samples_split=20, n_estimators=700; total time= 1.1min
[CV] END max_depth=50, max_features=0.6, min_samples_leaf=1, min_samples_split=20, n_estimators=700; total time= 1.1min
[CV] END max_depth=50, max_features=0.2, min_samples_leaf=2, min_samples_split=20, n_estimators=100; total time=   3.3s
[CV] END max_depth=50, max_features=0.2, min_samples_leaf=2, min_samples_split=20, n_estimators=100; total time=   3.3s
[CV] END max_depth=50, max_features=0.2, min_samples_leaf=2, min_samples_split=20, n_estimators=100; total time=   3.3s
[CV] END max_depth=50, max_features=log2, min_samples_leaf=4, min_samples_split=15, n_estimators=100; total time=   2.1s
[CV] END max_depth=50, max_features=log2, min_samples_leaf=4, min_samples_split=15, n_estimators=100; total time=   2.1s
[CV] END max_depth=50, max_features=log2, min_samples_leaf=4, min_samples_split=15, n_estimators=100; total time=   2.0s
[CV] END max_depth=None, max_features=0.6, min_samples_leaf=2, min_samples_split=15, n_estimators=700; total time= 1.1min
[CV] END max_depth=None, max_features=0.6, min_samples_leaf=2, min_samples_split=15, n_estimators=700; total time= 1.1min
[CV] END max_depth=None, max_features=0.6, min_samples_leaf=2, min_samples_split=15, n_estimators=700; total time= 1.1min
[CV] END max_depth=50, max_features=0.2, min_samples_leaf=8, min_samples_split=20, n_estimators=300; total time=   8.8s
[CV] END max_depth=50, max_features=0.2, min_samples_leaf=8, min_samples_split=20, n_estimators=300; total time=   8.9s
[CV] END max_depth=50, max_features=0.2, min_samples_leaf=8, min_samples_split=20, n_estimators=300; total time=   8.8s
[CV] END max_depth=10, max_features=log2, min_samples_leaf=4, min_samples_split=20, n_estimators=500; total time=   8.0s
[CV] END max_depth=10, max_features=log2, min_samples_leaf=4, min_samples_split=20, n_estimators=500; total time=   8.1s
[CV] END max_depth=10, max_features=log2, min_samples_leaf=4, min_samples_split=20, n_estimators=500; total time=   8.1s
[CV] END max_depth=10, max_features=log2, min_samples_leaf=2, min_samples_split=15, n_estimators=100; total time=   1.9s
[CV] END max_depth=10, max_features=log2, min_samples_leaf=2, min_samples_split=15, n_estimators=100; total time=   2.0s
[CV] END max_depth=10, max_features=log2, min_samples_leaf=2, min_samples_split=15, n_estimators=100; total time=   2.0s
[CV] END max_depth=None, max_features=0.6, min_samples_leaf=16, min_samples_split=10, n_estimators=100; total time=  10.3s
[CV] END max_depth=None, max_features=0.6, min_samples_leaf=16, min_samples_split=10, n_estimators=100; total time=  10.7s
[CV] END max_depth=None, max_features=0.6, min_samples_leaf=16, min_samples_split=10, n_estimators=100; total time=  11.2s
[CV] END max_depth=None, max_features=0.2, min_samples_leaf=8, min_samples_split=10, n_estimators=100; total time=   3.2s
[CV] END max_depth=None, max_features=0.2, min_samples_leaf=8, min_samples_split=10, n_estimators=100; total time=   3.4s
[CV] END max_depth=None, max_features=0.2, min_samples_leaf=8, min_samples_split=10, n_estimators=100; total time=   3.4s
[CV] END max_depth=20, max_features=0.6, min_samples_leaf=4, min_samples_split=20, n_estimators=300; total time=  28.8s
[CV] END max_depth=20, max_features=0.6, min_samples_leaf=4, min_samples_split=20, n_estimators=300; total time=  29.6s
[CV] END max_depth=20, max_features=0.6, min_samples_leaf=4, min_samples_split=20, n_estimators=300; total time=  29.1s
[CV] END max_depth=10, max_features=sqrt, min_samples_leaf=1, min_samples_split=15, n_estimators=300; total time=   5.5s
[CV] END max_depth=10, max_features=sqrt, min_samples_leaf=1, min_samples_split=15, n_estimators=300; total time=   5.7s
[CV] END max_depth=10, max_features=sqrt, min_samples_leaf=1, min_samples_split=15, n_estimators=300; total time=   5.7s
[CV] END max_depth=50, max_features=log2, min_samples_leaf=2, min_samples_split=20, n_estimators=700; total time=  11.7s
[CV] END max_depth=50, max_features=log2, min_samples_leaf=2, min_samples_split=20, n_estimators=700; total time=  11.9s
[CV] END max_depth=50, max_features=log2, min_samples_leaf=2, min_samples_split=20, n_estimators=700; total time=  11.8s
[CV] END max_depth=50, max_features=0.6, min_samples_leaf=1, min_samples_split=15, n_estimators=200; total time=  19.6s
[CV] END max_depth=50, max_features=0.6, min_samples_leaf=1, min_samples_split=15, n_estimators=200; total time=  20.3s
[CV] END max_depth=50, max_features=0.6, min_samples_leaf=1, min_samples_split=15, n_estimators=200; total time=  20.2s
    │  Best CV F1-weighted : 0.999910
    │  Best params         : {'n_estimators': 100, 'min_samples_split': 10, 'min_samples_leaf': 1, 'max_features': 0.4, 'max_depth': 50}
    │  Total tuning time   : 1085.7s
    └─ Saved: models/multiclass_seed46_RandomForest.pkl

  [29/30] task=multiclass  seed=46  model=XGBoost

    ┌─ XGBoost [GPU]
    │  Fitting 20 candidates × 3 folds = 60 fits …
Fitting 3 folds for each of 20 candidates, totalling 60 fits
[CV] END colsample_bytree=1.0, gamma=1.0, learning_rate=0.3, max_depth=5, n_estimators=500, subsample=1.0; total time=   3.7s
[CV] END colsample_bytree=1.0, gamma=1.0, learning_rate=0.3, max_depth=5, n_estimators=500, subsample=1.0; total time=   3.4s
[CV] END colsample_bytree=1.0, gamma=1.0, learning_rate=0.3, max_depth=5, n_estimators=500, subsample=1.0; total time=   3.5s
[CV] END colsample_bytree=0.8, gamma=0.05, learning_rate=0.01, max_depth=12, n_estimators=200, subsample=0.6; total time=   3.8s
[CV] END colsample_bytree=0.8, gamma=0.05, learning_rate=0.01, max_depth=12, n_estimators=200, subsample=0.6; total time=   3.7s
[CV] END colsample_bytree=0.8, gamma=0.05, learning_rate=0.01, max_depth=12, n_estimators=200, subsample=0.6; total time=   3.8s
[CV] END colsample_bytree=1.0, gamma=0.1, learning_rate=0.01, max_depth=12, n_estimators=300, subsample=1.0; total time=   5.8s
[CV] END colsample_bytree=1.0, gamma=0.1, learning_rate=0.01, max_depth=12, n_estimators=300, subsample=1.0; total time=   5.9s
[CV] END colsample_bytree=1.0, gamma=0.1, learning_rate=0.01, max_depth=12, n_estimators=300, subsample=1.0; total time=   5.9s
[CV] END colsample_bytree=0.8, gamma=0.1, learning_rate=0.01, max_depth=5, n_estimators=400, subsample=0.5; total time=   5.9s
[CV] END colsample_bytree=0.8, gamma=0.1, learning_rate=0.01, max_depth=5, n_estimators=400, subsample=0.5; total time=   5.7s
[CV] END colsample_bytree=0.8, gamma=0.1, learning_rate=0.01, max_depth=5, n_estimators=400, subsample=0.5; total time=   5.8s
[CV] END colsample_bytree=0.5, gamma=0.5, learning_rate=0.3, max_depth=12, n_estimators=400, subsample=0.5; total time=   3.5s
[CV] END colsample_bytree=0.5, gamma=0.5, learning_rate=0.3, max_depth=12, n_estimators=400, subsample=0.5; total time=   3.3s
[CV] END colsample_bytree=0.5, gamma=0.5, learning_rate=0.3, max_depth=12, n_estimators=400, subsample=0.5; total time=   3.4s
[CV] END colsample_bytree=0.5, gamma=0.5, learning_rate=0.3, max_depth=9, n_estimators=100, subsample=0.6; total time=   1.2s
[CV] END colsample_bytree=0.5, gamma=0.5, learning_rate=0.3, max_depth=9, n_estimators=100, subsample=0.6; total time=   1.2s
[CV] END colsample_bytree=0.5, gamma=0.5, learning_rate=0.3, max_depth=9, n_estimators=100, subsample=0.6; total time=   1.2s
[CV] END colsample_bytree=0.5, gamma=0.05, learning_rate=0.01, max_depth=5, n_estimators=200, subsample=0.9; total time=   3.0s
[CV] END colsample_bytree=0.5, gamma=0.05, learning_rate=0.01, max_depth=5, n_estimators=200, subsample=0.9; total time=   2.9s
[CV] END colsample_bytree=0.5, gamma=0.05, learning_rate=0.01, max_depth=5, n_estimators=200, subsample=0.9; total time=   2.9s
[CV] END colsample_bytree=0.6, gamma=0.05, learning_rate=0.01, max_depth=5, n_estimators=300, subsample=0.8; total time=   4.5s
[CV] END colsample_bytree=0.6, gamma=0.05, learning_rate=0.01, max_depth=5, n_estimators=300, subsample=0.8; total time=   4.4s
[CV] END colsample_bytree=0.6, gamma=0.05, learning_rate=0.01, max_depth=5, n_estimators=300, subsample=0.8; total time=   4.4s
[CV] END colsample_bytree=0.6, gamma=0.05, learning_rate=0.05, max_depth=7, n_estimators=200, subsample=0.9; total time=   3.4s
[CV] END colsample_bytree=0.6, gamma=0.05, learning_rate=0.05, max_depth=7, n_estimators=200, subsample=0.9; total time=   3.3s
[CV] END colsample_bytree=0.6, gamma=0.05, learning_rate=0.05, max_depth=7, n_estimators=200, subsample=0.9; total time=   3.4s
[CV] END colsample_bytree=0.6, gamma=0.5, learning_rate=0.2, max_depth=7, n_estimators=300, subsample=0.6; total time=   2.8s
[CV] END colsample_bytree=0.6, gamma=0.5, learning_rate=0.2, max_depth=7, n_estimators=300, subsample=0.6; total time=   2.6s
[CV] END colsample_bytree=0.6, gamma=0.5, learning_rate=0.2, max_depth=7, n_estimators=300, subsample=0.6; total time=   2.7s
[CV] END colsample_bytree=0.5, gamma=0.5, learning_rate=0.3, max_depth=9, n_estimators=200, subsample=1.0; total time=   1.9s
[CV] END colsample_bytree=0.5, gamma=0.5, learning_rate=0.3, max_depth=9, n_estimators=200, subsample=1.0; total time=   1.8s
[CV] END colsample_bytree=0.5, gamma=0.5, learning_rate=0.3, max_depth=9, n_estimators=200, subsample=1.0; total time=   1.8s
[CV] END colsample_bytree=0.8, gamma=0.05, learning_rate=0.05, max_depth=12, n_estimators=500, subsample=0.5; total time=   6.5s
[CV] END colsample_bytree=0.8, gamma=0.05, learning_rate=0.05, max_depth=12, n_estimators=500, subsample=0.5; total time=   6.4s
[CV] END colsample_bytree=0.8, gamma=0.05, learning_rate=0.05, max_depth=12, n_estimators=500, subsample=0.5; total time=   6.6s
[CV] END colsample_bytree=1.0, gamma=1.0, learning_rate=0.01, max_depth=9, n_estimators=200, subsample=0.9; total time=   3.5s
[CV] END colsample_bytree=1.0, gamma=1.0, learning_rate=0.01, max_depth=9, n_estimators=200, subsample=0.9; total time=   3.4s
[CV] END colsample_bytree=1.0, gamma=1.0, learning_rate=0.01, max_depth=9, n_estimators=200, subsample=0.9; total time=   3.5s
[CV] END colsample_bytree=0.9, gamma=0.1, learning_rate=0.1, max_depth=3, n_estimators=200, subsample=0.8; total time=   2.5s
[CV] END colsample_bytree=0.9, gamma=0.1, learning_rate=0.1, max_depth=3, n_estimators=200, subsample=0.8; total time=   2.3s
[CV] END colsample_bytree=0.9, gamma=0.1, learning_rate=0.1, max_depth=3, n_estimators=200, subsample=0.8; total time=   2.4s
[CV] END colsample_bytree=0.9, gamma=0.5, learning_rate=0.01, max_depth=9, n_estimators=300, subsample=0.6; total time=   5.2s
[CV] END colsample_bytree=0.9, gamma=0.5, learning_rate=0.01, max_depth=9, n_estimators=300, subsample=0.6; total time=   5.0s
[CV] END colsample_bytree=0.9, gamma=0.5, learning_rate=0.01, max_depth=9, n_estimators=300, subsample=0.6; total time=   5.1s
[CV] END colsample_bytree=0.5, gamma=0, learning_rate=0.3, max_depth=5, n_estimators=400, subsample=1.0; total time=   4.0s
[CV] END colsample_bytree=0.5, gamma=0, learning_rate=0.3, max_depth=5, n_estimators=400, subsample=1.0; total time=   3.9s
[CV] END colsample_bytree=0.5, gamma=0, learning_rate=0.3, max_depth=5, n_estimators=400, subsample=1.0; total time=   3.9s
[CV] END colsample_bytree=0.9, gamma=0.1, learning_rate=0.2, max_depth=5, n_estimators=300, subsample=1.0; total time=   2.6s
[CV] END colsample_bytree=0.9, gamma=0.1, learning_rate=0.2, max_depth=5, n_estimators=300, subsample=1.0; total time=   2.5s
[CV] END colsample_bytree=0.9, gamma=0.1, learning_rate=0.2, max_depth=5, n_estimators=300, subsample=1.0; total time=   2.6s
[CV] END colsample_bytree=1.0, gamma=0, learning_rate=0.3, max_depth=12, n_estimators=300, subsample=0.6; total time=   3.1s
[CV] END colsample_bytree=1.0, gamma=0, learning_rate=0.3, max_depth=12, n_estimators=300, subsample=0.6; total time=   3.0s
[CV] END colsample_bytree=1.0, gamma=0, learning_rate=0.3, max_depth=12, n_estimators=300, subsample=0.6; total time=   3.1s
[CV] END colsample_bytree=0.8, gamma=1.0, learning_rate=0.05, max_depth=12, n_estimators=200, subsample=0.8; total time=   2.9s
[CV] END colsample_bytree=0.8, gamma=1.0, learning_rate=0.05, max_depth=12, n_estimators=200, subsample=0.8; total time=   2.8s
[CV] END colsample_bytree=0.8, gamma=1.0, learning_rate=0.05, max_depth=12, n_estimators=200, subsample=0.8; total time=   3.0s
[CV] END colsample_bytree=0.8, gamma=1.0, learning_rate=0.01, max_depth=7, n_estimators=100, subsample=0.8; total time=   1.7s
[CV] END colsample_bytree=0.8, gamma=1.0, learning_rate=0.01, max_depth=7, n_estimators=100, subsample=0.8; total time=   1.7s
[CV] END colsample_bytree=0.8, gamma=1.0, learning_rate=0.01, max_depth=7, n_estimators=100, subsample=0.8; total time=   1.7s
    │  Best CV F1-weighted : 0.999925
    │  Best params         : {'subsample': 0.5, 'n_estimators': 500, 'max_depth': 12, 'learning_rate': 0.05, 'gamma': 0.05, 'colsample_bytree': 0.8}
    │  Total tuning time   : 221.8s
    └─ Saved: models/multiclass_seed46_XGBoost.pkl

  [30/30] task=multiclass  seed=46  model=DecisionTree

    ┌─ DecisionTree [CPU]
    │  Fitting 20 candidates × 3 folds = 60 fits …
Fitting 3 folds for each of 20 candidates, totalling 60 fits
[CV] END criterion=gini, max_depth=20, min_samples_leaf=1, min_samples_split=5, splitter=random; total time=   0.8s
[CV] END criterion=gini, max_depth=20, min_samples_leaf=1, min_samples_split=5, splitter=random; total time=   0.8s
[CV] END criterion=gini, max_depth=20, min_samples_leaf=1, min_samples_split=5, splitter=random; total time=   0.9s
[CV] END criterion=gini, max_depth=30, min_samples_leaf=4, min_samples_split=10, splitter=best; total time=   5.3s
[CV] END criterion=gini, max_depth=30, min_samples_leaf=4, min_samples_split=10, splitter=best; total time=   5.2s
[CV] END criterion=gini, max_depth=30, min_samples_leaf=4, min_samples_split=10, splitter=best; total time=   5.6s
[CV] END criterion=gini, max_depth=10, min_samples_leaf=1, min_samples_split=50, splitter=best; total time=   4.0s
[CV] END criterion=gini, max_depth=10, min_samples_leaf=1, min_samples_split=50, splitter=best; total time=   4.1s
[CV] END criterion=gini, max_depth=10, min_samples_leaf=1, min_samples_split=50, splitter=best; total time=   4.0s
[CV] END criterion=gini, max_depth=30, min_samples_leaf=16, min_samples_split=20, splitter=random; total time=   0.7s
[CV] END criterion=gini, max_depth=30, min_samples_leaf=16, min_samples_split=20, splitter=random; total time=   0.7s
[CV] END criterion=gini, max_depth=30, min_samples_leaf=16, min_samples_split=20, splitter=random; total time=   0.8s
[CV] END criterion=gini, max_depth=20, min_samples_leaf=2, min_samples_split=10, splitter=random; total time=   0.6s
[CV] END criterion=gini, max_depth=20, min_samples_leaf=2, min_samples_split=10, splitter=random; total time=   0.6s
[CV] END criterion=gini, max_depth=20, min_samples_leaf=2, min_samples_split=10, splitter=random; total time=   0.7s
[CV] END criterion=entropy, max_depth=5, min_samples_leaf=1, min_samples_split=10, splitter=random; total time=   0.4s
[CV] END criterion=entropy, max_depth=5, min_samples_leaf=1, min_samples_split=10, splitter=random; total time=   0.4s
[CV] END criterion=entropy, max_depth=5, min_samples_leaf=1, min_samples_split=10, splitter=random; total time=   0.4s
[CV] END criterion=entropy, max_depth=10, min_samples_leaf=8, min_samples_split=5, splitter=best; total time=   4.2s
[CV] END criterion=entropy, max_depth=10, min_samples_leaf=8, min_samples_split=5, splitter=best; total time=   3.9s
[CV] END criterion=entropy, max_depth=10, min_samples_leaf=8, min_samples_split=5, splitter=best; total time=   4.1s
[CV] END criterion=gini, max_depth=None, min_samples_leaf=2, min_samples_split=2, splitter=best; total time=   5.9s
[CV] END criterion=gini, max_depth=None, min_samples_leaf=2, min_samples_split=2, splitter=best; total time=   5.5s
[CV] END criterion=gini, max_depth=None, min_samples_leaf=2, min_samples_split=2, splitter=best; total time=   6.1s
[CV] END criterion=gini, max_depth=5, min_samples_leaf=1, min_samples_split=20, splitter=best; total time=   2.5s
[CV] END criterion=gini, max_depth=5, min_samples_leaf=1, min_samples_split=20, splitter=best; total time=   2.5s
[CV] END criterion=gini, max_depth=5, min_samples_leaf=1, min_samples_split=20, splitter=best; total time=   2.5s
[CV] END criterion=gini, max_depth=5, min_samples_leaf=1, min_samples_split=10, splitter=random; total time=   0.4s
[CV] END criterion=gini, max_depth=5, min_samples_leaf=1, min_samples_split=10, splitter=random; total time=   0.4s
[CV] END criterion=gini, max_depth=5, min_samples_leaf=1, min_samples_split=10, splitter=random; total time=   0.5s
[CV] END criterion=entropy, max_depth=5, min_samples_leaf=1, min_samples_split=50, splitter=best; total time=   3.1s
[CV] END criterion=entropy, max_depth=5, min_samples_leaf=1, min_samples_split=50, splitter=best; total time=   3.1s
[CV] END criterion=entropy, max_depth=5, min_samples_leaf=1, min_samples_split=50, splitter=best; total time=   3.1s
[CV] END criterion=entropy, max_depth=None, min_samples_leaf=8, min_samples_split=5, splitter=best; total time=   4.4s
[CV] END criterion=entropy, max_depth=None, min_samples_leaf=8, min_samples_split=5, splitter=best; total time=   4.2s
[CV] END criterion=entropy, max_depth=None, min_samples_leaf=8, min_samples_split=5, splitter=best; total time=   4.4s
[CV] END criterion=gini, max_depth=10, min_samples_leaf=8, min_samples_split=5, splitter=best; total time=   4.3s
[CV] END criterion=gini, max_depth=10, min_samples_leaf=8, min_samples_split=5, splitter=best; total time=   4.5s
[CV] END criterion=gini, max_depth=10, min_samples_leaf=8, min_samples_split=5, splitter=best; total time=   4.2s
[CV] END criterion=gini, max_depth=10, min_samples_leaf=16, min_samples_split=5, splitter=random; total time=   0.7s
[CV] END criterion=gini, max_depth=10, min_samples_leaf=16, min_samples_split=5, splitter=random; total time=   0.7s
[CV] END criterion=gini, max_depth=10, min_samples_leaf=16, min_samples_split=5, splitter=random; total time=   0.8s
[CV] END criterion=entropy, max_depth=10, min_samples_leaf=1, min_samples_split=5, splitter=random; total time=   0.6s
[CV] END criterion=entropy, max_depth=10, min_samples_leaf=1, min_samples_split=5, splitter=random; total time=   0.6s
[CV] END criterion=entropy, max_depth=10, min_samples_leaf=1, min_samples_split=5, splitter=random; total time=   0.6s
[CV] END criterion=gini, max_depth=5, min_samples_leaf=4, min_samples_split=20, splitter=random; total time=   0.4s
[CV] END criterion=gini, max_depth=5, min_samples_leaf=4, min_samples_split=20, splitter=random; total time=   0.5s
[CV] END criterion=gini, max_depth=5, min_samples_leaf=4, min_samples_split=20, splitter=random; total time=   0.4s
[CV] END criterion=entropy, max_depth=10, min_samples_leaf=4, min_samples_split=50, splitter=best; total time=   4.6s
[CV] END criterion=entropy, max_depth=10, min_samples_leaf=4, min_samples_split=50, splitter=best; total time=   4.3s
[CV] END criterion=entropy, max_depth=10, min_samples_leaf=4, min_samples_split=50, splitter=best; total time=   4.5s
[CV] END criterion=entropy, max_depth=5, min_samples_leaf=1, min_samples_split=10, splitter=best; total time=   3.2s
[CV] END criterion=entropy, max_depth=5, min_samples_leaf=1, min_samples_split=10, splitter=best; total time=   3.2s
[CV] END criterion=entropy, max_depth=5, min_samples_leaf=1, min_samples_split=10, splitter=best; total time=   3.2s
[CV] END criterion=entropy, max_depth=10, min_samples_leaf=16, min_samples_split=5, splitter=best; total time=   4.6s
[CV] END criterion=entropy, max_depth=10, min_samples_leaf=16, min_samples_split=5, splitter=best; total time=   4.1s
[CV] END criterion=entropy, max_depth=10, min_samples_leaf=16, min_samples_split=5, splitter=best; total time=   4.4s
[CV] END criterion=entropy, max_depth=None, min_samples_leaf=4, min_samples_split=10, splitter=random; total time=   0.6s
[CV] END criterion=entropy, max_depth=None, min_samples_leaf=4, min_samples_split=10, splitter=random; total time=   0.7s
[CV] END criterion=entropy, max_depth=None, min_samples_leaf=4, min_samples_split=10, splitter=random; total time=   0.6s
    │  Best CV F1-weighted : 0.999698
    │  Best params         : {'splitter': 'best', 'min_samples_split': 2, 'min_samples_leaf': 2, 'max_depth': None, 'criterion': 'gini'}
    │  Total tuning time   : 163.2s
    └─ Saved: models/multiclass_seed46_DecisionTree.pkl

================================================================
  TUNING COMPLETE
================================================================
  Models saved to : /home/agentic/newpaperADG/models/
  Best params JSON: /home/agentic/newpaperADG/models/best_params.json
  Total time      : 219.1 min  (13147s)
  Finished        : 2026-07-16 20:25:48


>>> [3/3] EVALUATION & PLOTS
----------------------------------------------------------------

================================================================
  CICIDS2017 — EVALUATION SCRIPT
================================================================
  Started: 2026-07-16 20:25:50

  Loading cached arrays from data_cache/ …
  X: (477663, 46)  features: 46

================================================================
  EVALUATING: BINARY
================================================================

  Seed 42  |  task=binary

  [1/30] binary | seed=42 | RandomForest
    Model loaded from: models/binary_seed42_RandomForest.pkl
    Acc=1.0000  Prec=1.0000  Rec=1.0000  F1=1.0000  AUC=1.0000  inf=0.102s

  [2/30] binary | seed=42 | XGBoost
    Model loaded from: models/binary_seed42_XGBoost.pkl
    Acc=1.0000  Prec=1.0000  Rec=1.0000  F1=1.0000  AUC=1.0000  inf=0.095s

  [3/30] binary | seed=42 | DecisionTree
    Model loaded from: models/binary_seed42_DecisionTree.pkl
    Acc=0.9998  Prec=0.9998  Rec=0.9998  F1=0.9998  AUC=0.9998  inf=0.012s

  Seed 43  |  task=binary

  [4/30] binary | seed=43 | RandomForest
    Model loaded from: models/binary_seed43_RandomForest.pkl
    Acc=1.0000  Prec=1.0000  Rec=1.0000  F1=1.0000  AUC=1.0000  inf=0.169s

  [5/30] binary | seed=43 | XGBoost
    Model loaded from: models/binary_seed43_XGBoost.pkl
    Acc=1.0000  Prec=1.0000  Rec=1.0000  F1=1.0000  AUC=1.0000  inf=0.068s

  [6/30] binary | seed=43 | DecisionTree
    Model loaded from: models/binary_seed43_DecisionTree.pkl
    Acc=0.9999  Prec=0.9999  Rec=0.9999  F1=0.9999  AUC=0.9999  inf=0.012s

  Seed 44  |  task=binary

  [7/30] binary | seed=44 | RandomForest
    Model loaded from: models/binary_seed44_RandomForest.pkl
    Acc=1.0000  Prec=1.0000  Rec=1.0000  F1=1.0000  AUC=1.0000  inf=0.169s

  [8/30] binary | seed=44 | XGBoost
    Model loaded from: models/binary_seed44_XGBoost.pkl
    Acc=1.0000  Prec=1.0000  Rec=1.0000  F1=1.0000  AUC=1.0000  inf=0.069s

  [9/30] binary | seed=44 | DecisionTree
    Model loaded from: models/binary_seed44_DecisionTree.pkl
    Acc=0.9999  Prec=0.9999  Rec=0.9999  F1=0.9999  AUC=0.9999  inf=0.010s

  Seed 45  |  task=binary

  [10/30] binary | seed=45 | RandomForest
    Model loaded from: models/binary_seed45_RandomForest.pkl
    Acc=1.0000  Prec=1.0000  Rec=1.0000  F1=1.0000  AUC=1.0000  inf=0.231s

  [11/30] binary | seed=45 | XGBoost
    Model loaded from: models/binary_seed45_XGBoost.pkl
    Acc=1.0000  Prec=1.0000  Rec=1.0000  F1=1.0000  AUC=1.0000  inf=0.065s

  [12/30] binary | seed=45 | DecisionTree
    Model loaded from: models/binary_seed45_DecisionTree.pkl
    Acc=0.9998  Prec=0.9998  Rec=0.9998  F1=0.9998  AUC=0.9998  inf=0.011s

  Seed 46  |  task=binary

  [13/30] binary | seed=46 | RandomForest
    Model loaded from: models/binary_seed46_RandomForest.pkl
    Acc=1.0000  Prec=1.0000  Rec=1.0000  F1=1.0000  AUC=1.0000  inf=0.099s

  [14/30] binary | seed=46 | XGBoost
    Model loaded from: models/binary_seed46_XGBoost.pkl
    Acc=1.0000  Prec=1.0000  Rec=1.0000  F1=1.0000  AUC=1.0000  inf=0.053s

  [15/30] binary | seed=46 | DecisionTree
    Model loaded from: models/binary_seed46_DecisionTree.pkl
    Acc=0.9999  Prec=0.9999  Rec=0.9999  F1=0.9999  AUC=0.9999  inf=0.010s

================================================================
  EVALUATING: MULTICLASS
================================================================

  Seed 42  |  task=multiclass

  [16/30] multiclass | seed=42 | RandomForest
    Model loaded from: models/multiclass_seed42_RandomForest.pkl
    Acc=1.0000  Prec=1.0000  Rec=1.0000  F1=1.0000  AUC=1.0000  inf=0.147s

  [17/30] multiclass | seed=42 | XGBoost
    Model loaded from: models/multiclass_seed42_XGBoost.pkl
    Acc=1.0000  Prec=1.0000  Rec=1.0000  F1=1.0000  AUC=1.0000  inf=0.210s

  [18/30] multiclass | seed=42 | DecisionTree
    Model loaded from: models/multiclass_seed42_DecisionTree.pkl
    Acc=0.9998  Prec=0.9998  Rec=0.9998  F1=0.9998  AUC=0.9999  inf=0.010s

  Seed 43  |  task=multiclass

  [19/30] multiclass | seed=43 | RandomForest
    Model loaded from: models/multiclass_seed43_RandomForest.pkl
    Acc=0.9999  Prec=0.9999  Rec=0.9999  F1=0.9999  AUC=1.0000  inf=0.902s

  [20/30] multiclass | seed=43 | XGBoost
    Model loaded from: models/multiclass_seed43_XGBoost.pkl
    Acc=0.9999  Prec=0.9999  Rec=0.9999  F1=0.9999  AUC=1.0000  inf=0.194s

  [21/30] multiclass | seed=43 | DecisionTree
    Model loaded from: models/multiclass_seed43_DecisionTree.pkl
    Acc=0.9998  Prec=0.9998  Rec=0.9998  F1=0.9998  AUC=0.9998  inf=0.010s

  Seed 44  |  task=multiclass

  [22/30] multiclass | seed=44 | RandomForest
    Model loaded from: models/multiclass_seed44_RandomForest.pkl
    Acc=1.0000  Prec=1.0000  Rec=1.0000  F1=1.0000  AUC=1.0000  inf=0.961s

  [23/30] multiclass | seed=44 | XGBoost
    Model loaded from: models/multiclass_seed44_XGBoost.pkl
    Acc=1.0000  Prec=1.0000  Rec=1.0000  F1=1.0000  AUC=1.0000  inf=0.233s

  [24/30] multiclass | seed=44 | DecisionTree
    Model loaded from: models/multiclass_seed44_DecisionTree.pkl
    Acc=0.9997  Prec=0.9997  Rec=0.9997  F1=0.9997  AUC=0.9999  inf=0.013s

  Seed 45  |  task=multiclass

  [25/30] multiclass | seed=45 | RandomForest
    Model loaded from: models/multiclass_seed45_RandomForest.pkl
    Acc=1.0000  Prec=1.0000  Rec=1.0000  F1=1.0000  AUC=1.0000  inf=0.425s

  [26/30] multiclass | seed=45 | XGBoost
    Model loaded from: models/multiclass_seed45_XGBoost.pkl
    Acc=1.0000  Prec=1.0000  Rec=1.0000  F1=1.0000  AUC=1.0000  inf=0.211s

  [27/30] multiclass | seed=45 | DecisionTree
    Model loaded from: models/multiclass_seed45_DecisionTree.pkl
    Acc=0.9997  Prec=0.9997  Rec=0.9997  F1=0.9997  AUC=0.9999  inf=0.011s

  Seed 46  |  task=multiclass

  [28/30] multiclass | seed=46 | RandomForest
    Model loaded from: models/multiclass_seed46_RandomForest.pkl
    Acc=0.9999  Prec=0.9999  Rec=0.9999  F1=0.9999  AUC=1.0000  inf=0.158s

  [29/30] multiclass | seed=46 | XGBoost
    Model loaded from: models/multiclass_seed46_XGBoost.pkl
    Acc=1.0000  Prec=1.0000  Rec=1.0000  F1=1.0000  AUC=1.0000  inf=0.195s

  [30/30] multiclass | seed=46 | DecisionTree
    Model loaded from: models/multiclass_seed46_DecisionTree.pkl
    Acc=0.9998  Prec=0.9998  Rec=0.9998  F1=0.9998  AUC=0.9999  inf=0.014s

================================================================
  SAVING RESULTS
================================================================
  Raw results (30 rows) → output/all_results_raw.csv
  Summary table             → output/results_summary.csv

================================================================
  RESULTS SUMMARY  (mean ± std across 5 seeds)
================================================================
      task        model accuracy_mean±std precision_mean±std recall_mean±std     f1_mean±std roc_auc_mean±std  train_time_mean±std inference_time_mean±std
    binary DecisionTree   0.9999 ± 0.0001    0.9999 ± 0.0001 0.9999 ± 0.0001 0.9999 ± 0.0001  0.9999 ± 0.0001   135.4260 ± 27.0698         0.0111 ± 0.0011
    binary RandomForest   1.0000 ± 0.0000    1.0000 ± 0.0000 1.0000 ± 0.0000 1.0000 ± 0.0000  1.0000 ± 0.0000  982.2280 ± 240.2498         0.1542 ± 0.0552
    binary      XGBoost   1.0000 ± 0.0000    1.0000 ± 0.0000 1.0000 ± 0.0000 1.0000 ± 0.0000  1.0000 ± 0.0000     57.3980 ± 6.1228         0.0699 ± 0.0151
multiclass DecisionTree   0.9998 ± 0.0000    0.9998 ± 0.0000 0.9998 ± 0.0000 0.9998 ± 0.0000  0.9999 ± 0.0000   152.1840 ± 38.2304         0.0115 ± 0.0018
multiclass RandomForest   0.9999 ± 0.0000    0.9999 ± 0.0000 0.9999 ± 0.0000 0.9999 ± 0.0000  1.0000 ± 0.0000 1077.9880 ± 247.1779         0.5186 ± 0.3933
multiclass      XGBoost   1.0000 ± 0.0000    1.0000 ± 0.0000 1.0000 ± 0.0000 1.0000 ± 0.0000  1.0000 ± 0.0000   223.1220 ± 21.8407         0.2085 ± 0.0158

================================================================
  STATISTICAL TESTS — Wilcoxon Signed-Rank
================================================================

  Wilcoxon Signed-Rank Test  [binary]  (alpha=0.05)
    RandomForest vs XGBoost: stat=0.0000, p=0.5000  [not significant]
    RandomForest vs DecisionTree: stat=0.0000, p=0.0625  [not significant]
    XGBoost vs DecisionTree: stat=0.0000, p=0.0625  [not significant]

  Wilcoxon Signed-Rank Test  [multiclass]  (alpha=0.05)
    RandomForest vs XGBoost: stat=0.0000, p=0.0625  [not significant]
    RandomForest vs DecisionTree: stat=0.0000, p=0.0625  [not significant]
    XGBoost vs DecisionTree: stat=0.0000, p=0.0625  [not significant]

================================================================
  PLOTS  (from seed 46)
================================================================
    Saved: output/RandomForest_binary_confusion_matrix.png
    Saved: output/RandomForest_binary_feature_importance.png
    Saved: output/XGBoost_binary_confusion_matrix.png
    Saved: output/XGBoost_binary_feature_importance.png
    Saved: output/DecisionTree_binary_confusion_matrix.png
    Saved: output/RandomForest_multiclass_confusion_matrix.png
    Saved: output/RandomForest_multiclass_feature_importance.png
    Saved: output/XGBoost_multiclass_confusion_matrix.png
    Saved: output/XGBoost_multiclass_feature_importance.png
    Saved: output/DecisionTree_multiclass_confusion_matrix.png

================================================================
  EVALUATION COMPLETE
================================================================
  Output folder : /home/agentic/newpaperADG/output/
  Total time    : 21.3s
  Finished      : 2026-07-16 20:26:11


================================================================
  ALL DONE
  Finished: gio 16 lug 2026, 20:26:12, CEST
================================================================

